player_id,gw,xp,generated_at,source_version,prediction_tag
1,1,4.449988842010498,2026-08-19T05:53:09.944994+00:00,8c7e18eba1488dd5a7d4bdb00d4da0a75e895717,27579a5b-d52e-4b3a-b266-e21f946cedaf
1,2,3.575626850128174,2026-08-19T05:53:09.944994+00:00,8c7e18eba1488dd5a7d4bdb00d4da0a75e895717,27579a5b-d52e-4b3a-b266-e21f946cedaf
1,3,3.836812973022461,2026-08-19T05:53:09.944994+00:00,8c7e18eba1488dd5a7d4bdb00d4da0a75e895717,27579a5b-d52e-4b3a-b266-e21f946cedaf
1,4,4.100070476531982,2026-08-19T05:53:09.944994+00:00,8c7e18eba1488dd5a7d4bdb00d4da0a75e895717,27579a5b-d52e-4b3a-b266-e21f946cedaf
1,5,3.7819809913635254,2026-08-19T05:53:09.944994+00:00,8c7e18eba1488dd5a7d4bdb00d4da0a75e895717,27579a5b-d52e-4b3a-b266-e21f946cedaf
1,6,4.368077754974365,2026-08-19T05:53:09.944994+00:00,8c7e18eba1488dd5a7d4bdb00d4da0a75e895717,27579a5b-d52e-4b3a-b266-e21f946cedaf
1,7,4.008296012878418,2026-08-19T05:53:09.944994+00:00,8c7e18eba1488dd5a7d4bdb00d4da0a75e895717,27579a5b-d52e-4b3a-b266-e21f946cedaf
1,8,4.386618137359619,2026-08-19T05:53:09.944994+00:00,8c7e18eba1488dd5a7d4bdb00d4da0a75e895717,27579a5b-d52e-4b3a-b266-e21f946cedaf
2,1,0.9864137172698975,2026-08-19T05:53:09.944994+00:00,8c7e18eba1488dd5a7d4bdb00d4da0a75e895717,27579a5b-d52e-4b3a-b266-e21f946cedaf
2,2,0.9685268998146057,2026-08-19T05:53:09.944994+00:00,8c7e18eba1488dd5a7d4bdb00d4da0a75e895717,27579a5b-d52e-4b3a-b266-e21f946cedaf
2,3,0.9748679399490356,2026-08-19T05:53:09.944994+00:00,8c7e18eba1488dd5a7d4bdb00d4da0a75e895717,27579a5b-d52e-4b3a-b266-e21f946cedaf
2,4,0.9800799489021301,2026-08-19T05:53:09.944994+00:00,8c7e18eba1488dd5a7d4bdb00d4da0a75e895717,27579a5b-d52e-4b3a-b266-e21f946cedaf
2,5,0.9735077619552612,2026-08-19T05:53:09.944994+00:00,8c7e18eba1488dd5a7d4bdb00d4da0a75e895717,27579a5b-d52e-4b3a-b266-e21f946cedaf
2,6,0.9850097894668579,2026-08-19T05:53:09.944994+00:00,8c7e18eba1488dd5a7d4bdb00d4da0a75e895717,27579a5b-d52e-4b3a-b266-e21f946cedaf
2,7,0.97825688123703,2026-08-19T05:53:09.944994+00:00,8c7e18eba1488dd5a7d4bdb00d4da0a75e895717,27579a5b-d52e-4b3a-b266-e21f946cedaf
2,8,0.9852108359336853,2026-08-19T05:53:09.944994+00:00,8c7e18eba1488dd5a7d4bdb00d4da0a75e895717,27579a5b-d52e-4b3a-b266-e21f946cedaf
3,1,0.0,2026-08-19T05:53:09.944994+00:00,8c7e18eba1488dd5a7d4bdb00d4da0a75e895717,27579a5b-d52e-4b3a-b266-e21f946cedaf
3,2,0.0,2026-08-19T05:53:09.944994+00:00,8c7e18eba1488dd5a7d4bdb00d4da0a75e895717,27579a5b-d52e-4b3a-b266-e21f946cedaf
3,3,0.0,2026-08-19T05:53:09.944994+00:00,8c7e18eba1488dd5a7d4bdb00d4da0a75e895717,27579a5b-d52e-4b3a-b266-e21f946cedaf
3,4,0.0,2026-08-19T05:53:09.944994+00:00,8c7e18eba1488dd5a7d4bdb00d4da0a75e895717,27579a5b-d52e-4b3a-b266-e21f946cedaf
3,5,0.0,2026-08-19T05:53:09.944994+00:00,8c7e18eba1488dd5a7d4bdb00d4da0a75e895717,27579a5b-d52e-4b3a-b266-e21f946cedaf
3,6,0.0,2026-08-19T05:53:09.944994+00:00,8c7e18eba1488dd5a7d4bdb00d4da0a75e895717,27579a5b-d52e-4b3a-b266-e21f946cedaf
3,7,0.0,2026-08-19T05:53:09.944994+00:00,8c7e18eba1488dd5a7d4bdb00d4da0a75e895717,27579a5b-d52e-4b3a-b266-e21f946cedaf
3,8,0.0,2026-08-19T05:53:09.944994+00:00,8c7e18eba1488dd5a7d4bdb00d4da0a75e895717,27579a5b-d52e-4b3a-b266-e21f946cedaf
4,1,5.991941928863525,2026-08-19T05:53:09.944994+00:00,8c7e18eba1488dd5a7d4bdb00d4da0a75e895717,27579a5b-d52e-4b3a-b266-e21f946cedaf
4,2,4.76839542388916,2026-08-19T05:53:09.944994+00:00,8c7e18eba1488dd5a7d4bdb00d4da0a75e895717,27579a5b-d52e-4b3a-b266-e21f946cedaf
4,3,5.151833534240723,2026-08-19T05:53:09.944994+00:00,8c7e18eba1488dd5a7d4bdb00d4da0a75e895717,27579a5b-d52e-4b3a-b266-e21f946cedaf
4,4,5.327969074249268,2026-08-19T05:53:09.944994+00:00,8c7e18eba1488dd5a7d4bdb00d4da0a75e895717,27579a5b-d52e-4b3a-b266-e21f946cedaf
4,5,5.000112533569336,2026-08-19T05:53:09.944994+00:00,8c7e18eba1488dd5a7d4bdb00d4da0a75e895717,27579a5b-d52e-4b3a-b266-e21f946cedaf
4,6,5.782639980316162,2026-08-19T05:53:09.944994+00:00,8c7e18eba1488dd5a7d4bdb00d4da0a75e895717,27579a5b-d52e-4b3a-b266-e21f946cedaf
4,7,5.2090163230896,2026-08-19T05:53:09.944994+00:00,8c7e18eba1488dd5a7d4bdb00d4da0a75e895717,27579a5b-d52e-4b3a-b266-e21f946cedaf
4,8,5.722537517547607,2026-08-19T05:53:09.944994+00:00,8c7e18eba1488dd5a7d4bdb00d4da0a75e895717,27579a5b-d52e-4b3a-b266-e21f946cedaf
5,1,0.0,2026-08-19T05:53:09.944994+00:00,8c7e18eba1488dd5a7d4bdb00d4da0a75e895717,27579a5b-d52e-4b3a-b266-e21f946cedaf
5,2,0.0,2026-08-19T05:53:09.944994+00:00,8c7e18eba1488dd5a7d4bdb00d4da0a75e895717,27579a5b-d52e-4b3a-b266-e21f946cedaf
5,3,0.0,2026-08-19T05:53:09.944994+00:00,8c7e18eba1488dd5a7d4bdb00d4da0a75e895717,27579a5b-d52e-4b3a-b266-e21f946cedaf
5,4,0.0,2026-08-19T05:53:09.944994+00:00,8c7e18eba1488dd5a7d4bdb00d4da0a75e895717,27579a5b-d52e-4b3a-b266-e21f946cedaf
5,5,0.0,2026-08-19T05:53:09.944994+00:00,8c7e18eba1488dd5a7d4bdb00d4da0a75e895717,27579a5b-d52e-4b3a-b266-e21f946cedaf
5,6,0.0,2026-08-19T05:53:09.944994+00:00,8c7e18eba1488dd5a7d4bdb00d4da0a75e895717,27579a5b-d52e-4b3a-b266-e21f946cedaf
5,7,0.0,2026-08-19T05:53:09.944994+00:00,8c7e18eba1488dd5a7d4bdb00d4da0a75e895717,27579a5b-d52e-4b3a-b266-e21f946cedaf
5,8,0.0,2026-08-19T05:53:09.944994+00:00,8c7e18eba1488dd5a7d4bdb00d4da0a75e895717,27579a5b-d52e-4b3a-b266-e21f946cedaf
6,1,0.0,2026-08-19T05:53:09.944994+00:00,8c7e18eba1488dd5a7d4bdb00d4da0a75e895717,27579a5b-d52e-4b3a-b266-e21f946cedaf
6,2,0.0,2026-08-19T05:53:09.944994+00:00,8c7e18eba1488dd5a7d4bdb00d4da0a75e895717,27579a5b-d52e-4b3a-b266-e21f946cedaf
6,3,0.0,2026-08-19T05:53:09.944994+00:00,8c7e18eba1488dd5a7d4bdb00d4da0a75e895717,27579a5b-d52e-4b3a-b266-e21f946cedaf
6,4,0.0,2026-08-19T05:53:09.944994+00:00,8c7e18eba1488dd5a7d4bdb00d4da0a75e895717,27579a5b-d52e-4b3a-b266-e21f946cedaf
6,5,0.0,2026-08-19T05:53:09.944994+00:00,8c7e18eba1488dd5a7d4bdb00d4da0a75e895717,27579a5b-d52e-4b3a-b266-e21f946cedaf
6,6,0.0,2026-08-19T05:53:09.944994+00:00,8c7e18eba1488dd5a7d4bdb00d4da0a75e895717,27579a5b-d52e-4b3a-b266-e21f946cedaf
6,7,0.0,2026-08-19T05:53:09.944994+00:00,8c7e18eba1488dd5a7d4bdb00d4da0a75e895717,27579a5b-d52e-4b3a-b266-e21f946cedaf
6,8,0.0,2026-08-19T05:53:09.944994+00:00,8c7e18eba1488dd5a7d4bdb00d4da0a75e895717,27579a5b-d52e-4b3a-b266-e21f946cedaf
7,1,1.2550625801086426,2026-08-19T05:53:09.944994+00:00,8c7e18eba1488dd5a7d4bdb00d4da0a75e895717,27579a5b-d52e-4b3a-b266-e21f946cedaf
7,2,1.0892257690429688,2026-08-19T05:53:09.944994+00:00,8c7e18eba1488dd5a7d4bdb00d4da0a75e895717,27579a5b-d52e-4b3a-b266-e21f946cedaf
7,3,1.1472671031951904,2026-08-19T05:53:09.944994+00:00,8c7e18eba1488dd5a7d4bdb00d4da0a75e895717,27579a5b-d52e-4b3a-b266-e21f946cedaf
7,4,1.1035327911376953,2026-08-19T05:53:09.944994+00:00,8c7e18eba1488dd5a7d4bdb00d4da0a75e895717,27579a5b-d52e-4b3a-b266-e21f946cedaf
7,5,1.1003742218017578,2026-08-19T05:53:09.944994+00:00,8c7e18eba1488dd5a7d4bdb00d4da0a75e895717,27579a5b-d52e-4b3a-b266-e21f946cedaf
7,6,1.1933128833770752,2026-08-19T05:53:09.944994+00:00,8c7e18eba1488dd5a7d4bdb00d4da0a75e895717,27579a5b-d52e-4b3a-b266-e21f946cedaf
7,7,1.09073007106781,2026-08-19T05:53:09.944994+00:00,8c7e18eba1488dd5a7d4bdb00d4da0a75e895717,27579a5b-d52e-4b3a-b266-e21f946cedaf
7,8,1.1549323797225952,2026-08-19T05:53:09.944994+00:00,8c7e18eba1488dd5a7d4bdb00d4da0a75e895717,27579a5b-d52e-4b3a-b266-e21f946cedaf
8,1,1.1696398258209229,2026-08-19T05:53:09.944994+00:00,8c7e18eba1488dd5a7d4bdb00d4da0a75e895717,27579a5b-d52e-4b3a-b266-e21f946cedaf
8,2,0.9650883674621582,2026-08-19T05:53:09.944994+00:00,8c7e18eba1488dd5a7d4bdb00d4da0a75e895717,27579a5b-d52e-4b3a-b266-e21f946cedaf
8,3,1.0370019674301147,2026-08-19T05:53:09.944994+00:00,8c7e18eba1488dd5a7d4bdb00d4da0a75e895717,27579a5b-d52e-4b3a-b266-e21f946cedaf
8,4,1.0226638317108154,2026-08-19T05:53:09.944994+00:00,8c7e18eba1488dd5a7d4bdb00d4da0a75e895717,27579a5b-d52e-4b3a-b266-e21f946cedaf
8,5,0.9939107894897461,2026-08-19T05:53:09.944994+00:00,8c7e18eba1488dd5a7d4bdb00d4da0a75e895717,27579a5b-d52e-4b3a-b266-e21f946cedaf
8,6,1.1144413948059082,2026-08-19T05:53:09.944994+00:00,8c7e18eba1488dd5a7d4bdb00d4da0a75e895717,27579a5b-d52e-4b3a-b266-e21f946cedaf
8,7,1.0051082372665405,2026-08-19T05:53:09.944994+00:00,8c7e18eba1488dd5a7d4bdb00d4da0a75e895717,27579a5b-d52e-4b3a-b266-e21f946cedaf
8,8,1.0844155550003052,2026-08-19T05:53:09.944994+00:00,8c7e18eba1488dd5a7d4bdb00d4da0a75e895717,27579a5b-d52e-4b3a-b266-e21f946cedaf
9,1,1.3464897871017456,2026-08-19T05:53:09.944994+00:00,8c7e18eba1488dd5a7d4bdb00d4da0a75e895717,27579a5b-d52e-4b3a-b266-e21f946cedaf
9,2,1.0594432353973389,2026-08-19T05:53:09.944994+00:00,8c7e18eba1488dd5a7d4bdb00d4da0a75e895717,27579a5b-d52e-4b3a-b266-e21f946cedaf
9,3,1.1604225635528564,2026-08-19T05:53:09.944994+00:00,8c7e18eba1488dd5a7d4bdb00d4da0a75e895717,27579a5b-d52e-4b3a-b266-e21f946cedaf
9,4,1.1480485200881958,2026-08-19T05:53:09.944994+00:00,8c7e18eba1488dd5a7d4bdb00d4da0a75e895717,27579a5b-d52e-4b3a-b266-e21f946cedaf
9,5,1.1028376817703247,2026-08-19T05:53:09.944994+00:00,8c7e18eba1488dd5a7d4bdb00d4da0a75e895717,27579a5b-d52e-4b3a-b266-e21f946cedaf
9,6,1.2731306552886963,2026-08-19T05:53:09.944994+00:00,8c7e18eba1488dd5a7d4bdb00d4da0a75e895717,27579a5b-d52e-4b3a-b266-e21f946cedaf
9,7,1.1230676174163818,2026-08-19T05:53:09.944994+00:00,8c7e18eba1488dd5a7d4bdb00d4da0a75e895717,27579a5b-d52e-4b3a-b266-e21f946cedaf
9,8,1.234382152557373,2026-08-19T05:53:09.944994+00:00,8c7e18eba1488dd5a7d4bdb00d4da0a75e895717,27579a5b-d52e-4b3a-b266-e21f946cedaf
10,1,1.2759565114974976,2026-08-19T05:53:09.944994+00:00,8c7e18eba1488dd5a7d4bdb00d4da0a75e895717,27579a5b-d52e-4b3a-b266-e21f946cedaf
10,2,1.1084965467453003,2026-08-19T05:53:09.944994+00:00,8c7e18eba1488dd5a7d4bdb00d4da0a75e895717,27579a5b-d52e-4b3a-b266-e21f946cedaf
10,3,1.1673665046691895,2026-08-19T05:53:09.944994+00:00,8c7e18eba1488dd5a7d4bdb00d4da0a75e895717,27579a5b-d52e-4b3a-b266-e21f946cedaf
10,4,1.1551978588104248,2026-08-19T05:53:09.944994+00:00,8c7e18eba1488dd5a7d4bdb00d4da0a75e895717,27579a5b-d52e-4b3a-b266-e21f946cedaf
10,5,1.1319289207458496,2026-08-19T05:53:09.944994+00:00,8c7e18eba1488dd5a7d4bdb00d4da0a75e895717,27579a5b-d52e-4b3a-b266-e21f946cedaf
10,6,1.2305392026901245,2026-08-19T05:53:09.944994+00:00,8c7e18eba1488dd5a7d4bdb00d4da0a75e895717,27579a5b-d52e-4b3a-b266-e21f946cedaf
10,7,1.1408448219299316,2026-08-19T05:53:09.944994+00:00,8c7e18eba1488dd5a7d4bdb00d4da0a75e895717,27579a5b-d52e-4b3a-b266-e21f946cedaf
10,8,1.2057697772979736,2026-08-19T05:53:09.944994+00:00,8c7e18eba1488dd5a7d4bdb00d4da0a75e895717,27579a5b-d52e-4b3a-b266-e21f946cedaf
11,1,1.0274707078933716,2026-08-19T05:53:09.944994+00:00,8c7e18eba1488dd5a7d4bdb00d4da0a75e895717,27579a5b-d52e-4b3a-b266-e21f946cedaf
11,2,0.8540987968444824,2026-08-19T05:53:09.944994+00:00,8c7e18eba1488dd5a7d4bdb00d4da0a75e895717,27579a5b-d52e-4b3a-b266-e21f946cedaf
11,3,0.9151672124862671,2026-08-19T05:53:09.944994+00:00,8c7e18eba1488dd5a7d4bdb00d4da0a75e895717,27579a5b-d52e-4b3a-b266-e21f946cedaf
11,4,0.9173260927200317,2026-08-19T05:53:09.944994+00:00,8c7e18eba1488dd5a7d4bdb00d4da0a75e895717,27579a5b-d52e-4b3a-b266-e21f946cedaf
11,5,0.8839739561080933,2026-08-19T05:53:09.944994+00:00,8c7e18eba1488dd5a7d4bdb00d4da0a75e895717,27579a5b-d52e-4b3a-b266-e21f946cedaf
11,6,0.9882621765136719,2026-08-19T05:53:09.944994+00:00,8c7e18eba1488dd5a7d4bdb00d4da0a75e895717,27579a5b-d52e-4b3a-b266-e21f946cedaf
11,7,0.9018089771270752,2026-08-19T05:53:09.944994+00:00,8c7e18eba1488dd5a7d4bdb00d4da0a75e895717,27579a5b-d52e-4b3a-b266-e21f946cedaf
11,8,0.9690697193145752,2026-08-19T05:53:09.944994+00:00,8c7e18eba1488dd5a7d4bdb00d4da0a75e895717,27579a5b-d52e-4b3a-b266-e21f946cedaf
12,1,6.052180290222168,2026-08-19T05:53:09.944994+00:00,8c7e18eba1488dd5a7d4bdb00d4da0a75e895717,27579a5b-d52e-4b3a-b266-e21f946cedaf
12,2,5.027726173400879,2026-08-19T05:53:09.944994+00:00,8c7e18eba1488dd5a7d4bdb00d4da0a75e895717,27579a5b-d52e-4b3a-b266-e21f946cedaf
12,3,5.374885559082031,2026-08-19T05:53:09.944994+00:00,8c7e18eba1488dd5a7d4bdb00d4da0a75e895717,27579a5b-d52e-4b3a-b266-e21f946cedaf
12,4,5.205838203430176,2026-08-19T05:53:09.944994+00:00,8c7e18eba1488dd5a7d4bdb00d4da0a75e895717,27579a5b-d52e-4b3a-b266-e21f946cedaf
12,5,5.124987602233887,2026-08-19T05:53:09.944994+00:00,8c7e18eba1488dd5a7d4bdb00d4da0a75e895717,27579a5b-d52e-4b3a-b266-e21f946cedaf
12,6,5.71981143951416,2026-08-19T05:53:09.944994+00:00,8c7e18eba1488dd5a7d4bdb00d4da0a75e895717,27579a5b-d52e-4b3a-b266-e21f946cedaf
12,7,5.121676445007324,2026-08-19T05:53:09.944994+00:00,8c7e18eba1488dd5a7d4bdb00d4da0a75e895717,27579a5b-d52e-4b3a-b266-e21f946cedaf
12,8,5.52817440032959,2026-08-19T05:53:09.944994+00:00,8c7e18eba1488dd5a7d4bdb00d4da0a75e895717,27579a5b-d52e-4b3a-b266-e21f946cedaf
13,1,5.194817543029785,2026-08-19T05:53:09.944994+00:00,8c7e18eba1488dd5a7d4bdb00d4da0a75e895717,27579a5b-d52e-4b3a-b266-e21f946cedaf
13,2,4.465799331665039,2026-08-19T05:53:09.944994+00:00,8c7e18eba1488dd5a7d4bdb00d4da0a75e895717,27579a5b-d52e-4b3a-b266-e21f946cedaf
13,3,4.709558486938477,2026-08-19T05:53:09.944994+00:00,8c7e18eba1488dd5a7d4bdb00d4da0a75e895717,27579a5b-d52e-4b3a-b266-e21f946cedaf
13,4,4.6184234619140625,2026-08-19T05:53:09.944994+00:00,8c7e18eba1488dd5a7d4bdb00d4da0a75e895717,27579a5b-d52e-4b3a-b266-e21f946cedaf
13,5,4.5432000160217285,2026-08-19T05:53:09.944994+00:00,8c7e18eba1488dd5a7d4bdb00d4da0a75e895717,27579a5b-d52e-4b3a-b266-e21f946cedaf
13,6,4.97245454788208,2026-08-19T05:53:09.944994+00:00,8c7e18eba1488dd5a7d4bdb00d4da0a75e895717,27579a5b-d52e-4b3a-b266-e21f946cedaf
13,7,4.557069778442383,2026-08-19T05:53:09.944994+00:00,8c7e18eba1488dd5a7d4bdb00d4da0a75e895717,27579a5b-d52e-4b3a-b266-e21f946cedaf
13,8,4.849191665649414,2026-08-19T05:53:09.944994+00:00,8c7e18eba1488dd5a7d4bdb00d4da0a75e895717,27579a5b-d52e-4b3a-b266-e21f946cedaf
14,1,5.532897472381592,2026-08-19T05:53:09.944994+00:00,8c7e18eba1488dd5a7d4bdb00d4da0a75e895717,27579a5b-d52e-4b3a-b266-e21f946cedaf
14,2,4.502814769744873,2026-08-19T05:53:09.944994+00:00,8c7e18eba1488dd5a7d4bdb00d4da0a75e895717,27579a5b-d52e-4b3a-b266-e21f946cedaf
14,3,4.851943492889404,2026-08-19T05:53:09.944994+00:00,8c7e18eba1488dd5a7d4bdb00d4da0a75e895717,27579a5b-d52e-4b3a-b266-e21f946cedaf
14,4,4.681412220001221,2026-08-19T05:53:09.944994+00:00,8c7e18eba1488dd5a7d4bdb00d4da0a75e895717,27579a5b-d52e-4b3a-b266-e21f946cedaf
14,5,4.600454807281494,2026-08-19T05:53:09.944994+00:00,8c7e18eba1488dd5a7d4bdb00d4da0a75e895717,27579a5b-d52e-4b3a-b266-e21f946cedaf
14,6,5.198432445526123,2026-08-19T05:53:09.944994+00:00,8c7e18eba1488dd5a7d4bdb00d4da0a75e895717,27579a5b-d52e-4b3a-b266-e21f946cedaf
14,7,4.596815586090088,2026-08-19T05:53:09.944994+00:00,8c7e18eba1488dd5a7d4bdb00d4da0a75e895717,27579a5b-d52e-4b3a-b266-e21f946cedaf
14,8,5.0054931640625,2026-08-19T05:53:09.944994+00:00,8c7e18eba1488dd5a7d4bdb00d4da0a75e895717,27579a5b-d52e-4b3a-b266-e21f946cedaf
15,1,2.228687047958374,2026-08-19T05:53:09.944994+00:00,8c7e18eba1488dd5a7d4bdb00d4da0a75e895717,27579a5b-d52e-4b3a-b266-e21f946cedaf
15,2,1.7907259464263916,2026-08-19T05:53:09.944994+00:00,8c7e18eba1488dd5a7d4bdb00d4da0a75e895717,27579a5b-d52e-4b3a-b266-e21f946cedaf
15,3,1.9440083503723145,2026-08-19T05:53:09.944994+00:00,8c7e18eba1488dd5a7d4bdb00d4da0a75e895717,27579a5b-d52e-4b3a-b266-e21f946cedaf
15,4,1.8285095691680908,2026-08-19T05:53:09.944994+00:00,8c7e18eba1488dd5a7d4bdb00d4da0a75e895717,27579a5b-d52e-4b3a-b266-e21f946cedaf
15,5,1.820167899131775,2026-08-19T05:53:09.944994+00:00,8c7e18eba1488dd5a7d4bdb00d4da0a75e895717,27579a5b-d52e-4b3a-b266-e21f946cedaf
15,6,2.0656116008758545,2026-08-19T05:53:09.944994+00:00,8c7e18eba1488dd5a7d4bdb00d4da0a75e895717,27579a5b-d52e-4b3a-b266-e21f946cedaf
15,7,1.7946984767913818,2026-08-19T05:53:09.944994+00:00,8c7e18eba1488dd5a7d4bdb00d4da0a75e895717,27579a5b-d52e-4b3a-b266-e21f946cedaf
15,8,1.9642517566680908,2026-08-19T05:53:09.944994+00:00,8c7e18eba1488dd5a7d4bdb00d4da0a75e895717,27579a5b-d52e-4b3a-b266-e21f946cedaf
16,1,1.8667593002319336,2026-08-19T05:53:09.944994+00:00,8c7e18eba1488dd5a7d4bdb00d4da0a75e895717,27579a5b-d52e-4b3a-b266-e21f946cedaf
16,2,1.5516115427017212,2026-08-19T05:53:09.944994+00:00,8c7e18eba1488dd5a7d4bdb00d4da0a75e895717,27579a5b-d52e-4b3a-b266-e21f946cedaf
16,3,1.6619102954864502,2026-08-19T05:53:09.944994+00:00,8c7e18eba1488dd5a7d4bdb00d4da0a75e895717,27579a5b-d52e-4b3a-b266-e21f946cedaf
16,4,1.5787999629974365,2026-08-19T05:53:09.944994+00:00,8c7e18eba1488dd5a7d4bdb00d4da0a75e895717,27579a5b-d52e-4b3a-b266-e21f946cedaf
16,5,1.5727972984313965,2026-08-19T05:53:09.944994+00:00,8c7e18eba1488dd5a7d4bdb00d4da0a75e895717,27579a5b-d52e-4b3a-b266-e21f946cedaf
16,6,1.7494134902954102,2026-08-19T05:53:09.944994+00:00,8c7e18eba1488dd5a7d4bdb00d4da0a75e895717,27579a5b-d52e-4b3a-b266-e21f946cedaf
16,7,1.5544703006744385,2026-08-19T05:53:09.944994+00:00,8c7e18eba1488dd5a7d4bdb00d4da0a75e895717,27579a5b-d52e-4b3a-b266-e21f946cedaf
16,8,1.6764771938323975,2026-08-19T05:53:09.944994+00:00,8c7e18eba1488dd5a7d4bdb00d4da0a75e895717,27579a5b-d52e-4b3a-b266-e21f946cedaf
17,1,2.023740291595459,2026-08-19T05:53:09.944994+00:00,8c7e18eba1488dd5a7d4bdb00d4da0a75e895717,27579a5b-d52e-4b3a-b266-e21f946cedaf
17,2,1.659061074256897,2026-08-19T05:53:09.944994+00:00,8c7e18eba1488dd5a7d4bdb00d4da0a75e895717,27579a5b-d52e-4b3a-b266-e21f946cedaf
17,3,1.7866953611373901,2026-08-19T05:53:09.944994+00:00,8c7e18eba1488dd5a7d4bdb00d4da0a75e895717,27579a5b-d52e-4b3a-b266-e21f946cedaf
17,4,1.69052255153656,2026-08-19T05:53:09.944994+00:00,8c7e18eba1488dd5a7d4bdb00d4da0a75e895717,27579a5b-d52e-4b3a-b266-e21f946cedaf
17,5,1.6835767030715942,2026-08-19T05:53:09.944994+00:00,8c7e18eba1488dd5a7d4bdb00d4da0a75e895717,27579a5b-d52e-4b3a-b266-e21f946cedaf
17,6,1.887951374053955,2026-08-19T05:53:09.944994+00:00,8c7e18eba1488dd5a7d4bdb00d4da0a75e895717,27579a5b-d52e-4b3a-b266-e21f946cedaf
17,7,1.6623691320419312,2026-08-19T05:53:09.944994+00:00,8c7e18eba1488dd5a7d4bdb00d4da0a75e895717,27579a5b-d52e-4b3a-b266-e21f946cedaf
17,8,1.8035515546798706,2026-08-19T05:53:09.944994+00:00,8c7e18eba1488dd5a7d4bdb00d4da0a75e895717,27579a5b-d52e-4b3a-b266-e21f946cedaf
18,1,1.8980387449264526,2026-08-19T05:53:09.944994+00:00,8c7e18eba1488dd5a7d4bdb00d4da0a75e895717,27579a5b-d52e-4b3a-b266-e21f946cedaf
18,2,1.5754202604293823,2026-08-19T05:53:09.944994+00:00,8c7e18eba1488dd5a7d4bdb00d4da0a75e895717,27579a5b-d52e-4b3a-b266-e21f946cedaf
18,3,1.6883336305618286,2026-08-19T05:53:09.944994+00:00,8c7e18eba1488dd5a7d4bdb00d4da0a75e895717,27579a5b-d52e-4b3a-b266-e21f946cedaf
18,4,1.6032530069351196,2026-08-19T05:53:09.944994+00:00,8c7e18eba1488dd5a7d4bdb00d4da0a75e895717,27579a5b-d52e-4b3a-b266-e21f946cedaf
18,5,1.597108244895935,2026-08-19T05:53:09.944994+00:00,8c7e18eba1488dd5a7d4bdb00d4da0a75e895717,27579a5b-d52e-4b3a-b266-e21f946cedaf
18,6,1.7779113054275513,2026-08-19T05:53:09.944994+00:00,8c7e18eba1488dd5a7d4bdb00d4da0a75e895717,27579a5b-d52e-4b3a-b266-e21f946cedaf
18,7,1.578346610069275,2026-08-19T05:53:09.944994+00:00,8c7e18eba1488dd5a7d4bdb00d4da0a75e895717,27579a5b-d52e-4b3a-b266-e21f946cedaf
18,8,1.703245759010315,2026-08-19T05:53:09.944994+00:00,8c7e18eba1488dd5a7d4bdb00d4da0a75e895717,27579a5b-d52e-4b3a-b266-e21f946cedaf
19,1,4.175986289978027,2026-08-19T05:53:09.944994+00:00,8c7e18eba1488dd5a7d4bdb00d4da0a75e895717,27579a5b-d52e-4b3a-b266-e21f946cedaf
19,2,3.631730079650879,2026-08-19T05:53:09.944994+00:00,8c7e18eba1488dd5a7d4bdb00d4da0a75e895717,27579a5b-d52e-4b3a-b266-e21f946cedaf
19,3,3.8108248710632324,2026-08-19T05:53:09.944994+00:00,8c7e18eba1488dd5a7d4bdb00d4da0a75e895717,27579a5b-d52e-4b3a-b266-e21f946cedaf
19,4,3.7684144973754883,2026-08-19T05:53:09.944994+00:00,8c7e18eba1488dd5a7d4bdb00d4da0a75e895717,27579a5b-d52e-4b3a-b266-e21f946cedaf
19,5,3.6967101097106934,2026-08-19T05:53:09.944994+00:00,8c7e18eba1488dd5a7d4bdb00d4da0a75e895717,27579a5b-d52e-4b3a-b266-e21f946cedaf
19,6,4.0224199295043945,2026-08-19T05:53:09.944994+00:00,8c7e18eba1488dd5a7d4bdb00d4da0a75e895717,27579a5b-d52e-4b3a-b266-e21f946cedaf
19,7,3.7213244438171387,2026-08-19T05:53:09.944994+00:00,8c7e18eba1488dd5a7d4bdb00d4da0a75e895717,27579a5b-d52e-4b3a-b266-e21f946cedaf
19,8,3.941917896270752,2026-08-19T05:53:09.944994+00:00,8c7e18eba1488dd5a7d4bdb00d4da0a75e895717,27579a5b-d52e-4b3a-b266-e21f946cedaf
20,1,1.3403300046920776,2026-08-19T05:53:09.944994+00:00,8c7e18eba1488dd5a7d4bdb00d4da0a75e895717,27579a5b-d52e-4b3a-b266-e21f946cedaf
20,2,1.22343111038208,2026-08-19T05:53:09.944994+00:00,8c7e18eba1488dd5a7d4bdb00d4da0a75e895717,27579a5b-d52e-4b3a-b266-e21f946cedaf
20,3,1.2643446922302246,2026-08-19T05:53:09.944994+00:00,8c7e18eba1488dd5a7d4bdb00d4da0a75e895717,27579a5b-d52e-4b3a-b266-e21f946cedaf
20,4,1.2335162162780762,2026-08-19T05:53:09.944994+00:00,8c7e18eba1488dd5a7d4bdb00d4da0a75e895717,27579a5b-d52e-4b3a-b266-e21f946cedaf
20,5,1.2312896251678467,2026-08-19T05:53:09.944994+00:00,8c7e18eba1488dd5a7d4bdb00d4da0a75e895717,27579a5b-d52e-4b3a-b266-e21f946cedaf
20,6,1.2968025207519531,2026-08-19T05:53:09.944994+00:00,8c7e18eba1488dd5a7d4bdb00d4da0a75e895717,27579a5b-d52e-4b3a-b266-e21f946cedaf
20,7,1.2244914770126343,2026-08-19T05:53:09.944994+00:00,8c7e18eba1488dd5a7d4bdb00d4da0a75e895717,27579a5b-d52e-4b3a-b266-e21f946cedaf
20,8,1.2697479724884033,2026-08-19T05:53:09.944994+00:00,8c7e18eba1488dd5a7d4bdb00d4da0a75e895717,27579a5b-d52e-4b3a-b266-e21f946cedaf
21,1,0.0,2026-08-19T05:53:09.944994+00:00,8c7e18eba1488dd5a7d4bdb00d4da0a75e895717,27579a5b-d52e-4b3a-b266-e21f946cedaf
21,2,0.0,2026-08-19T05:53:09.944994+00:00,8c7e18eba1488dd5a7d4bdb00d4da0a75e895717,27579a5b-d52e-4b3a-b266-e21f946cedaf
21,3,0.0,2026-08-19T05:53:09.944994+00:00,8c7e18eba1488dd5a7d4bdb00d4da0a75e895717,27579a5b-d52e-4b3a-b266-e21f946cedaf
21,4,0.0,2026-08-19T05:53:09.944994+00:00,8c7e18eba1488dd5a7d4bdb00d4da0a75e895717,27579a5b-d52e-4b3a-b266-e21f946cedaf
21,5,0.0,2026-08-19T05:53:09.944994+00:00,8c7e18eba1488dd5a7d4bdb00d4da0a75e895717,27579a5b-d52e-4b3a-b266-e21f946cedaf
21,6,0.0,2026-08-19T05:53:09.944994+00:00,8c7e18eba1488dd5a7d4bdb00d4da0a75e895717,27579a5b-d52e-4b3a-b266-e21f946cedaf
21,7,0.0,2026-08-19T05:53:09.944994+00:00,8c7e18eba1488dd5a7d4bdb00d4da0a75e895717,27579a5b-d52e-4b3a-b266-e21f946cedaf
21,8,0.0,2026-08-19T05:53:09.944994+00:00,8c7e18eba1488dd5a7d4bdb00d4da0a75e895717,27579a5b-d52e-4b3a-b266-e21f946cedaf
22,1,0.0,2026-08-19T05:53:09.944994+00:00,8c7e18eba1488dd5a7d4bdb00d4da0a75e895717,27579a5b-d52e-4b3a-b266-e21f946cedaf
22,2,0.0,2026-08-19T05:53:09.944994+00:00,8c7e18eba1488dd5a7d4bdb00d4da0a75e895717,27579a5b-d52e-4b3a-b266-e21f946cedaf
22,3,0.0,2026-08-19T05:53:09.944994+00:00,8c7e18eba1488dd5a7d4bdb00d4da0a75e895717,27579a5b-d52e-4b3a-b266-e21f946cedaf
22,4,0.0,2026-08-19T05:53:09.944994+00:00,8c7e18eba1488dd5a7d4bdb00d4da0a75e895717,27579a5b-d52e-4b3a-b266-e21f946cedaf
22,5,0.0,2026-08-19T05:53:09.944994+00:00,8c7e18eba1488dd5a7d4bdb00d4da0a75e895717,27579a5b-d52e-4b3a-b266-e21f946cedaf
22,6,0.0,2026-08-19T05:53:09.944994+00:00,8c7e18eba1488dd5a7d4bdb00d4da0a75e895717,27579a5b-d52e-4b3a-b266-e21f946cedaf
22,7,0.0,2026-08-19T05:53:09.944994+00:00,8c7e18eba1488dd5a7d4bdb00d4da0a75e895717,27579a5b-d52e-4b3a-b266-e21f946cedaf
22,8,0.0,2026-08-19T05:53:09.944994+00:00,8c7e18eba1488dd5a7d4bdb00d4da0a75e895717,27579a5b-d52e-4b3a-b266-e21f946cedaf
23,1,0.0,2026-08-19T05:53:09.944994+00:00,8c7e18eba1488dd5a7d4bdb00d4da0a75e895717,27579a5b-d52e-4b3a-b266-e21f946cedaf
23,2,0.0,2026-08-19T05:53:09.944994+00:00,8c7e18eba1488dd5a7d4bdb00d4da0a75e895717,27579a5b-d52e-4b3a-b266-e21f946cedaf
23,3,0.0,2026-08-19T05:53:09.944994+00:00,8c7e18eba1488dd5a7d4bdb00d4da0a75e895717,27579a5b-d52e-4b3a-b266-e21f946cedaf
23,4,0.0,2026-08-19T05:53:09.944994+00:00,8c7e18eba1488dd5a7d4bdb00d4da0a75e895717,27579a5b-d52e-4b3a-b266-e21f946cedaf
23,5,0.0,2026-08-19T05:53:09.944994+00:00,8c7e18eba1488dd5a7d4bdb00d4da0a75e895717,27579a5b-d52e-4b3a-b266-e21f946cedaf
23,6,0.0,2026-08-19T05:53:09.944994+00:00,8c7e18eba1488dd5a7d4bdb00d4da0a75e895717,27579a5b-d52e-4b3a-b266-e21f946cedaf
23,7,0.0,2026-08-19T05:53:09.944994+00:00,8c7e18eba1488dd5a7d4bdb00d4da0a75e895717,27579a5b-d52e-4b3a-b266-e21f946cedaf
23,8,0.0,2026-08-19T05:53:09.944994+00:00,8c7e18eba1488dd5a7d4bdb00d4da0a75e895717,27579a5b-d52e-4b3a-b266-e21f946cedaf
24,1,0.0,2026-08-19T05:53:09.944994+00:00,8c7e18eba1488dd5a7d4bdb00d4da0a75e895717,27579a5b-d52e-4b3a-b266-e21f946cedaf
24,2,0.0,2026-08-19T05:53:09.944994+00:00,8c7e18eba1488dd5a7d4bdb00d4da0a75e895717,27579a5b-d52e-4b3a-b266-e21f946cedaf
24,3,0.0,2026-08-19T05:53:09.944994+00:00,8c7e18eba1488dd5a7d4bdb00d4da0a75e895717,27579a5b-d52e-4b3a-b266-e21f946cedaf
24,4,0.0,2026-08-19T05:53:09.944994+00:00,8c7e18eba1488dd5a7d4bdb00d4da0a75e895717,27579a5b-d52e-4b3a-b266-e21f946cedaf
24,5,0.0,2026-08-19T05:53:09.944994+00:00,8c7e18eba1488dd5a7d4bdb00d4da0a75e895717,27579a5b-d52e-4b3a-b266-e21f946cedaf
24,6,0.0,2026-08-19T05:53:09.944994+00:00,8c7e18eba1488dd5a7d4bdb00d4da0a75e895717,27579a5b-d52e-4b3a-b266-e21f946cedaf
24,7,0.0,2026-08-19T05:53:09.944994+00:00,8c7e18eba1488dd5a7d4bdb00d4da0a75e895717,27579a5b-d52e-4b3a-b266-e21f946cedaf
24,8,0.0,2026-08-19T05:53:09.944994+00:00,8c7e18eba1488dd5a7d4bdb00d4da0a75e895717,27579a5b-d52e-4b3a-b266-e21f946cedaf
25,1,3.1548335552215576,2026-08-19T05:53:09.944994+00:00,8c7e18eba1488dd5a7d4bdb00d4da0a75e895717,27579a5b-d52e-4b3a-b266-e21f946cedaf
25,2,2.4928064346313477,2026-08-19T05:53:09.944994+00:00,8c7e18eba1488dd5a7d4bdb00d4da0a75e895717,27579a5b-d52e-4b3a-b266-e21f946cedaf
25,3,2.7245097160339355,2026-08-19T05:53:09.944994+00:00,8c7e18eba1488dd5a7d4bdb00d4da0a75e895717,27579a5b-d52e-4b3a-b266-e21f946cedaf
25,4,2.5499205589294434,2026-08-19T05:53:09.944994+00:00,8c7e18eba1488dd5a7d4bdb00d4da0a75e895717,27579a5b-d52e-4b3a-b266-e21f946cedaf
25,5,2.53731107711792,2026-08-19T05:53:09.944994+00:00,8c7e18eba1488dd5a7d4bdb00d4da0a75e895717,27579a5b-d52e-4b3a-b266-e21f946cedaf
25,6,2.9083266258239746,2026-08-19T05:53:09.944994+00:00,8c7e18eba1488dd5a7d4bdb00d4da0a75e895717,27579a5b-d52e-4b3a-b266-e21f946cedaf
25,7,2.4988112449645996,2026-08-19T05:53:09.944994+00:00,8c7e18eba1488dd5a7d4bdb00d4da0a75e895717,27579a5b-d52e-4b3a-b266-e21f946cedaf
25,8,2.7551097869873047,2026-08-19T05:53:09.944994+00:00,8c7e18eba1488dd5a7d4bdb00d4da0a75e895717,27579a5b-d52e-4b3a-b266-e21f946cedaf
26,1,2.7148051261901855,2026-08-19T05:53:09.944994+00:00,8c7e18eba1488dd5a7d4bdb00d4da0a75e895717,27579a5b-d52e-4b3a-b266-e21f946cedaf
26,2,2.095860481262207,2026-08-19T05:53:09.944994+00:00,8c7e18eba1488dd5a7d4bdb00d4da0a75e895717,27579a5b-d52e-4b3a-b266-e21f946cedaf
26,3,2.312485456466675,2026-08-19T05:53:09.944994+00:00,8c7e18eba1488dd5a7d4bdb00d4da0a75e895717,27579a5b-d52e-4b3a-b266-e21f946cedaf
26,4,2.1492578983306885,2026-08-19T05:53:09.944994+00:00,8c7e18eba1488dd5a7d4bdb00d4da0a75e895717,27579a5b-d52e-4b3a-b266-e21f946cedaf
26,5,2.1374690532684326,2026-08-19T05:53:09.944994+00:00,8c7e18eba1488dd5a7d4bdb00d4da0a75e895717,27579a5b-d52e-4b3a-b266-e21f946cedaf
26,6,2.484339952468872,2026-08-19T05:53:09.944994+00:00,8c7e18eba1488dd5a7d4bdb00d4da0a75e895717,27579a5b-d52e-4b3a-b266-e21f946cedaf
26,7,2.1014747619628906,2026-08-19T05:53:09.944994+00:00,8c7e18eba1488dd5a7d4bdb00d4da0a75e895717,27579a5b-d52e-4b3a-b266-e21f946cedaf
26,8,2.3410942554473877,2026-08-19T05:53:09.944994+00:00,8c7e18eba1488dd5a7d4bdb00d4da0a75e895717,27579a5b-d52e-4b3a-b266-e21f946cedaf
27,1,1.4152055978775024,2026-08-19T05:53:09.944994+00:00,8c7e18eba1488dd5a7d4bdb00d4da0a75e895717,27579a5b-d52e-4b3a-b266-e21f946cedaf
27,2,1.272587776184082,2026-08-19T05:53:09.944994+00:00,8c7e18eba1488dd5a7d4bdb00d4da0a75e895717,27579a5b-d52e-4b3a-b266-e21f946cedaf
27,3,1.3225027322769165,2026-08-19T05:53:09.944994+00:00,8c7e18eba1488dd5a7d4bdb00d4da0a75e895717,27579a5b-d52e-4b3a-b266-e21f946cedaf
27,4,1.2848917245864868,2026-08-19T05:53:09.944994+00:00,8c7e18eba1488dd5a7d4bdb00d4da0a75e895717,27579a5b-d52e-4b3a-b266-e21f946cedaf
27,5,1.2821753025054932,2026-08-19T05:53:09.944994+00:00,8c7e18eba1488dd5a7d4bdb00d4da0a75e895717,27579a5b-d52e-4b3a-b266-e21f946cedaf
27,6,1.3621015548706055,2026-08-19T05:53:09.944994+00:00,8c7e18eba1488dd5a7d4bdb00d4da0a75e895717,27579a5b-d52e-4b3a-b266-e21f946cedaf
27,7,1.273881435394287,2026-08-19T05:53:09.944994+00:00,8c7e18eba1488dd5a7d4bdb00d4da0a75e895717,27579a5b-d52e-4b3a-b266-e21f946cedaf
27,8,1.3290947675704956,2026-08-19T05:53:09.944994+00:00,8c7e18eba1488dd5a7d4bdb00d4da0a75e895717,27579a5b-d52e-4b3a-b266-e21f946cedaf
28,1,3.4379823207855225,2026-08-19T05:53:09.944994+00:00,8c7e18eba1488dd5a7d4bdb00d4da0a75e895717,27579a5b-d52e-4b3a-b266-e21f946cedaf
28,2,3.2262485027313232,2026-08-19T05:53:09.944994+00:00,8c7e18eba1488dd5a7d4bdb00d4da0a75e895717,27579a5b-d52e-4b3a-b266-e21f946cedaf
28,3,3.8568389415740967,2026-08-19T05:53:09.944994+00:00,8c7e18eba1488dd5a7d4bdb00d4da0a75e895717,27579a5b-d52e-4b3a-b266-e21f946cedaf
28,4,3.864340305328369,2026-08-19T05:53:09.944994+00:00,8c7e18eba1488dd5a7d4bdb00d4da0a75e895717,27579a5b-d52e-4b3a-b266-e21f946cedaf
28,5,3.5450479984283447,2026-08-19T05:53:09.944994+00:00,8c7e18eba1488dd5a7d4bdb00d4da0a75e895717,27579a5b-d52e-4b3a-b266-e21f946cedaf
28,6,3.7392313480377197,2026-08-19T05:53:09.944994+00:00,8c7e18eba1488dd5a7d4bdb00d4da0a75e895717,27579a5b-d52e-4b3a-b266-e21f946cedaf
28,7,3.1928367614746094,2026-08-19T05:53:09.944994+00:00,8c7e18eba1488dd5a7d4bdb00d4da0a75e895717,27579a5b-d52e-4b3a-b266-e21f946cedaf
28,8,3.2002248764038086,2026-08-19T05:53:09.944994+00:00,8c7e18eba1488dd5a7d4bdb00d4da0a75e895717,27579a5b-d52e-4b3a-b266-e21f946cedaf
29,1,0.9046998620033264,2026-08-19T05:53:09.944994+00:00,8c7e18eba1488dd5a7d4bdb00d4da0a75e895717,27579a5b-d52e-4b3a-b266-e21f946cedaf
29,2,0.8886343240737915,2026-08-19T05:53:09.944994+00:00,8c7e18eba1488dd5a7d4bdb00d4da0a75e895717,27579a5b-d52e-4b3a-b266-e21f946cedaf
29,3,0.9310809373855591,2026-08-19T05:53:09.944994+00:00,8c7e18eba1488dd5a7d4bdb00d4da0a75e895717,27579a5b-d52e-4b3a-b266-e21f946cedaf
29,4,0.9320223927497864,2026-08-19T05:53:09.944994+00:00,8c7e18eba1488dd5a7d4bdb00d4da0a75e895717,27579a5b-d52e-4b3a-b266-e21f946cedaf
29,5,0.9121730327606201,2026-08-19T05:53:09.944994+00:00,8c7e18eba1488dd5a7d4bdb00d4da0a75e895717,27579a5b-d52e-4b3a-b266-e21f946cedaf
29,6,0.9248533248901367,2026-08-19T05:53:09.944994+00:00,8c7e18eba1488dd5a7d4bdb00d4da0a75e895717,27579a5b-d52e-4b3a-b266-e21f946cedaf
29,7,0.8855681419372559,2026-08-19T05:53:09.944994+00:00,8c7e18eba1488dd5a7d4bdb00d4da0a75e895717,27579a5b-d52e-4b3a-b266-e21f946cedaf
29,8,0.8865199089050293,2026-08-19T05:53:09.944994+00:00,8c7e18eba1488dd5a7d4bdb00d4da0a75e895717,27579a5b-d52e-4b3a-b266-e21f946cedaf
30,1,0.0,2026-08-19T05:53:09.944994+00:00,8c7e18eba1488dd5a7d4bdb00d4da0a75e895717,27579a5b-d52e-4b3a-b266-e21f946cedaf
30,2,0.0,2026-08-19T05:53:09.944994+00:00,8c7e18eba1488dd5a7d4bdb00d4da0a75e895717,27579a5b-d52e-4b3a-b266-e21f946cedaf
30,3,0.0,2026-08-19T05:53:09.944994+00:00,8c7e18eba1488dd5a7d4bdb00d4da0a75e895717,27579a5b-d52e-4b3a-b266-e21f946cedaf
30,4,0.0,2026-08-19T05:53:09.944994+00:00,8c7e18eba1488dd5a7d4bdb00d4da0a75e895717,27579a5b-d52e-4b3a-b266-e21f946cedaf
30,5,0.0,2026-08-19T05:53:09.944994+00:00,8c7e18eba1488dd5a7d4bdb00d4da0a75e895717,27579a5b-d52e-4b3a-b266-e21f946cedaf
30,6,0.0,2026-08-19T05:53:09.944994+00:00,8c7e18eba1488dd5a7d4bdb00d4da0a75e895717,27579a5b-d52e-4b3a-b266-e21f946cedaf
30,7,0.0,2026-08-19T05:53:09.944994+00:00,8c7e18eba1488dd5a7d4bdb00d4da0a75e895717,27579a5b-d52e-4b3a-b266-e21f946cedaf
30,8,0.0,2026-08-19T05:53:09.944994+00:00,8c7e18eba1488dd5a7d4bdb00d4da0a75e895717,27579a5b-d52e-4b3a-b266-e21f946cedaf
31,1,3.1447079181671143,2026-08-19T05:53:09.944994+00:00,8c7e18eba1488dd5a7d4bdb00d4da0a75e895717,27579a5b-d52e-4b3a-b266-e21f946cedaf
31,2,2.9104208946228027,2026-08-19T05:53:09.944994+00:00,8c7e18eba1488dd5a7d4bdb00d4da0a75e895717,27579a5b-d52e-4b3a-b266-e21f946cedaf
31,3,3.5952110290527344,2026-08-19T05:53:09.944994+00:00,8c7e18eba1488dd5a7d4bdb00d4da0a75e895717,27579a5b-d52e-4b3a-b266-e21f946cedaf
31,4,3.584317207336426,2026-08-19T05:53:09.944994+00:00,8c7e18eba1488dd5a7d4bdb00d4da0a75e895717,27579a5b-d52e-4b3a-b266-e21f946cedaf
31,5,3.2619407176971436,2026-08-19T05:53:09.944994+00:00,8c7e18eba1488dd5a7d4bdb00d4da0a75e895717,27579a5b-d52e-4b3a-b266-e21f946cedaf
31,6,3.4764559268951416,2026-08-19T05:53:09.944994+00:00,8c7e18eba1488dd5a7d4bdb00d4da0a75e895717,27579a5b-d52e-4b3a-b266-e21f946cedaf
31,7,2.9110426902770996,2026-08-19T05:53:09.944994+00:00,8c7e18eba1488dd5a7d4bdb00d4da0a75e895717,27579a5b-d52e-4b3a-b266-e21f946cedaf
31,8,2.9037246704101562,2026-08-19T05:53:09.944994+00:00,8c7e18eba1488dd5a7d4bdb00d4da0a75e895717,27579a5b-d52e-4b3a-b266-e21f946cedaf
32,1,3.0857107639312744,2026-08-19T05:53:09.944994+00:00,8c7e18eba1488dd5a7d4bdb00d4da0a75e895717,27579a5b-d52e-4b3a-b266-e21f946cedaf
32,2,2.7726809978485107,2026-08-19T05:53:09.944994+00:00,8c7e18eba1488dd5a7d4bdb00d4da0a75e895717,27579a5b-d52e-4b3a-b266-e21f946cedaf
32,3,3.6543023586273193,2026-08-19T05:53:09.944994+00:00,8c7e18eba1488dd5a7d4bdb00d4da0a75e895717,27579a5b-d52e-4b3a-b266-e21f946cedaf
32,4,3.6069862842559814,2026-08-19T05:53:09.944994+00:00,8c7e18eba1488dd5a7d4bdb00d4da0a75e895717,27579a5b-d52e-4b3a-b266-e21f946cedaf
32,5,3.2388980388641357,2026-08-19T05:53:09.944994+00:00,8c7e18eba1488dd5a7d4bdb00d4da0a75e895717,27579a5b-d52e-4b3a-b266-e21f946cedaf
32,6,3.5208308696746826,2026-08-19T05:53:09.944994+00:00,8c7e18eba1488dd5a7d4bdb00d4da0a75e895717,27579a5b-d52e-4b3a-b266-e21f946cedaf
32,7,2.8380682468414307,2026-08-19T05:53:09.944994+00:00,8c7e18eba1488dd5a7d4bdb00d4da0a75e895717,27579a5b-d52e-4b3a-b266-e21f946cedaf
32,8,2.8020265102386475,2026-08-19T05:53:09.944994+00:00,8c7e18eba1488dd5a7d4bdb00d4da0a75e895717,27579a5b-d52e-4b3a-b266-e21f946cedaf
33,1,0.8501730561256409,2026-08-19T05:53:09.944994+00:00,8c7e18eba1488dd5a7d4bdb00d4da0a75e895717,27579a5b-d52e-4b3a-b266-e21f946cedaf
33,2,0.7627509236335754,2026-08-19T05:53:09.944994+00:00,8c7e18eba1488dd5a7d4bdb00d4da0a75e895717,27579a5b-d52e-4b3a-b266-e21f946cedaf
33,3,0.9868184924125671,2026-08-19T05:53:09.944994+00:00,8c7e18eba1488dd5a7d4bdb00d4da0a75e895717,27579a5b-d52e-4b3a-b266-e21f946cedaf
33,4,0.9666551947593689,2026-08-19T05:53:09.944994+00:00,8c7e18eba1488dd5a7d4bdb00d4da0a75e895717,27579a5b-d52e-4b3a-b266-e21f946cedaf
33,5,0.8904237151145935,2026-08-19T05:53:09.944994+00:00,8c7e18eba1488dd5a7d4bdb00d4da0a75e895717,27579a5b-d52e-4b3a-b266-e21f946cedaf
33,6,0.9626705050468445,2026-08-19T05:53:09.944994+00:00,8c7e18eba1488dd5a7d4bdb00d4da0a75e895717,27579a5b-d52e-4b3a-b266-e21f946cedaf
33,7,0.7952333092689514,2026-08-19T05:53:09.944994+00:00,8c7e18eba1488dd5a7d4bdb00d4da0a75e895717,27579a5b-d52e-4b3a-b266-e21f946cedaf
33,8,0.7798389792442322,2026-08-19T05:53:09.944994+00:00,8c7e18eba1488dd5a7d4bdb00d4da0a75e895717,27579a5b-d52e-4b3a-b266-e21f946cedaf
34,1,0.8749664425849915,2026-08-19T05:53:09.944994+00:00,8c7e18eba1488dd5a7d4bdb00d4da0a75e895717,27579a5b-d52e-4b3a-b266-e21f946cedaf
34,2,0.8185919523239136,2026-08-19T05:53:09.944994+00:00,8c7e18eba1488dd5a7d4bdb00d4da0a75e895717,27579a5b-d52e-4b3a-b266-e21f946cedaf
34,3,0.9635353684425354,2026-08-19T05:53:09.944994+00:00,8c7e18eba1488dd5a7d4bdb00d4da0a75e895717,27579a5b-d52e-4b3a-b266-e21f946cedaf
34,4,0.9521887302398682,2026-08-19T05:53:09.944994+00:00,8c7e18eba1488dd5a7d4bdb00d4da0a75e895717,27579a5b-d52e-4b3a-b266-e21f946cedaf
34,5,0.9009494781494141,2026-08-19T05:53:09.944994+00:00,8c7e18eba1488dd5a7d4bdb00d4da0a75e895717,27579a5b-d52e-4b3a-b266-e21f946cedaf
34,6,0.9473256468772888,2026-08-19T05:53:09.944994+00:00,8c7e18eba1488dd5a7d4bdb00d4da0a75e895717,27579a5b-d52e-4b3a-b266-e21f946cedaf
34,7,0.8363187909126282,2026-08-19T05:53:09.944994+00:00,8c7e18eba1488dd5a7d4bdb00d4da0a75e895717,27579a5b-d52e-4b3a-b266-e21f946cedaf
34,8,0.8277388215065002,2026-08-19T05:53:09.944994+00:00,8c7e18eba1488dd5a7d4bdb00d4da0a75e895717,27579a5b-d52e-4b3a-b266-e21f946cedaf
35,1,1.1583235263824463,2026-08-19T05:53:09.944994+00:00,8c7e18eba1488dd5a7d4bdb00d4da0a75e895717,27579a5b-d52e-4b3a-b266-e21f946cedaf
35,2,1.0926562547683716,2026-08-19T05:53:09.944994+00:00,8c7e18eba1488dd5a7d4bdb00d4da0a75e895717,27579a5b-d52e-4b3a-b266-e21f946cedaf
35,3,1.254587173461914,2026-08-19T05:53:09.944994+00:00,8c7e18eba1488dd5a7d4bdb00d4da0a75e895717,27579a5b-d52e-4b3a-b266-e21f946cedaf
35,4,1.2161037921905518,2026-08-19T05:53:09.944994+00:00,8c7e18eba1488dd5a7d4bdb00d4da0a75e895717,27579a5b-d52e-4b3a-b266-e21f946cedaf
35,5,1.1881744861602783,2026-08-19T05:53:09.944994+00:00,8c7e18eba1488dd5a7d4bdb00d4da0a75e895717,27579a5b-d52e-4b3a-b266-e21f946cedaf
35,6,1.245437741279602,2026-08-19T05:53:09.944994+00:00,8c7e18eba1488dd5a7d4bdb00d4da0a75e895717,27579a5b-d52e-4b3a-b266-e21f946cedaf
35,7,1.1624343395233154,2026-08-19T05:53:09.944994+00:00,8c7e18eba1488dd5a7d4bdb00d4da0a75e895717,27579a5b-d52e-4b3a-b266-e21f946cedaf
35,8,1.1318823099136353,2026-08-19T05:53:09.944994+00:00,8c7e18eba1488dd5a7d4bdb00d4da0a75e895717,27579a5b-d52e-4b3a-b266-e21f946cedaf
36,1,0.9146578907966614,2026-08-19T05:53:09.944994+00:00,8c7e18eba1488dd5a7d4bdb00d4da0a75e895717,27579a5b-d52e-4b3a-b266-e21f946cedaf
36,2,0.8343498110771179,2026-08-19T05:53:09.944994+00:00,8c7e18eba1488dd5a7d4bdb00d4da0a75e895717,27579a5b-d52e-4b3a-b266-e21f946cedaf
36,3,1.0392550230026245,2026-08-19T05:53:09.944994+00:00,8c7e18eba1488dd5a7d4bdb00d4da0a75e895717,27579a5b-d52e-4b3a-b266-e21f946cedaf
36,4,1.0173346996307373,2026-08-19T05:53:09.944994+00:00,8c7e18eba1488dd5a7d4bdb00d4da0a75e895717,27579a5b-d52e-4b3a-b266-e21f946cedaf
36,5,0.9515771865844727,2026-08-19T05:53:09.944994+00:00,8c7e18eba1488dd5a7d4bdb00d4da0a75e895717,27579a5b-d52e-4b3a-b266-e21f946cedaf
36,6,1.0183809995651245,2026-08-19T05:53:09.944994+00:00,8c7e18eba1488dd5a7d4bdb00d4da0a75e895717,27579a5b-d52e-4b3a-b266-e21f946cedaf
36,7,0.8707959055900574,2026-08-19T05:53:09.944994+00:00,8c7e18eba1488dd5a7d4bdb00d4da0a75e895717,27579a5b-d52e-4b3a-b266-e21f946cedaf
36,8,0.8538897037506104,2026-08-19T05:53:09.944994+00:00,8c7e18eba1488dd5a7d4bdb00d4da0a75e895717,27579a5b-d52e-4b3a-b266-e21f946cedaf
37,1,0.9078277349472046,2026-08-19T05:53:09.944994+00:00,8c7e18eba1488dd5a7d4bdb00d4da0a75e895717,27579a5b-d52e-4b3a-b266-e21f946cedaf
37,2,0.8445287346839905,2026-08-19T05:53:09.944994+00:00,8c7e18eba1488dd5a7d4bdb00d4da0a75e895717,27579a5b-d52e-4b3a-b266-e21f946cedaf
37,3,1.0064374208450317,2026-08-19T05:53:09.944994+00:00,8c7e18eba1488dd5a7d4bdb00d4da0a75e895717,27579a5b-d52e-4b3a-b266-e21f946cedaf
37,4,0.9906301498413086,2026-08-19T05:53:09.944994+00:00,8c7e18eba1488dd5a7d4bdb00d4da0a75e895717,27579a5b-d52e-4b3a-b266-e21f946cedaf
37,5,0.9369518756866455,2026-08-19T05:53:09.944994+00:00,8c7e18eba1488dd5a7d4bdb00d4da0a75e895717,27579a5b-d52e-4b3a-b266-e21f946cedaf
37,6,0.9894179105758667,2026-08-19T05:53:09.944994+00:00,8c7e18eba1488dd5a7d4bdb00d4da0a75e895717,27579a5b-d52e-4b3a-b266-e21f946cedaf
37,7,0.870396614074707,2026-08-19T05:53:09.944994+00:00,8c7e18eba1488dd5a7d4bdb00d4da0a75e895717,27579a5b-d52e-4b3a-b266-e21f946cedaf
37,8,0.8582675457000732,2026-08-19T05:53:09.944994+00:00,8c7e18eba1488dd5a7d4bdb00d4da0a75e895717,27579a5b-d52e-4b3a-b266-e21f946cedaf
38,1,0.9951552748680115,2026-08-19T05:53:09.944994+00:00,8c7e18eba1488dd5a7d4bdb00d4da0a75e895717,27579a5b-d52e-4b3a-b266-e21f946cedaf
38,2,0.9861670732498169,2026-08-19T05:53:09.944994+00:00,8c7e18eba1488dd5a7d4bdb00d4da0a75e895717,27579a5b-d52e-4b3a-b266-e21f946cedaf
38,3,1.0091173648834229,2026-08-19T05:53:09.944994+00:00,8c7e18eba1488dd5a7d4bdb00d4da0a75e895717,27579a5b-d52e-4b3a-b266-e21f946cedaf
38,4,1.006726861000061,2026-08-19T05:53:09.944994+00:00,8c7e18eba1488dd5a7d4bdb00d4da0a75e895717,27579a5b-d52e-4b3a-b266-e21f946cedaf
38,5,0.9992883205413818,2026-08-19T05:53:09.944994+00:00,8c7e18eba1488dd5a7d4bdb00d4da0a75e895717,27579a5b-d52e-4b3a-b266-e21f946cedaf
38,6,1.0067570209503174,2026-08-19T05:53:09.944994+00:00,8c7e18eba1488dd5a7d4bdb00d4da0a75e895717,27579a5b-d52e-4b3a-b266-e21f946cedaf
38,7,0.9901241660118103,2026-08-19T05:53:09.944994+00:00,8c7e18eba1488dd5a7d4bdb00d4da0a75e895717,27579a5b-d52e-4b3a-b266-e21f946cedaf
38,8,0.9882831573486328,2026-08-19T05:53:09.944994+00:00,8c7e18eba1488dd5a7d4bdb00d4da0a75e895717,27579a5b-d52e-4b3a-b266-e21f946cedaf
39,1,0.0,2026-08-19T05:53:09.944994+00:00,8c7e18eba1488dd5a7d4bdb00d4da0a75e895717,27579a5b-d52e-4b3a-b266-e21f946cedaf
39,2,0.0,2026-08-19T05:53:09.944994+00:00,8c7e18eba1488dd5a7d4bdb00d4da0a75e895717,27579a5b-d52e-4b3a-b266-e21f946cedaf
39,3,0.0,2026-08-19T05:53:09.944994+00:00,8c7e18eba1488dd5a7d4bdb00d4da0a75e895717,27579a5b-d52e-4b3a-b266-e21f946cedaf
39,4,0.0,2026-08-19T05:53:09.944994+00:00,8c7e18eba1488dd5a7d4bdb00d4da0a75e895717,27579a5b-d52e-4b3a-b266-e21f946cedaf
39,5,0.0,2026-08-19T05:53:09.944994+00:00,8c7e18eba1488dd5a7d4bdb00d4da0a75e895717,27579a5b-d52e-4b3a-b266-e21f946cedaf
39,6,0.0,2026-08-19T05:53:09.944994+00:00,8c7e18eba1488dd5a7d4bdb00d4da0a75e895717,27579a5b-d52e-4b3a-b266-e21f946cedaf
39,7,0.0,2026-08-19T05:53:09.944994+00:00,8c7e18eba1488dd5a7d4bdb00d4da0a75e895717,27579a5b-d52e-4b3a-b266-e21f946cedaf
39,8,0.0,2026-08-19T05:53:09.944994+00:00,8c7e18eba1488dd5a7d4bdb00d4da0a75e895717,27579a5b-d52e-4b3a-b266-e21f946cedaf
40,1,0.0,2026-08-19T05:53:09.944994+00:00,8c7e18eba1488dd5a7d4bdb00d4da0a75e895717,27579a5b-d52e-4b3a-b266-e21f946cedaf
40,2,0.0,2026-08-19T05:53:09.944994+00:00,8c7e18eba1488dd5a7d4bdb00d4da0a75e895717,27579a5b-d52e-4b3a-b266-e21f946cedaf
40,3,0.0,2026-08-19T05:53:09.944994+00:00,8c7e18eba1488dd5a7d4bdb00d4da0a75e895717,27579a5b-d52e-4b3a-b266-e21f946cedaf
40,4,0.0,2026-08-19T05:53:09.944994+00:00,8c7e18eba1488dd5a7d4bdb00d4da0a75e895717,27579a5b-d52e-4b3a-b266-e21f946cedaf
40,5,0.0,2026-08-19T05:53:09.944994+00:00,8c7e18eba1488dd5a7d4bdb00d4da0a75e895717,27579a5b-d52e-4b3a-b266-e21f946cedaf
40,6,0.0,2026-08-19T05:53:09.944994+00:00,8c7e18eba1488dd5a7d4bdb00d4da0a75e895717,27579a5b-d52e-4b3a-b266-e21f946cedaf
40,7,0.0,2026-08-19T05:53:09.944994+00:00,8c7e18eba1488dd5a7d4bdb00d4da0a75e895717,27579a5b-d52e-4b3a-b266-e21f946cedaf
40,8,0.0,2026-08-19T05:53:09.944994+00:00,8c7e18eba1488dd5a7d4bdb00d4da0a75e895717,27579a5b-d52e-4b3a-b266-e21f946cedaf
41,1,1.8708629608154297,2026-08-19T05:53:09.944994+00:00,8c7e18eba1488dd5a7d4bdb00d4da0a75e895717,27579a5b-d52e-4b3a-b266-e21f946cedaf
41,2,1.7182960510253906,2026-08-19T05:53:09.944994+00:00,8c7e18eba1488dd5a7d4bdb00d4da0a75e895717,27579a5b-d52e-4b3a-b266-e21f946cedaf
41,3,2.094515323638916,2026-08-19T05:53:09.944994+00:00,8c7e18eba1488dd5a7d4bdb00d4da0a75e895717,27579a5b-d52e-4b3a-b266-e21f946cedaf
41,4,2.00510573387146,2026-08-19T05:53:09.944994+00:00,8c7e18eba1488dd5a7d4bdb00d4da0a75e895717,27579a5b-d52e-4b3a-b266-e21f946cedaf
41,5,1.9402165412902832,2026-08-19T05:53:09.944994+00:00,8c7e18eba1488dd5a7d4bdb00d4da0a75e895717,27579a5b-d52e-4b3a-b266-e21f946cedaf
41,6,2.0732581615448,2026-08-19T05:53:09.944994+00:00,8c7e18eba1488dd5a7d4bdb00d4da0a75e895717,27579a5b-d52e-4b3a-b266-e21f946cedaf
41,7,1.8804134130477905,2026-08-19T05:53:09.944994+00:00,8c7e18eba1488dd5a7d4bdb00d4da0a75e895717,27579a5b-d52e-4b3a-b266-e21f946cedaf
41,8,1.8094310760498047,2026-08-19T05:53:09.944994+00:00,8c7e18eba1488dd5a7d4bdb00d4da0a75e895717,27579a5b-d52e-4b3a-b266-e21f946cedaf
42,1,1.5604287385940552,2026-08-19T05:53:09.944994+00:00,8c7e18eba1488dd5a7d4bdb00d4da0a75e895717,27579a5b-d52e-4b3a-b266-e21f946cedaf
42,2,1.4707252979278564,2026-08-19T05:53:09.944994+00:00,8c7e18eba1488dd5a7d4bdb00d4da0a75e895717,27579a5b-d52e-4b3a-b266-e21f946cedaf
42,3,1.571017861366272,2026-08-19T05:53:09.944994+00:00,8c7e18eba1488dd5a7d4bdb00d4da0a75e895717,27579a5b-d52e-4b3a-b266-e21f946cedaf
42,4,1.9563697576522827,2026-08-19T05:53:09.944994+00:00,8c7e18eba1488dd5a7d4bdb00d4da0a75e895717,27579a5b-d52e-4b3a-b266-e21f946cedaf
42,5,1.6181765794754028,2026-08-19T05:53:09.944994+00:00,8c7e18eba1488dd5a7d4bdb00d4da0a75e895717,27579a5b-d52e-4b3a-b266-e21f946cedaf
42,6,1.6141051054000854,2026-08-19T05:53:09.944994+00:00,8c7e18eba1488dd5a7d4bdb00d4da0a75e895717,27579a5b-d52e-4b3a-b266-e21f946cedaf
42,7,1.561293363571167,2026-08-19T05:53:09.944994+00:00,8c7e18eba1488dd5a7d4bdb00d4da0a75e895717,27579a5b-d52e-4b3a-b266-e21f946cedaf
42,8,1.6414209604263306,2026-08-19T05:53:09.944994+00:00,8c7e18eba1488dd5a7d4bdb00d4da0a75e895717,27579a5b-d52e-4b3a-b266-e21f946cedaf
43,1,0.0,2026-08-19T05:53:09.944994+00:00,8c7e18eba1488dd5a7d4bdb00d4da0a75e895717,27579a5b-d52e-4b3a-b266-e21f946cedaf
43,2,0.0,2026-08-19T05:53:09.944994+00:00,8c7e18eba1488dd5a7d4bdb00d4da0a75e895717,27579a5b-d52e-4b3a-b266-e21f946cedaf
43,3,0.0,2026-08-19T05:53:09.944994+00:00,8c7e18eba1488dd5a7d4bdb00d4da0a75e895717,27579a5b-d52e-4b3a-b266-e21f946cedaf
43,4,0.0,2026-08-19T05:53:09.944994+00:00,8c7e18eba1488dd5a7d4bdb00d4da0a75e895717,27579a5b-d52e-4b3a-b266-e21f946cedaf
43,5,0.0,2026-08-19T05:53:09.944994+00:00,8c7e18eba1488dd5a7d4bdb00d4da0a75e895717,27579a5b-d52e-4b3a-b266-e21f946cedaf
43,6,0.0,2026-08-19T05:53:09.944994+00:00,8c7e18eba1488dd5a7d4bdb00d4da0a75e895717,27579a5b-d52e-4b3a-b266-e21f946cedaf
43,7,0.0,2026-08-19T05:53:09.944994+00:00,8c7e18eba1488dd5a7d4bdb00d4da0a75e895717,27579a5b-d52e-4b3a-b266-e21f946cedaf
43,8,0.0,2026-08-19T05:53:09.944994+00:00,8c7e18eba1488dd5a7d4bdb00d4da0a75e895717,27579a5b-d52e-4b3a-b266-e21f946cedaf
44,1,1.4480005502700806,2026-08-19T05:53:09.944994+00:00,8c7e18eba1488dd5a7d4bdb00d4da0a75e895717,27579a5b-d52e-4b3a-b266-e21f946cedaf
44,2,1.354257583618164,2026-08-19T05:53:09.944994+00:00,8c7e18eba1488dd5a7d4bdb00d4da0a75e895717,27579a5b-d52e-4b3a-b266-e21f946cedaf
44,3,1.5854209661483765,2026-08-19T05:53:09.944994+00:00,8c7e18eba1488dd5a7d4bdb00d4da0a75e895717,27579a5b-d52e-4b3a-b266-e21f946cedaf
44,4,1.5304841995239258,2026-08-19T05:53:09.944994+00:00,8c7e18eba1488dd5a7d4bdb00d4da0a75e895717,27579a5b-d52e-4b3a-b266-e21f946cedaf
44,5,1.4906139373779297,2026-08-19T05:53:09.944994+00:00,8c7e18eba1488dd5a7d4bdb00d4da0a75e895717,27579a5b-d52e-4b3a-b266-e21f946cedaf
44,6,1.5723596811294556,2026-08-19T05:53:09.944994+00:00,8c7e18eba1488dd5a7d4bdb00d4da0a75e895717,27579a5b-d52e-4b3a-b266-e21f946cedaf
44,7,1.4538686275482178,2026-08-19T05:53:09.944994+00:00,8c7e18eba1488dd5a7d4bdb00d4da0a75e895717,27579a5b-d52e-4b3a-b266-e21f946cedaf
44,8,1.4102544784545898,2026-08-19T05:53:09.944994+00:00,8c7e18eba1488dd5a7d4bdb00d4da0a75e895717,27579a5b-d52e-4b3a-b266-e21f946cedaf
45,1,1.4399445056915283,2026-08-19T05:53:09.944994+00:00,8c7e18eba1488dd5a7d4bdb00d4da0a75e895717,27579a5b-d52e-4b3a-b266-e21f946cedaf
45,2,1.3056230545043945,2026-08-19T05:53:09.944994+00:00,8c7e18eba1488dd5a7d4bdb00d4da0a75e895717,27579a5b-d52e-4b3a-b266-e21f946cedaf
45,3,1.636850118637085,2026-08-19T05:53:09.944994+00:00,8c7e18eba1488dd5a7d4bdb00d4da0a75e895717,27579a5b-d52e-4b3a-b266-e21f946cedaf
45,4,1.5581328868865967,2026-08-19T05:53:09.944994+00:00,8c7e18eba1488dd5a7d4bdb00d4da0a75e895717,27579a5b-d52e-4b3a-b266-e21f946cedaf
45,5,1.5010037422180176,2026-08-19T05:53:09.944994+00:00,8c7e18eba1488dd5a7d4bdb00d4da0a75e895717,27579a5b-d52e-4b3a-b266-e21f946cedaf
45,6,1.61813485622406,2026-08-19T05:53:09.944994+00:00,8c7e18eba1488dd5a7d4bdb00d4da0a75e895717,27579a5b-d52e-4b3a-b266-e21f946cedaf
45,7,1.4483528137207031,2026-08-19T05:53:09.944994+00:00,8c7e18eba1488dd5a7d4bdb00d4da0a75e895717,27579a5b-d52e-4b3a-b266-e21f946cedaf
45,8,1.3858592510223389,2026-08-19T05:53:09.944994+00:00,8c7e18eba1488dd5a7d4bdb00d4da0a75e895717,27579a5b-d52e-4b3a-b266-e21f946cedaf
46,1,3.793135166168213,2026-08-19T05:53:09.944994+00:00,8c7e18eba1488dd5a7d4bdb00d4da0a75e895717,27579a5b-d52e-4b3a-b266-e21f946cedaf
46,2,3.544346809387207,2026-08-19T05:53:09.944994+00:00,8c7e18eba1488dd5a7d4bdb00d4da0a75e895717,27579a5b-d52e-4b3a-b266-e21f946cedaf
46,3,4.18212890625,2026-08-19T05:53:09.944994+00:00,8c7e18eba1488dd5a7d4bdb00d4da0a75e895717,27579a5b-d52e-4b3a-b266-e21f946cedaf
46,4,4.0588698387146,2026-08-19T05:53:09.944994+00:00,8c7e18eba1488dd5a7d4bdb00d4da0a75e895717,27579a5b-d52e-4b3a-b266-e21f946cedaf
46,5,3.9087629318237305,2026-08-19T05:53:09.944994+00:00,8c7e18eba1488dd5a7d4bdb00d4da0a75e895717,27579a5b-d52e-4b3a-b266-e21f946cedaf
46,6,4.129427433013916,2026-08-19T05:53:09.944994+00:00,8c7e18eba1488dd5a7d4bdb00d4da0a75e895717,27579a5b-d52e-4b3a-b266-e21f946cedaf
46,7,3.7642464637756348,2026-08-19T05:53:09.944994+00:00,8c7e18eba1488dd5a7d4bdb00d4da0a75e895717,27579a5b-d52e-4b3a-b266-e21f946cedaf
46,8,3.6665449142456055,2026-08-19T05:53:09.944994+00:00,8c7e18eba1488dd5a7d4bdb00d4da0a75e895717,27579a5b-d52e-4b3a-b266-e21f946cedaf
47,1,3.094562292098999,2026-08-19T05:53:09.944994+00:00,8c7e18eba1488dd5a7d4bdb00d4da0a75e895717,27579a5b-d52e-4b3a-b266-e21f946cedaf
47,2,2.9501264095306396,2026-08-19T05:53:09.944994+00:00,8c7e18eba1488dd5a7d4bdb00d4da0a75e895717,27579a5b-d52e-4b3a-b266-e21f946cedaf
47,3,3.3305816650390625,2026-08-19T05:53:09.944994+00:00,8c7e18eba1488dd5a7d4bdb00d4da0a75e895717,27579a5b-d52e-4b3a-b266-e21f946cedaf
47,4,3.268477201461792,2026-08-19T05:53:09.944994+00:00,8c7e18eba1488dd5a7d4bdb00d4da0a75e895717,27579a5b-d52e-4b3a-b266-e21f946cedaf
47,5,3.1627533435821533,2026-08-19T05:53:09.944994+00:00,8c7e18eba1488dd5a7d4bdb00d4da0a75e895717,27579a5b-d52e-4b3a-b266-e21f946cedaf
47,6,3.292419910430908,2026-08-19T05:53:09.944994+00:00,8c7e18eba1488dd5a7d4bdb00d4da0a75e895717,27579a5b-d52e-4b3a-b266-e21f946cedaf
47,7,3.059141159057617,2026-08-19T05:53:09.944994+00:00,8c7e18eba1488dd5a7d4bdb00d4da0a75e895717,27579a5b-d52e-4b3a-b266-e21f946cedaf
47,8,3.0099902153015137,2026-08-19T05:53:09.944994+00:00,8c7e18eba1488dd5a7d4bdb00d4da0a75e895717,27579a5b-d52e-4b3a-b266-e21f946cedaf
48,1,0.0,2026-08-19T05:53:09.944994+00:00,8c7e18eba1488dd5a7d4bdb00d4da0a75e895717,27579a5b-d52e-4b3a-b266-e21f946cedaf
48,2,0.0,2026-08-19T05:53:09.944994+00:00,8c7e18eba1488dd5a7d4bdb00d4da0a75e895717,27579a5b-d52e-4b3a-b266-e21f946cedaf
48,3,0.0,2026-08-19T05:53:09.944994+00:00,8c7e18eba1488dd5a7d4bdb00d4da0a75e895717,27579a5b-d52e-4b3a-b266-e21f946cedaf
48,4,0.0,2026-08-19T05:53:09.944994+00:00,8c7e18eba1488dd5a7d4bdb00d4da0a75e895717,27579a5b-d52e-4b3a-b266-e21f946cedaf
48,5,0.0,2026-08-19T05:53:09.944994+00:00,8c7e18eba1488dd5a7d4bdb00d4da0a75e895717,27579a5b-d52e-4b3a-b266-e21f946cedaf
48,6,0.0,2026-08-19T05:53:09.944994+00:00,8c7e18eba1488dd5a7d4bdb00d4da0a75e895717,27579a5b-d52e-4b3a-b266-e21f946cedaf
48,7,0.0,2026-08-19T05:53:09.944994+00:00,8c7e18eba1488dd5a7d4bdb00d4da0a75e895717,27579a5b-d52e-4b3a-b266-e21f946cedaf
48,8,0.0,2026-08-19T05:53:09.944994+00:00,8c7e18eba1488dd5a7d4bdb00d4da0a75e895717,27579a5b-d52e-4b3a-b266-e21f946cedaf
49,1,0.0,2026-08-19T05:53:09.944994+00:00,8c7e18eba1488dd5a7d4bdb00d4da0a75e895717,27579a5b-d52e-4b3a-b266-e21f946cedaf
49,2,0.0,2026-08-19T05:53:09.944994+00:00,8c7e18eba1488dd5a7d4bdb00d4da0a75e895717,27579a5b-d52e-4b3a-b266-e21f946cedaf
49,3,0.0,2026-08-19T05:53:09.944994+00:00,8c7e18eba1488dd5a7d4bdb00d4da0a75e895717,27579a5b-d52e-4b3a-b266-e21f946cedaf
49,4,0.0,2026-08-19T05:53:09.944994+00:00,8c7e18eba1488dd5a7d4bdb00d4da0a75e895717,27579a5b-d52e-4b3a-b266-e21f946cedaf
49,5,0.0,2026-08-19T05:53:09.944994+00:00,8c7e18eba1488dd5a7d4bdb00d4da0a75e895717,27579a5b-d52e-4b3a-b266-e21f946cedaf
49,6,0.0,2026-08-19T05:53:09.944994+00:00,8c7e18eba1488dd5a7d4bdb00d4da0a75e895717,27579a5b-d52e-4b3a-b266-e21f946cedaf
49,7,0.0,2026-08-19T05:53:09.944994+00:00,8c7e18eba1488dd5a7d4bdb00d4da0a75e895717,27579a5b-d52e-4b3a-b266-e21f946cedaf
49,8,0.0,2026-08-19T05:53:09.944994+00:00,8c7e18eba1488dd5a7d4bdb00d4da0a75e895717,27579a5b-d52e-4b3a-b266-e21f946cedaf
50,1,0.0,2026-08-19T05:53:09.944994+00:00,8c7e18eba1488dd5a7d4bdb00d4da0a75e895717,27579a5b-d52e-4b3a-b266-e21f946cedaf
50,2,0.0,2026-08-19T05:53:09.944994+00:00,8c7e18eba1488dd5a7d4bdb00d4da0a75e895717,27579a5b-d52e-4b3a-b266-e21f946cedaf
50,3,0.0,2026-08-19T05:53:09.944994+00:00,8c7e18eba1488dd5a7d4bdb00d4da0a75e895717,27579a5b-d52e-4b3a-b266-e21f946cedaf
50,4,0.0,2026-08-19T05:53:09.944994+00:00,8c7e18eba1488dd5a7d4bdb00d4da0a75e895717,27579a5b-d52e-4b3a-b266-e21f946cedaf
50,5,0.0,2026-08-19T05:53:09.944994+00:00,8c7e18eba1488dd5a7d4bdb00d4da0a75e895717,27579a5b-d52e-4b3a-b266-e21f946cedaf
50,6,0.0,2026-08-19T05:53:09.944994+00:00,8c7e18eba1488dd5a7d4bdb00d4da0a75e895717,27579a5b-d52e-4b3a-b266-e21f946cedaf
50,7,0.0,2026-08-19T05:53:09.944994+00:00,8c7e18eba1488dd5a7d4bdb00d4da0a75e895717,27579a5b-d52e-4b3a-b266-e21f946cedaf
50,8,0.0,2026-08-19T05:53:09.944994+00:00,8c7e18eba1488dd5a7d4bdb00d4da0a75e895717,27579a5b-d52e-4b3a-b266-e21f946cedaf
51,1,0.0,2026-08-19T05:53:09.944994+00:00,8c7e18eba1488dd5a7d4bdb00d4da0a75e895717,27579a5b-d52e-4b3a-b266-e21f946cedaf
51,2,0.0,2026-08-19T05:53:09.944994+00:00,8c7e18eba1488dd5a7d4bdb00d4da0a75e895717,27579a5b-d52e-4b3a-b266-e21f946cedaf
51,3,0.0,2026-08-19T05:53:09.944994+00:00,8c7e18eba1488dd5a7d4bdb00d4da0a75e895717,27579a5b-d52e-4b3a-b266-e21f946cedaf
51,4,0.0,2026-08-19T05:53:09.944994+00:00,8c7e18eba1488dd5a7d4bdb00d4da0a75e895717,27579a5b-d52e-4b3a-b266-e21f946cedaf
51,5,0.0,2026-08-19T05:53:09.944994+00:00,8c7e18eba1488dd5a7d4bdb00d4da0a75e895717,27579a5b-d52e-4b3a-b266-e21f946cedaf
51,6,0.0,2026-08-19T05:53:09.944994+00:00,8c7e18eba1488dd5a7d4bdb00d4da0a75e895717,27579a5b-d52e-4b3a-b266-e21f946cedaf
51,7,0.0,2026-08-19T05:53:09.944994+00:00,8c7e18eba1488dd5a7d4bdb00d4da0a75e895717,27579a5b-d52e-4b3a-b266-e21f946cedaf
51,8,0.0,2026-08-19T05:53:09.944994+00:00,8c7e18eba1488dd5a7d4bdb00d4da0a75e895717,27579a5b-d52e-4b3a-b266-e21f946cedaf
52,1,1.0419772863388062,2026-08-19T05:53:09.944994+00:00,8c7e18eba1488dd5a7d4bdb00d4da0a75e895717,27579a5b-d52e-4b3a-b266-e21f946cedaf
52,2,1.0331937074661255,2026-08-19T05:53:09.944994+00:00,8c7e18eba1488dd5a7d4bdb00d4da0a75e895717,27579a5b-d52e-4b3a-b266-e21f946cedaf
52,3,1.0548534393310547,2026-08-19T05:53:09.944994+00:00,8c7e18eba1488dd5a7d4bdb00d4da0a75e895717,27579a5b-d52e-4b3a-b266-e21f946cedaf
52,4,1.049705982208252,2026-08-19T05:53:09.944994+00:00,8c7e18eba1488dd5a7d4bdb00d4da0a75e895717,27579a5b-d52e-4b3a-b266-e21f946cedaf
52,5,1.04597008228302,2026-08-19T05:53:09.944994+00:00,8c7e18eba1488dd5a7d4bdb00d4da0a75e895717,27579a5b-d52e-4b3a-b266-e21f946cedaf
52,6,1.0536296367645264,2026-08-19T05:53:09.944994+00:00,8c7e18eba1488dd5a7d4bdb00d4da0a75e895717,27579a5b-d52e-4b3a-b266-e21f946cedaf
52,7,1.0425270795822144,2026-08-19T05:53:09.944994+00:00,8c7e18eba1488dd5a7d4bdb00d4da0a75e895717,27579a5b-d52e-4b3a-b266-e21f946cedaf
52,8,1.038440465927124,2026-08-19T05:53:09.944994+00:00,8c7e18eba1488dd5a7d4bdb00d4da0a75e895717,27579a5b-d52e-4b3a-b266-e21f946cedaf
53,1,0.0,2026-08-19T05:53:09.944994+00:00,8c7e18eba1488dd5a7d4bdb00d4da0a75e895717,27579a5b-d52e-4b3a-b266-e21f946cedaf
53,2,0.0,2026-08-19T05:53:09.944994+00:00,8c7e18eba1488dd5a7d4bdb00d4da0a75e895717,27579a5b-d52e-4b3a-b266-e21f946cedaf
53,3,0.0,2026-08-19T05:53:09.944994+00:00,8c7e18eba1488dd5a7d4bdb00d4da0a75e895717,27579a5b-d52e-4b3a-b266-e21f946cedaf
53,4,0.0,2026-08-19T05:53:09.944994+00:00,8c7e18eba1488dd5a7d4bdb00d4da0a75e895717,27579a5b-d52e-4b3a-b266-e21f946cedaf
53,5,0.0,2026-08-19T05:53:09.944994+00:00,8c7e18eba1488dd5a7d4bdb00d4da0a75e895717,27579a5b-d52e-4b3a-b266-e21f946cedaf
53,6,0.0,2026-08-19T05:53:09.944994+00:00,8c7e18eba1488dd5a7d4bdb00d4da0a75e895717,27579a5b-d52e-4b3a-b266-e21f946cedaf
53,7,0.0,2026-08-19T05:53:09.944994+00:00,8c7e18eba1488dd5a7d4bdb00d4da0a75e895717,27579a5b-d52e-4b3a-b266-e21f946cedaf
53,8,0.0,2026-08-19T05:53:09.944994+00:00,8c7e18eba1488dd5a7d4bdb00d4da0a75e895717,27579a5b-d52e-4b3a-b266-e21f946cedaf
54,1,0.0,2026-08-19T05:53:09.944994+00:00,8c7e18eba1488dd5a7d4bdb00d4da0a75e895717,27579a5b-d52e-4b3a-b266-e21f946cedaf
54,2,0.0,2026-08-19T05:53:09.944994+00:00,8c7e18eba1488dd5a7d4bdb00d4da0a75e895717,27579a5b-d52e-4b3a-b266-e21f946cedaf
54,3,0.0,2026-08-19T05:53:09.944994+00:00,8c7e18eba1488dd5a7d4bdb00d4da0a75e895717,27579a5b-d52e-4b3a-b266-e21f946cedaf
54,4,0.0,2026-08-19T05:53:09.944994+00:00,8c7e18eba1488dd5a7d4bdb00d4da0a75e895717,27579a5b-d52e-4b3a-b266-e21f946cedaf
54,5,0.0,2026-08-19T05:53:09.944994+00:00,8c7e18eba1488dd5a7d4bdb00d4da0a75e895717,27579a5b-d52e-4b3a-b266-e21f946cedaf
54,6,0.0,2026-08-19T05:53:09.944994+00:00,8c7e18eba1488dd5a7d4bdb00d4da0a75e895717,27579a5b-d52e-4b3a-b266-e21f946cedaf
54,7,0.0,2026-08-19T05:53:09.944994+00:00,8c7e18eba1488dd5a7d4bdb00d4da0a75e895717,27579a5b-d52e-4b3a-b266-e21f946cedaf
54,8,0.0,2026-08-19T05:53:09.944994+00:00,8c7e18eba1488dd5a7d4bdb00d4da0a75e895717,27579a5b-d52e-4b3a-b266-e21f946cedaf
55,1,4.776986122131348,2026-08-19T05:53:09.944994+00:00,8c7e18eba1488dd5a7d4bdb00d4da0a75e895717,27579a5b-d52e-4b3a-b266-e21f946cedaf
55,2,4.34749698638916,2026-08-19T05:53:09.944994+00:00,8c7e18eba1488dd5a7d4bdb00d4da0a75e895717,27579a5b-d52e-4b3a-b266-e21f946cedaf
55,3,5.406587600708008,2026-08-19T05:53:09.944994+00:00,8c7e18eba1488dd5a7d4bdb00d4da0a75e895717,27579a5b-d52e-4b3a-b266-e21f946cedaf
55,4,5.154891014099121,2026-08-19T05:53:09.944994+00:00,8c7e18eba1488dd5a7d4bdb00d4da0a75e895717,27579a5b-d52e-4b3a-b266-e21f946cedaf
55,5,4.972223281860352,2026-08-19T05:53:09.944994+00:00,8c7e18eba1488dd5a7d4bdb00d4da0a75e895717,27579a5b-d52e-4b3a-b266-e21f946cedaf
55,6,5.346746444702148,2026-08-19T05:53:09.944994+00:00,8c7e18eba1488dd5a7d4bdb00d4da0a75e895717,27579a5b-d52e-4b3a-b266-e21f946cedaf
55,7,4.803872108459473,2026-08-19T05:53:09.944994+00:00,8c7e18eba1488dd5a7d4bdb00d4da0a75e895717,27579a5b-d52e-4b3a-b266-e21f946cedaf
55,8,4.604050636291504,2026-08-19T05:53:09.944994+00:00,8c7e18eba1488dd5a7d4bdb00d4da0a75e895717,27579a5b-d52e-4b3a-b266-e21f946cedaf
56,1,1.335368037223816,2026-08-19T05:53:09.944994+00:00,8c7e18eba1488dd5a7d4bdb00d4da0a75e895717,27579a5b-d52e-4b3a-b266-e21f946cedaf
56,2,1.265193223953247,2026-08-19T05:53:09.944994+00:00,8c7e18eba1488dd5a7d4bdb00d4da0a75e895717,27579a5b-d52e-4b3a-b266-e21f946cedaf
56,3,1.438239336013794,2026-08-19T05:53:09.944994+00:00,8c7e18eba1488dd5a7d4bdb00d4da0a75e895717,27579a5b-d52e-4b3a-b266-e21f946cedaf
56,4,1.3971143960952759,2026-08-19T05:53:09.944994+00:00,8c7e18eba1488dd5a7d4bdb00d4da0a75e895717,27579a5b-d52e-4b3a-b266-e21f946cedaf
56,5,1.3672678470611572,2026-08-19T05:53:09.944994+00:00,8c7e18eba1488dd5a7d4bdb00d4da0a75e895717,27579a5b-d52e-4b3a-b266-e21f946cedaf
56,6,1.4284617900848389,2026-08-19T05:53:09.944994+00:00,8c7e18eba1488dd5a7d4bdb00d4da0a75e895717,27579a5b-d52e-4b3a-b266-e21f946cedaf
56,7,1.3397607803344727,2026-08-19T05:53:09.944994+00:00,8c7e18eba1488dd5a7d4bdb00d4da0a75e895717,27579a5b-d52e-4b3a-b266-e21f946cedaf
56,8,1.3071117401123047,2026-08-19T05:53:09.944994+00:00,8c7e18eba1488dd5a7d4bdb00d4da0a75e895717,27579a5b-d52e-4b3a-b266-e21f946cedaf
57,1,2.412309169769287,2026-08-19T05:53:09.944994+00:00,8c7e18eba1488dd5a7d4bdb00d4da0a75e895717,27579a5b-d52e-4b3a-b266-e21f946cedaf
57,2,3.8098223209381104,2026-08-19T05:53:09.944994+00:00,8c7e18eba1488dd5a7d4bdb00d4da0a75e895717,27579a5b-d52e-4b3a-b266-e21f946cedaf
57,3,2.842177629470825,2026-08-19T05:53:09.944994+00:00,8c7e18eba1488dd5a7d4bdb00d4da0a75e895717,27579a5b-d52e-4b3a-b266-e21f946cedaf
57,4,3.4251224994659424,2026-08-19T05:53:09.944994+00:00,8c7e18eba1488dd5a7d4bdb00d4da0a75e895717,27579a5b-d52e-4b3a-b266-e21f946cedaf
57,5,2.828646421432495,2026-08-19T05:53:09.944994+00:00,8c7e18eba1488dd5a7d4bdb00d4da0a75e895717,27579a5b-d52e-4b3a-b266-e21f946cedaf
57,6,2.90755033493042,2026-08-19T05:53:09.944994+00:00,8c7e18eba1488dd5a7d4bdb00d4da0a75e895717,27579a5b-d52e-4b3a-b266-e21f946cedaf
57,7,3.771747589111328,2026-08-19T05:53:09.944994+00:00,8c7e18eba1488dd5a7d4bdb00d4da0a75e895717,27579a5b-d52e-4b3a-b266-e21f946cedaf
57,8,2.8460052013397217,2026-08-19T05:53:09.944994+00:00,8c7e18eba1488dd5a7d4bdb00d4da0a75e895717,27579a5b-d52e-4b3a-b266-e21f946cedaf
58,1,0.0,2026-08-19T05:53:09.944994+00:00,8c7e18eba1488dd5a7d4bdb00d4da0a75e895717,27579a5b-d52e-4b3a-b266-e21f946cedaf
58,2,0.0,2026-08-19T05:53:09.944994+00:00,8c7e18eba1488dd5a7d4bdb00d4da0a75e895717,27579a5b-d52e-4b3a-b266-e21f946cedaf
58,3,0.0,2026-08-19T05:53:09.944994+00:00,8c7e18eba1488dd5a7d4bdb00d4da0a75e895717,27579a5b-d52e-4b3a-b266-e21f946cedaf
58,4,0.0,2026-08-19T05:53:09.944994+00:00,8c7e18eba1488dd5a7d4bdb00d4da0a75e895717,27579a5b-d52e-4b3a-b266-e21f946cedaf
58,5,0.0,2026-08-19T05:53:09.944994+00:00,8c7e18eba1488dd5a7d4bdb00d4da0a75e895717,27579a5b-d52e-4b3a-b266-e21f946cedaf
58,6,0.0,2026-08-19T05:53:09.944994+00:00,8c7e18eba1488dd5a7d4bdb00d4da0a75e895717,27579a5b-d52e-4b3a-b266-e21f946cedaf
58,7,0.0,2026-08-19T05:53:09.944994+00:00,8c7e18eba1488dd5a7d4bdb00d4da0a75e895717,27579a5b-d52e-4b3a-b266-e21f946cedaf
58,8,0.0,2026-08-19T05:53:09.944994+00:00,8c7e18eba1488dd5a7d4bdb00d4da0a75e895717,27579a5b-d52e-4b3a-b266-e21f946cedaf
59,1,0.0,2026-08-19T05:53:09.944994+00:00,8c7e18eba1488dd5a7d4bdb00d4da0a75e895717,27579a5b-d52e-4b3a-b266-e21f946cedaf
59,2,0.0,2026-08-19T05:53:09.944994+00:00,8c7e18eba1488dd5a7d4bdb00d4da0a75e895717,27579a5b-d52e-4b3a-b266-e21f946cedaf
59,3,0.0,2026-08-19T05:53:09.944994+00:00,8c7e18eba1488dd5a7d4bdb00d4da0a75e895717,27579a5b-d52e-4b3a-b266-e21f946cedaf
59,4,0.0,2026-08-19T05:53:09.944994+00:00,8c7e18eba1488dd5a7d4bdb00d4da0a75e895717,27579a5b-d52e-4b3a-b266-e21f946cedaf
59,5,0.0,2026-08-19T05:53:09.944994+00:00,8c7e18eba1488dd5a7d4bdb00d4da0a75e895717,27579a5b-d52e-4b3a-b266-e21f946cedaf
59,6,0.0,2026-08-19T05:53:09.944994+00:00,8c7e18eba1488dd5a7d4bdb00d4da0a75e895717,27579a5b-d52e-4b3a-b266-e21f946cedaf
59,7,0.0,2026-08-19T05:53:09.944994+00:00,8c7e18eba1488dd5a7d4bdb00d4da0a75e895717,27579a5b-d52e-4b3a-b266-e21f946cedaf
59,8,0.0,2026-08-19T05:53:09.944994+00:00,8c7e18eba1488dd5a7d4bdb00d4da0a75e895717,27579a5b-d52e-4b3a-b266-e21f946cedaf
60,1,2.943237543106079,2026-08-19T05:53:09.944994+00:00,8c7e18eba1488dd5a7d4bdb00d4da0a75e895717,27579a5b-d52e-4b3a-b266-e21f946cedaf
60,2,4.487072944641113,2026-08-19T05:53:09.944994+00:00,8c7e18eba1488dd5a7d4bdb00d4da0a75e895717,27579a5b-d52e-4b3a-b266-e21f946cedaf
60,3,3.463390350341797,2026-08-19T05:53:09.944994+00:00,8c7e18eba1488dd5a7d4bdb00d4da0a75e895717,27579a5b-d52e-4b3a-b266-e21f946cedaf
60,4,4.122262954711914,2026-08-19T05:53:09.944994+00:00,8c7e18eba1488dd5a7d4bdb00d4da0a75e895717,27579a5b-d52e-4b3a-b266-e21f946cedaf
60,5,3.459411144256592,2026-08-19T05:53:09.944994+00:00,8c7e18eba1488dd5a7d4bdb00d4da0a75e895717,27579a5b-d52e-4b3a-b266-e21f946cedaf
60,6,3.5168204307556152,2026-08-19T05:53:09.944994+00:00,8c7e18eba1488dd5a7d4bdb00d4da0a75e895717,27579a5b-d52e-4b3a-b266-e21f946cedaf
60,7,4.453358173370361,2026-08-19T05:53:09.944994+00:00,8c7e18eba1488dd5a7d4bdb00d4da0a75e895717,27579a5b-d52e-4b3a-b266-e21f946cedaf
60,8,3.454162120819092,2026-08-19T05:53:09.944994+00:00,8c7e18eba1488dd5a7d4bdb00d4da0a75e895717,27579a5b-d52e-4b3a-b266-e21f946cedaf
61,1,2.9201388359069824,2026-08-19T05:53:09.944994+00:00,8c7e18eba1488dd5a7d4bdb00d4da0a75e895717,27579a5b-d52e-4b3a-b266-e21f946cedaf
61,2,4.519688606262207,2026-08-19T05:53:09.944994+00:00,8c7e18eba1488dd5a7d4bdb00d4da0a75e895717,27579a5b-d52e-4b3a-b266-e21f946cedaf
61,3,3.4746687412261963,2026-08-19T05:53:09.944994+00:00,8c7e18eba1488dd5a7d4bdb00d4da0a75e895717,27579a5b-d52e-4b3a-b266-e21f946cedaf
61,4,4.16245174407959,2026-08-19T05:53:09.944994+00:00,8c7e18eba1488dd5a7d4bdb00d4da0a75e895717,27579a5b-d52e-4b3a-b266-e21f946cedaf
61,5,3.4743266105651855,2026-08-19T05:53:09.944994+00:00,8c7e18eba1488dd5a7d4bdb00d4da0a75e895717,27579a5b-d52e-4b3a-b266-e21f946cedaf
61,6,3.5235514640808105,2026-08-19T05:53:09.944994+00:00,8c7e18eba1488dd5a7d4bdb00d4da0a75e895717,27579a5b-d52e-4b3a-b266-e21f946cedaf
61,7,4.487634181976318,2026-08-19T05:53:09.944994+00:00,8c7e18eba1488dd5a7d4bdb00d4da0a75e895717,27579a5b-d52e-4b3a-b266-e21f946cedaf
61,8,3.4604692459106445,2026-08-19T05:53:09.944994+00:00,8c7e18eba1488dd5a7d4bdb00d4da0a75e895717,27579a5b-d52e-4b3a-b266-e21f946cedaf
62,1,0.0,2026-08-19T05:53:09.944994+00:00,8c7e18eba1488dd5a7d4bdb00d4da0a75e895717,27579a5b-d52e-4b3a-b266-e21f946cedaf
62,2,0.0,2026-08-19T05:53:09.944994+00:00,8c7e18eba1488dd5a7d4bdb00d4da0a75e895717,27579a5b-d52e-4b3a-b266-e21f946cedaf
62,3,0.0,2026-08-19T05:53:09.944994+00:00,8c7e18eba1488dd5a7d4bdb00d4da0a75e895717,27579a5b-d52e-4b3a-b266-e21f946cedaf
62,4,0.0,2026-08-19T05:53:09.944994+00:00,8c7e18eba1488dd5a7d4bdb00d4da0a75e895717,27579a5b-d52e-4b3a-b266-e21f946cedaf
62,5,0.0,2026-08-19T05:53:09.944994+00:00,8c7e18eba1488dd5a7d4bdb00d4da0a75e895717,27579a5b-d52e-4b3a-b266-e21f946cedaf
62,6,0.0,2026-08-19T05:53:09.944994+00:00,8c7e18eba1488dd5a7d4bdb00d4da0a75e895717,27579a5b-d52e-4b3a-b266-e21f946cedaf
62,7,0.0,2026-08-19T05:53:09.944994+00:00,8c7e18eba1488dd5a7d4bdb00d4da0a75e895717,27579a5b-d52e-4b3a-b266-e21f946cedaf
62,8,0.0,2026-08-19T05:53:09.944994+00:00,8c7e18eba1488dd5a7d4bdb00d4da0a75e895717,27579a5b-d52e-4b3a-b266-e21f946cedaf
63,1,0.0,2026-08-19T05:53:09.944994+00:00,8c7e18eba1488dd5a7d4bdb00d4da0a75e895717,27579a5b-d52e-4b3a-b266-e21f946cedaf
63,2,0.0,2026-08-19T05:53:09.944994+00:00,8c7e18eba1488dd5a7d4bdb00d4da0a75e895717,27579a5b-d52e-4b3a-b266-e21f946cedaf
63,3,0.0,2026-08-19T05:53:09.944994+00:00,8c7e18eba1488dd5a7d4bdb00d4da0a75e895717,27579a5b-d52e-4b3a-b266-e21f946cedaf
63,4,0.0,2026-08-19T05:53:09.944994+00:00,8c7e18eba1488dd5a7d4bdb00d4da0a75e895717,27579a5b-d52e-4b3a-b266-e21f946cedaf
63,5,0.0,2026-08-19T05:53:09.944994+00:00,8c7e18eba1488dd5a7d4bdb00d4da0a75e895717,27579a5b-d52e-4b3a-b266-e21f946cedaf
63,6,0.0,2026-08-19T05:53:09.944994+00:00,8c7e18eba1488dd5a7d4bdb00d4da0a75e895717,27579a5b-d52e-4b3a-b266-e21f946cedaf
63,7,0.0,2026-08-19T05:53:09.944994+00:00,8c7e18eba1488dd5a7d4bdb00d4da0a75e895717,27579a5b-d52e-4b3a-b266-e21f946cedaf
63,8,0.0,2026-08-19T05:53:09.944994+00:00,8c7e18eba1488dd5a7d4bdb00d4da0a75e895717,27579a5b-d52e-4b3a-b266-e21f946cedaf
64,1,0.5878621339797974,2026-08-19T05:53:09.944994+00:00,8c7e18eba1488dd5a7d4bdb00d4da0a75e895717,27579a5b-d52e-4b3a-b266-e21f946cedaf
64,2,0.8305034637451172,2026-08-19T05:53:09.944994+00:00,8c7e18eba1488dd5a7d4bdb00d4da0a75e895717,27579a5b-d52e-4b3a-b266-e21f946cedaf
64,3,0.6923068761825562,2026-08-19T05:53:09.944994+00:00,8c7e18eba1488dd5a7d4bdb00d4da0a75e895717,27579a5b-d52e-4b3a-b266-e21f946cedaf
64,4,0.7963470220565796,2026-08-19T05:53:09.944994+00:00,8c7e18eba1488dd5a7d4bdb00d4da0a75e895717,27579a5b-d52e-4b3a-b266-e21f946cedaf
64,5,0.6940065622329712,2026-08-19T05:53:09.944994+00:00,8c7e18eba1488dd5a7d4bdb00d4da0a75e895717,27579a5b-d52e-4b3a-b266-e21f946cedaf
64,6,0.6988853216171265,2026-08-19T05:53:09.944994+00:00,8c7e18eba1488dd5a7d4bdb00d4da0a75e895717,27579a5b-d52e-4b3a-b266-e21f946cedaf
64,7,0.8282371759414673,2026-08-19T05:53:09.944994+00:00,8c7e18eba1488dd5a7d4bdb00d4da0a75e895717,27579a5b-d52e-4b3a-b266-e21f946cedaf
64,8,0.6893181800842285,2026-08-19T05:53:09.944994+00:00,8c7e18eba1488dd5a7d4bdb00d4da0a75e895717,27579a5b-d52e-4b3a-b266-e21f946cedaf
65,1,0.0,2026-08-19T05:53:09.944994+00:00,8c7e18eba1488dd5a7d4bdb00d4da0a75e895717,27579a5b-d52e-4b3a-b266-e21f946cedaf
65,2,0.0,2026-08-19T05:53:09.944994+00:00,8c7e18eba1488dd5a7d4bdb00d4da0a75e895717,27579a5b-d52e-4b3a-b266-e21f946cedaf
65,3,0.0,2026-08-19T05:53:09.944994+00:00,8c7e18eba1488dd5a7d4bdb00d4da0a75e895717,27579a5b-d52e-4b3a-b266-e21f946cedaf
65,4,0.0,2026-08-19T05:53:09.944994+00:00,8c7e18eba1488dd5a7d4bdb00d4da0a75e895717,27579a5b-d52e-4b3a-b266-e21f946cedaf
65,5,0.0,2026-08-19T05:53:09.944994+00:00,8c7e18eba1488dd5a7d4bdb00d4da0a75e895717,27579a5b-d52e-4b3a-b266-e21f946cedaf
65,6,0.0,2026-08-19T05:53:09.944994+00:00,8c7e18eba1488dd5a7d4bdb00d4da0a75e895717,27579a5b-d52e-4b3a-b266-e21f946cedaf
65,7,0.0,2026-08-19T05:53:09.944994+00:00,8c7e18eba1488dd5a7d4bdb00d4da0a75e895717,27579a5b-d52e-4b3a-b266-e21f946cedaf
65,8,0.0,2026-08-19T05:53:09.944994+00:00,8c7e18eba1488dd5a7d4bdb00d4da0a75e895717,27579a5b-d52e-4b3a-b266-e21f946cedaf
66,1,0.0,2026-08-19T05:53:09.944994+00:00,8c7e18eba1488dd5a7d4bdb00d4da0a75e895717,27579a5b-d52e-4b3a-b266-e21f946cedaf
66,2,0.0,2026-08-19T05:53:09.944994+00:00,8c7e18eba1488dd5a7d4bdb00d4da0a75e895717,27579a5b-d52e-4b3a-b266-e21f946cedaf
66,3,0.0,2026-08-19T05:53:09.944994+00:00,8c7e18eba1488dd5a7d4bdb00d4da0a75e895717,27579a5b-d52e-4b3a-b266-e21f946cedaf
66,4,0.0,2026-08-19T05:53:09.944994+00:00,8c7e18eba1488dd5a7d4bdb00d4da0a75e895717,27579a5b-d52e-4b3a-b266-e21f946cedaf
66,5,0.0,2026-08-19T05:53:09.944994+00:00,8c7e18eba1488dd5a7d4bdb00d4da0a75e895717,27579a5b-d52e-4b3a-b266-e21f946cedaf
66,6,0.0,2026-08-19T05:53:09.944994+00:00,8c7e18eba1488dd5a7d4bdb00d4da0a75e895717,27579a5b-d52e-4b3a-b266-e21f946cedaf
66,7,0.0,2026-08-19T05:53:09.944994+00:00,8c7e18eba1488dd5a7d4bdb00d4da0a75e895717,27579a5b-d52e-4b3a-b266-e21f946cedaf
66,8,0.0,2026-08-19T05:53:09.944994+00:00,8c7e18eba1488dd5a7d4bdb00d4da0a75e895717,27579a5b-d52e-4b3a-b266-e21f946cedaf
67,1,3.3368825912475586,2026-08-19T05:53:09.944994+00:00,8c7e18eba1488dd5a7d4bdb00d4da0a75e895717,27579a5b-d52e-4b3a-b266-e21f946cedaf
67,2,4.06533670425415,2026-08-19T05:53:09.944994+00:00,8c7e18eba1488dd5a7d4bdb00d4da0a75e895717,27579a5b-d52e-4b3a-b266-e21f946cedaf
67,3,3.7076876163482666,2026-08-19T05:53:09.944994+00:00,8c7e18eba1488dd5a7d4bdb00d4da0a75e895717,27579a5b-d52e-4b3a-b266-e21f946cedaf
67,4,4.06434965133667,2026-08-19T05:53:09.944994+00:00,8c7e18eba1488dd5a7d4bdb00d4da0a75e895717,27579a5b-d52e-4b3a-b266-e21f946cedaf
67,5,3.7382469177246094,2026-08-19T05:53:09.944994+00:00,8c7e18eba1488dd5a7d4bdb00d4da0a75e895717,27579a5b-d52e-4b3a-b266-e21f946cedaf
67,6,3.6759352684020996,2026-08-19T05:53:09.944994+00:00,8c7e18eba1488dd5a7d4bdb00d4da0a75e895717,27579a5b-d52e-4b3a-b266-e21f946cedaf
67,7,4.073288440704346,2026-08-19T05:53:09.944994+00:00,8c7e18eba1488dd5a7d4bdb00d4da0a75e895717,27579a5b-d52e-4b3a-b266-e21f946cedaf
67,8,3.6626858711242676,2026-08-19T05:53:09.944994+00:00,8c7e18eba1488dd5a7d4bdb00d4da0a75e895717,27579a5b-d52e-4b3a-b266-e21f946cedaf
68,1,3.3625121116638184,2026-08-19T05:53:09.944994+00:00,8c7e18eba1488dd5a7d4bdb00d4da0a75e895717,27579a5b-d52e-4b3a-b266-e21f946cedaf
68,2,4.068197250366211,2026-08-19T05:53:09.944994+00:00,8c7e18eba1488dd5a7d4bdb00d4da0a75e895717,27579a5b-d52e-4b3a-b266-e21f946cedaf
68,3,3.719268321990967,2026-08-19T05:53:09.944994+00:00,8c7e18eba1488dd5a7d4bdb00d4da0a75e895717,27579a5b-d52e-4b3a-b266-e21f946cedaf
68,4,4.064115047454834,2026-08-19T05:53:09.944994+00:00,8c7e18eba1488dd5a7d4bdb00d4da0a75e895717,27579a5b-d52e-4b3a-b266-e21f946cedaf
68,5,3.7483410835266113,2026-08-19T05:53:09.944994+00:00,8c7e18eba1488dd5a7d4bdb00d4da0a75e895717,27579a5b-d52e-4b3a-b266-e21f946cedaf
68,6,3.6893739700317383,2026-08-19T05:53:09.944994+00:00,8c7e18eba1488dd5a7d4bdb00d4da0a75e895717,27579a5b-d52e-4b3a-b266-e21f946cedaf
68,7,4.075470447540283,2026-08-19T05:53:09.944994+00:00,8c7e18eba1488dd5a7d4bdb00d4da0a75e895717,27579a5b-d52e-4b3a-b266-e21f946cedaf
68,8,3.676298141479492,2026-08-19T05:53:09.944994+00:00,8c7e18eba1488dd5a7d4bdb00d4da0a75e895717,27579a5b-d52e-4b3a-b266-e21f946cedaf
69,1,3.4730987548828125,2026-08-19T05:53:09.944994+00:00,8c7e18eba1488dd5a7d4bdb00d4da0a75e895717,27579a5b-d52e-4b3a-b266-e21f946cedaf
69,2,3.9449400901794434,2026-08-19T05:53:09.944994+00:00,8c7e18eba1488dd5a7d4bdb00d4da0a75e895717,27579a5b-d52e-4b3a-b266-e21f946cedaf
69,3,3.6855673789978027,2026-08-19T05:53:09.944994+00:00,8c7e18eba1488dd5a7d4bdb00d4da0a75e895717,27579a5b-d52e-4b3a-b266-e21f946cedaf
69,4,3.9090709686279297,2026-08-19T05:53:09.944994+00:00,8c7e18eba1488dd5a7d4bdb00d4da0a75e895717,27579a5b-d52e-4b3a-b266-e21f946cedaf
69,5,3.699374198913574,2026-08-19T05:53:09.944994+00:00,8c7e18eba1488dd5a7d4bdb00d4da0a75e895717,27579a5b-d52e-4b3a-b266-e21f946cedaf
69,6,3.6747589111328125,2026-08-19T05:53:09.944994+00:00,8c7e18eba1488dd5a7d4bdb00d4da0a75e895717,27579a5b-d52e-4b3a-b266-e21f946cedaf
69,7,3.9452457427978516,2026-08-19T05:53:09.944994+00:00,8c7e18eba1488dd5a7d4bdb00d4da0a75e895717,27579a5b-d52e-4b3a-b266-e21f946cedaf
69,8,3.6634621620178223,2026-08-19T05:53:09.944994+00:00,8c7e18eba1488dd5a7d4bdb00d4da0a75e895717,27579a5b-d52e-4b3a-b266-e21f946cedaf
70,1,1.6138627529144287,2026-08-19T05:53:09.944994+00:00,8c7e18eba1488dd5a7d4bdb00d4da0a75e895717,27579a5b-d52e-4b3a-b266-e21f946cedaf
70,2,2.0621585845947266,2026-08-19T05:53:09.944994+00:00,8c7e18eba1488dd5a7d4bdb00d4da0a75e895717,27579a5b-d52e-4b3a-b266-e21f946cedaf
70,3,1.8904718160629272,2026-08-19T05:53:09.944994+00:00,8c7e18eba1488dd5a7d4bdb00d4da0a75e895717,27579a5b-d52e-4b3a-b266-e21f946cedaf
70,4,2.1230955123901367,2026-08-19T05:53:09.944994+00:00,8c7e18eba1488dd5a7d4bdb00d4da0a75e895717,27579a5b-d52e-4b3a-b266-e21f946cedaf
70,5,1.9197372198104858,2026-08-19T05:53:09.944994+00:00,8c7e18eba1488dd5a7d4bdb00d4da0a75e895717,27579a5b-d52e-4b3a-b266-e21f946cedaf
70,6,1.8538826704025269,2026-08-19T05:53:09.944994+00:00,8c7e18eba1488dd5a7d4bdb00d4da0a75e895717,27579a5b-d52e-4b3a-b266-e21f946cedaf
70,7,2.0755162239074707,2026-08-19T05:53:09.944994+00:00,8c7e18eba1488dd5a7d4bdb00d4da0a75e895717,27579a5b-d52e-4b3a-b266-e21f946cedaf
70,8,1.850472092628479,2026-08-19T05:53:09.944994+00:00,8c7e18eba1488dd5a7d4bdb00d4da0a75e895717,27579a5b-d52e-4b3a-b266-e21f946cedaf
71,1,0.9750253558158875,2026-08-19T05:53:09.944994+00:00,8c7e18eba1488dd5a7d4bdb00d4da0a75e895717,27579a5b-d52e-4b3a-b266-e21f946cedaf
71,2,1.0864182710647583,2026-08-19T05:53:09.944994+00:00,8c7e18eba1488dd5a7d4bdb00d4da0a75e895717,27579a5b-d52e-4b3a-b266-e21f946cedaf
71,3,1.043757438659668,2026-08-19T05:53:09.944994+00:00,8c7e18eba1488dd5a7d4bdb00d4da0a75e895717,27579a5b-d52e-4b3a-b266-e21f946cedaf
71,4,1.1015599966049194,2026-08-19T05:53:09.944994+00:00,8c7e18eba1488dd5a7d4bdb00d4da0a75e895717,27579a5b-d52e-4b3a-b266-e21f946cedaf
71,5,1.0510294437408447,2026-08-19T05:53:09.944994+00:00,8c7e18eba1488dd5a7d4bdb00d4da0a75e895717,27579a5b-d52e-4b3a-b266-e21f946cedaf
71,6,1.0346657037734985,2026-08-19T05:53:09.944994+00:00,8c7e18eba1488dd5a7d4bdb00d4da0a75e895717,27579a5b-d52e-4b3a-b266-e21f946cedaf
71,7,1.0897374153137207,2026-08-19T05:53:09.944994+00:00,8c7e18eba1488dd5a7d4bdb00d4da0a75e895717,27579a5b-d52e-4b3a-b266-e21f946cedaf
71,8,1.0338183641433716,2026-08-19T05:53:09.944994+00:00,8c7e18eba1488dd5a7d4bdb00d4da0a75e895717,27579a5b-d52e-4b3a-b266-e21f946cedaf
72,1,1.056778907775879,2026-08-19T05:53:09.944994+00:00,8c7e18eba1488dd5a7d4bdb00d4da0a75e895717,27579a5b-d52e-4b3a-b266-e21f946cedaf
72,2,1.088912010192871,2026-08-19T05:53:09.944994+00:00,8c7e18eba1488dd5a7d4bdb00d4da0a75e895717,27579a5b-d52e-4b3a-b266-e21f946cedaf
72,3,1.0766057968139648,2026-08-19T05:53:09.944994+00:00,8c7e18eba1488dd5a7d4bdb00d4da0a75e895717,27579a5b-d52e-4b3a-b266-e21f946cedaf
72,4,1.0932799577713013,2026-08-19T05:53:09.944994+00:00,8c7e18eba1488dd5a7d4bdb00d4da0a75e895717,27579a5b-d52e-4b3a-b266-e21f946cedaf
72,5,1.07870352268219,2026-08-19T05:53:09.944994+00:00,8c7e18eba1488dd5a7d4bdb00d4da0a75e895717,27579a5b-d52e-4b3a-b266-e21f946cedaf
72,6,1.0739831924438477,2026-08-19T05:53:09.944994+00:00,8c7e18eba1488dd5a7d4bdb00d4da0a75e895717,27579a5b-d52e-4b3a-b266-e21f946cedaf
72,7,1.089869499206543,2026-08-19T05:53:09.944994+00:00,8c7e18eba1488dd5a7d4bdb00d4da0a75e895717,27579a5b-d52e-4b3a-b266-e21f946cedaf
72,8,1.073738694190979,2026-08-19T05:53:09.944994+00:00,8c7e18eba1488dd5a7d4bdb00d4da0a75e895717,27579a5b-d52e-4b3a-b266-e21f946cedaf
73,1,1.073026180267334,2026-08-19T05:53:09.944994+00:00,8c7e18eba1488dd5a7d4bdb00d4da0a75e895717,27579a5b-d52e-4b3a-b266-e21f946cedaf
73,2,1.2347753047943115,2026-08-19T05:53:09.944994+00:00,8c7e18eba1488dd5a7d4bdb00d4da0a75e895717,27579a5b-d52e-4b3a-b266-e21f946cedaf
73,3,1.1728293895721436,2026-08-19T05:53:09.944994+00:00,8c7e18eba1488dd5a7d4bdb00d4da0a75e895717,27579a5b-d52e-4b3a-b266-e21f946cedaf
73,4,1.2567620277404785,2026-08-19T05:53:09.944994+00:00,8c7e18eba1488dd5a7d4bdb00d4da0a75e895717,27579a5b-d52e-4b3a-b266-e21f946cedaf
73,5,1.183388590812683,2026-08-19T05:53:09.944994+00:00,8c7e18eba1488dd5a7d4bdb00d4da0a75e895717,27579a5b-d52e-4b3a-b266-e21f946cedaf
73,6,1.1596275568008423,2026-08-19T05:53:09.944994+00:00,8c7e18eba1488dd5a7d4bdb00d4da0a75e895717,27579a5b-d52e-4b3a-b266-e21f946cedaf
73,7,1.2395949363708496,2026-08-19T05:53:09.944994+00:00,8c7e18eba1488dd5a7d4bdb00d4da0a75e895717,27579a5b-d52e-4b3a-b266-e21f946cedaf
73,8,1.1583970785140991,2026-08-19T05:53:09.944994+00:00,8c7e18eba1488dd5a7d4bdb00d4da0a75e895717,27579a5b-d52e-4b3a-b266-e21f946cedaf
74,1,1.1434991359710693,2026-08-19T05:53:09.944994+00:00,8c7e18eba1488dd5a7d4bdb00d4da0a75e895717,27579a5b-d52e-4b3a-b266-e21f946cedaf
74,2,1.2247103452682495,2026-08-19T05:53:09.944994+00:00,8c7e18eba1488dd5a7d4bdb00d4da0a75e895717,27579a5b-d52e-4b3a-b266-e21f946cedaf
74,3,1.1936084032058716,2026-08-19T05:53:09.944994+00:00,8c7e18eba1488dd5a7d4bdb00d4da0a75e895717,27579a5b-d52e-4b3a-b266-e21f946cedaf
74,4,1.2357494831085205,2026-08-19T05:53:09.944994+00:00,8c7e18eba1488dd5a7d4bdb00d4da0a75e895717,27579a5b-d52e-4b3a-b266-e21f946cedaf
74,5,1.1989099979400635,2026-08-19T05:53:09.944994+00:00,8c7e18eba1488dd5a7d4bdb00d4da0a75e895717,27579a5b-d52e-4b3a-b266-e21f946cedaf
74,6,1.186980128288269,2026-08-19T05:53:09.944994+00:00,8c7e18eba1488dd5a7d4bdb00d4da0a75e895717,27579a5b-d52e-4b3a-b266-e21f946cedaf
74,7,1.2271301746368408,2026-08-19T05:53:09.944994+00:00,8c7e18eba1488dd5a7d4bdb00d4da0a75e895717,27579a5b-d52e-4b3a-b266-e21f946cedaf
74,8,1.1863622665405273,2026-08-19T05:53:09.944994+00:00,8c7e18eba1488dd5a7d4bdb00d4da0a75e895717,27579a5b-d52e-4b3a-b266-e21f946cedaf
75,1,0.0,2026-08-19T05:53:09.944994+00:00,8c7e18eba1488dd5a7d4bdb00d4da0a75e895717,27579a5b-d52e-4b3a-b266-e21f946cedaf
75,2,1.300433874130249,2026-08-19T05:53:09.944994+00:00,8c7e18eba1488dd5a7d4bdb00d4da0a75e895717,27579a5b-d52e-4b3a-b266-e21f946cedaf
75,3,1.2318294048309326,2026-08-19T05:53:09.944994+00:00,8c7e18eba1488dd5a7d4bdb00d4da0a75e895717,27579a5b-d52e-4b3a-b266-e21f946cedaf
75,4,1.3247839212417603,2026-08-19T05:53:09.944994+00:00,8c7e18eba1488dd5a7d4bdb00d4da0a75e895717,27579a5b-d52e-4b3a-b266-e21f946cedaf
75,5,1.2435235977172852,2026-08-19T05:53:09.944994+00:00,8c7e18eba1488dd5a7d4bdb00d4da0a75e895717,27579a5b-d52e-4b3a-b266-e21f946cedaf
75,6,1.2172086238861084,2026-08-19T05:53:09.944994+00:00,8c7e18eba1488dd5a7d4bdb00d4da0a75e895717,27579a5b-d52e-4b3a-b266-e21f946cedaf
75,7,1.3057715892791748,2026-08-19T05:53:09.944994+00:00,8c7e18eba1488dd5a7d4bdb00d4da0a75e895717,27579a5b-d52e-4b3a-b266-e21f946cedaf
75,8,1.2158458232879639,2026-08-19T05:53:09.944994+00:00,8c7e18eba1488dd5a7d4bdb00d4da0a75e895717,27579a5b-d52e-4b3a-b266-e21f946cedaf
76,1,1.0535264015197754,2026-08-19T05:53:09.944994+00:00,8c7e18eba1488dd5a7d4bdb00d4da0a75e895717,27579a5b-d52e-4b3a-b266-e21f946cedaf
76,2,1.0838189125061035,2026-08-19T05:53:09.944994+00:00,8c7e18eba1488dd5a7d4bdb00d4da0a75e895717,27579a5b-d52e-4b3a-b266-e21f946cedaf
76,3,1.0722177028656006,2026-08-19T05:53:09.944994+00:00,8c7e18eba1488dd5a7d4bdb00d4da0a75e895717,27579a5b-d52e-4b3a-b266-e21f946cedaf
76,4,1.0879366397857666,2026-08-19T05:53:09.944994+00:00,8c7e18eba1488dd5a7d4bdb00d4da0a75e895717,27579a5b-d52e-4b3a-b266-e21f946cedaf
76,5,1.074195146560669,2026-08-19T05:53:09.944994+00:00,8c7e18eba1488dd5a7d4bdb00d4da0a75e895717,27579a5b-d52e-4b3a-b266-e21f946cedaf
76,6,1.0697451829910278,2026-08-19T05:53:09.944994+00:00,8c7e18eba1488dd5a7d4bdb00d4da0a75e895717,27579a5b-d52e-4b3a-b266-e21f946cedaf
76,7,1.084721565246582,2026-08-19T05:53:09.944994+00:00,8c7e18eba1488dd5a7d4bdb00d4da0a75e895717,27579a5b-d52e-4b3a-b266-e21f946cedaf
76,8,1.0695147514343262,2026-08-19T05:53:09.944994+00:00,8c7e18eba1488dd5a7d4bdb00d4da0a75e895717,27579a5b-d52e-4b3a-b266-e21f946cedaf
77,1,0.0,2026-08-19T05:53:09.944994+00:00,8c7e18eba1488dd5a7d4bdb00d4da0a75e895717,27579a5b-d52e-4b3a-b266-e21f946cedaf
77,2,0.0,2026-08-19T05:53:09.944994+00:00,8c7e18eba1488dd5a7d4bdb00d4da0a75e895717,27579a5b-d52e-4b3a-b266-e21f946cedaf
77,3,0.0,2026-08-19T05:53:09.944994+00:00,8c7e18eba1488dd5a7d4bdb00d4da0a75e895717,27579a5b-d52e-4b3a-b266-e21f946cedaf
77,4,0.0,2026-08-19T05:53:09.944994+00:00,8c7e18eba1488dd5a7d4bdb00d4da0a75e895717,27579a5b-d52e-4b3a-b266-e21f946cedaf
77,5,0.0,2026-08-19T05:53:09.944994+00:00,8c7e18eba1488dd5a7d4bdb00d4da0a75e895717,27579a5b-d52e-4b3a-b266-e21f946cedaf
77,6,0.0,2026-08-19T05:53:09.944994+00:00,8c7e18eba1488dd5a7d4bdb00d4da0a75e895717,27579a5b-d52e-4b3a-b266-e21f946cedaf
77,7,0.0,2026-08-19T05:53:09.944994+00:00,8c7e18eba1488dd5a7d4bdb00d4da0a75e895717,27579a5b-d52e-4b3a-b266-e21f946cedaf
77,8,0.0,2026-08-19T05:53:09.944994+00:00,8c7e18eba1488dd5a7d4bdb00d4da0a75e895717,27579a5b-d52e-4b3a-b266-e21f946cedaf
78,1,0.0,2026-08-19T05:53:09.944994+00:00,8c7e18eba1488dd5a7d4bdb00d4da0a75e895717,27579a5b-d52e-4b3a-b266-e21f946cedaf
78,2,0.0,2026-08-19T05:53:09.944994+00:00,8c7e18eba1488dd5a7d4bdb00d4da0a75e895717,27579a5b-d52e-4b3a-b266-e21f946cedaf
78,3,0.0,2026-08-19T05:53:09.944994+00:00,8c7e18eba1488dd5a7d4bdb00d4da0a75e895717,27579a5b-d52e-4b3a-b266-e21f946cedaf
78,4,0.0,2026-08-19T05:53:09.944994+00:00,8c7e18eba1488dd5a7d4bdb00d4da0a75e895717,27579a5b-d52e-4b3a-b266-e21f946cedaf
78,5,0.0,2026-08-19T05:53:09.944994+00:00,8c7e18eba1488dd5a7d4bdb00d4da0a75e895717,27579a5b-d52e-4b3a-b266-e21f946cedaf
78,6,0.0,2026-08-19T05:53:09.944994+00:00,8c7e18eba1488dd5a7d4bdb00d4da0a75e895717,27579a5b-d52e-4b3a-b266-e21f946cedaf
78,7,0.0,2026-08-19T05:53:09.944994+00:00,8c7e18eba1488dd5a7d4bdb00d4da0a75e895717,27579a5b-d52e-4b3a-b266-e21f946cedaf
78,8,0.0,2026-08-19T05:53:09.944994+00:00,8c7e18eba1488dd5a7d4bdb00d4da0a75e895717,27579a5b-d52e-4b3a-b266-e21f946cedaf
79,1,3.3738715648651123,2026-08-19T05:53:09.944994+00:00,8c7e18eba1488dd5a7d4bdb00d4da0a75e895717,27579a5b-d52e-4b3a-b266-e21f946cedaf
79,2,3.971698045730591,2026-08-19T05:53:09.944994+00:00,8c7e18eba1488dd5a7d4bdb00d4da0a75e895717,27579a5b-d52e-4b3a-b266-e21f946cedaf
79,3,3.7427446842193604,2026-08-19T05:53:09.944994+00:00,8c7e18eba1488dd5a7d4bdb00d4da0a75e895717,27579a5b-d52e-4b3a-b266-e21f946cedaf
79,4,4.052961349487305,2026-08-19T05:53:09.944994+00:00,8c7e18eba1488dd5a7d4bdb00d4da0a75e895717,27579a5b-d52e-4b3a-b266-e21f946cedaf
79,5,3.7817718982696533,2026-08-19T05:53:09.944994+00:00,8c7e18eba1488dd5a7d4bdb00d4da0a75e895717,27579a5b-d52e-4b3a-b266-e21f946cedaf
79,6,3.693951368331909,2026-08-19T05:53:09.944994+00:00,8c7e18eba1488dd5a7d4bdb00d4da0a75e895717,27579a5b-d52e-4b3a-b266-e21f946cedaf
79,7,3.989511251449585,2026-08-19T05:53:09.944994+00:00,8c7e18eba1488dd5a7d4bdb00d4da0a75e895717,27579a5b-d52e-4b3a-b266-e21f946cedaf
79,8,3.6894032955169678,2026-08-19T05:53:09.944994+00:00,8c7e18eba1488dd5a7d4bdb00d4da0a75e895717,27579a5b-d52e-4b3a-b266-e21f946cedaf
80,1,0.0,2026-08-19T05:53:09.944994+00:00,8c7e18eba1488dd5a7d4bdb00d4da0a75e895717,27579a5b-d52e-4b3a-b266-e21f946cedaf
80,2,0.0,2026-08-19T05:53:09.944994+00:00,8c7e18eba1488dd5a7d4bdb00d4da0a75e895717,27579a5b-d52e-4b3a-b266-e21f946cedaf
80,3,0.0,2026-08-19T05:53:09.944994+00:00,8c7e18eba1488dd5a7d4bdb00d4da0a75e895717,27579a5b-d52e-4b3a-b266-e21f946cedaf
80,4,0.0,2026-08-19T05:53:09.944994+00:00,8c7e18eba1488dd5a7d4bdb00d4da0a75e895717,27579a5b-d52e-4b3a-b266-e21f946cedaf
80,5,0.0,2026-08-19T05:53:09.944994+00:00,8c7e18eba1488dd5a7d4bdb00d4da0a75e895717,27579a5b-d52e-4b3a-b266-e21f946cedaf
80,6,0.0,2026-08-19T05:53:09.944994+00:00,8c7e18eba1488dd5a7d4bdb00d4da0a75e895717,27579a5b-d52e-4b3a-b266-e21f946cedaf
80,7,0.0,2026-08-19T05:53:09.944994+00:00,8c7e18eba1488dd5a7d4bdb00d4da0a75e895717,27579a5b-d52e-4b3a-b266-e21f946cedaf
80,8,0.0,2026-08-19T05:53:09.944994+00:00,8c7e18eba1488dd5a7d4bdb00d4da0a75e895717,27579a5b-d52e-4b3a-b266-e21f946cedaf
81,1,0.0,2026-08-19T05:53:09.944994+00:00,8c7e18eba1488dd5a7d4bdb00d4da0a75e895717,27579a5b-d52e-4b3a-b266-e21f946cedaf
81,2,0.0,2026-08-19T05:53:09.944994+00:00,8c7e18eba1488dd5a7d4bdb00d4da0a75e895717,27579a5b-d52e-4b3a-b266-e21f946cedaf
81,3,0.0,2026-08-19T05:53:09.944994+00:00,8c7e18eba1488dd5a7d4bdb00d4da0a75e895717,27579a5b-d52e-4b3a-b266-e21f946cedaf
81,4,0.0,2026-08-19T05:53:09.944994+00:00,8c7e18eba1488dd5a7d4bdb00d4da0a75e895717,27579a5b-d52e-4b3a-b266-e21f946cedaf
81,5,0.0,2026-08-19T05:53:09.944994+00:00,8c7e18eba1488dd5a7d4bdb00d4da0a75e895717,27579a5b-d52e-4b3a-b266-e21f946cedaf
81,6,0.0,2026-08-19T05:53:09.944994+00:00,8c7e18eba1488dd5a7d4bdb00d4da0a75e895717,27579a5b-d52e-4b3a-b266-e21f946cedaf
81,7,0.0,2026-08-19T05:53:09.944994+00:00,8c7e18eba1488dd5a7d4bdb00d4da0a75e895717,27579a5b-d52e-4b3a-b266-e21f946cedaf
81,8,0.0,2026-08-19T05:53:09.944994+00:00,8c7e18eba1488dd5a7d4bdb00d4da0a75e895717,27579a5b-d52e-4b3a-b266-e21f946cedaf
82,1,3.5404624938964844,2026-08-19T05:53:09.944994+00:00,8c7e18eba1488dd5a7d4bdb00d4da0a75e895717,27579a5b-d52e-4b3a-b266-e21f946cedaf
82,2,3.4072916507720947,2026-08-19T05:53:09.944994+00:00,8c7e18eba1488dd5a7d4bdb00d4da0a75e895717,27579a5b-d52e-4b3a-b266-e21f946cedaf
82,3,3.8120334148406982,2026-08-19T05:53:09.944994+00:00,8c7e18eba1488dd5a7d4bdb00d4da0a75e895717,27579a5b-d52e-4b3a-b266-e21f946cedaf
82,4,3.2685844898223877,2026-08-19T05:53:09.944994+00:00,8c7e18eba1488dd5a7d4bdb00d4da0a75e895717,27579a5b-d52e-4b3a-b266-e21f946cedaf
82,5,3.207103729248047,2026-08-19T05:53:09.944994+00:00,8c7e18eba1488dd5a7d4bdb00d4da0a75e895717,27579a5b-d52e-4b3a-b266-e21f946cedaf
82,6,2.9178357124328613,2026-08-19T05:53:09.944994+00:00,8c7e18eba1488dd5a7d4bdb00d4da0a75e895717,27579a5b-d52e-4b3a-b266-e21f946cedaf
82,7,2.866652488708496,2026-08-19T05:53:09.944994+00:00,8c7e18eba1488dd5a7d4bdb00d4da0a75e895717,27579a5b-d52e-4b3a-b266-e21f946cedaf
82,8,3.5895230770111084,2026-08-19T05:53:09.944994+00:00,8c7e18eba1488dd5a7d4bdb00d4da0a75e895717,27579a5b-d52e-4b3a-b266-e21f946cedaf
83,1,0.0,2026-08-19T05:53:09.944994+00:00,8c7e18eba1488dd5a7d4bdb00d4da0a75e895717,27579a5b-d52e-4b3a-b266-e21f946cedaf
83,2,0.0,2026-08-19T05:53:09.944994+00:00,8c7e18eba1488dd5a7d4bdb00d4da0a75e895717,27579a5b-d52e-4b3a-b266-e21f946cedaf
83,3,0.0,2026-08-19T05:53:09.944994+00:00,8c7e18eba1488dd5a7d4bdb00d4da0a75e895717,27579a5b-d52e-4b3a-b266-e21f946cedaf
83,4,0.0,2026-08-19T05:53:09.944994+00:00,8c7e18eba1488dd5a7d4bdb00d4da0a75e895717,27579a5b-d52e-4b3a-b266-e21f946cedaf
83,5,0.0,2026-08-19T05:53:09.944994+00:00,8c7e18eba1488dd5a7d4bdb00d4da0a75e895717,27579a5b-d52e-4b3a-b266-e21f946cedaf
83,6,0.0,2026-08-19T05:53:09.944994+00:00,8c7e18eba1488dd5a7d4bdb00d4da0a75e895717,27579a5b-d52e-4b3a-b266-e21f946cedaf
83,7,0.0,2026-08-19T05:53:09.944994+00:00,8c7e18eba1488dd5a7d4bdb00d4da0a75e895717,27579a5b-d52e-4b3a-b266-e21f946cedaf
83,8,0.0,2026-08-19T05:53:09.944994+00:00,8c7e18eba1488dd5a7d4bdb00d4da0a75e895717,27579a5b-d52e-4b3a-b266-e21f946cedaf
84,1,4.288204669952393,2026-08-19T05:53:09.944994+00:00,8c7e18eba1488dd5a7d4bdb00d4da0a75e895717,27579a5b-d52e-4b3a-b266-e21f946cedaf
84,2,4.044824123382568,2026-08-19T05:53:09.944994+00:00,8c7e18eba1488dd5a7d4bdb00d4da0a75e895717,27579a5b-d52e-4b3a-b266-e21f946cedaf
84,3,4.514274597167969,2026-08-19T05:53:09.944994+00:00,8c7e18eba1488dd5a7d4bdb00d4da0a75e895717,27579a5b-d52e-4b3a-b266-e21f946cedaf
84,4,3.875235080718994,2026-08-19T05:53:09.944994+00:00,8c7e18eba1488dd5a7d4bdb00d4da0a75e895717,27579a5b-d52e-4b3a-b266-e21f946cedaf
84,5,3.892241954803467,2026-08-19T05:53:09.944994+00:00,8c7e18eba1488dd5a7d4bdb00d4da0a75e895717,27579a5b-d52e-4b3a-b266-e21f946cedaf
84,6,3.4979653358459473,2026-08-19T05:53:09.944994+00:00,8c7e18eba1488dd5a7d4bdb00d4da0a75e895717,27579a5b-d52e-4b3a-b266-e21f946cedaf
84,7,3.50161075592041,2026-08-19T05:53:09.944994+00:00,8c7e18eba1488dd5a7d4bdb00d4da0a75e895717,27579a5b-d52e-4b3a-b266-e21f946cedaf
84,8,4.317600250244141,2026-08-19T05:53:09.944994+00:00,8c7e18eba1488dd5a7d4bdb00d4da0a75e895717,27579a5b-d52e-4b3a-b266-e21f946cedaf
85,1,0.0,2026-08-19T05:53:09.944994+00:00,8c7e18eba1488dd5a7d4bdb00d4da0a75e895717,27579a5b-d52e-4b3a-b266-e21f946cedaf
85,2,0.0,2026-08-19T05:53:09.944994+00:00,8c7e18eba1488dd5a7d4bdb00d4da0a75e895717,27579a5b-d52e-4b3a-b266-e21f946cedaf
85,3,0.0,2026-08-19T05:53:09.944994+00:00,8c7e18eba1488dd5a7d4bdb00d4da0a75e895717,27579a5b-d52e-4b3a-b266-e21f946cedaf
85,4,0.0,2026-08-19T05:53:09.944994+00:00,8c7e18eba1488dd5a7d4bdb00d4da0a75e895717,27579a5b-d52e-4b3a-b266-e21f946cedaf
85,5,0.0,2026-08-19T05:53:09.944994+00:00,8c7e18eba1488dd5a7d4bdb00d4da0a75e895717,27579a5b-d52e-4b3a-b266-e21f946cedaf
85,6,0.0,2026-08-19T05:53:09.944994+00:00,8c7e18eba1488dd5a7d4bdb00d4da0a75e895717,27579a5b-d52e-4b3a-b266-e21f946cedaf
85,7,0.0,2026-08-19T05:53:09.944994+00:00,8c7e18eba1488dd5a7d4bdb00d4da0a75e895717,27579a5b-d52e-4b3a-b266-e21f946cedaf
85,8,0.0,2026-08-19T05:53:09.944994+00:00,8c7e18eba1488dd5a7d4bdb00d4da0a75e895717,27579a5b-d52e-4b3a-b266-e21f946cedaf
86,1,3.5023088455200195,2026-08-19T05:53:09.944994+00:00,8c7e18eba1488dd5a7d4bdb00d4da0a75e895717,27579a5b-d52e-4b3a-b266-e21f946cedaf
86,2,3.28580641746521,2026-08-19T05:53:09.944994+00:00,8c7e18eba1488dd5a7d4bdb00d4da0a75e895717,27579a5b-d52e-4b3a-b266-e21f946cedaf
86,3,3.4714725017547607,2026-08-19T05:53:09.944994+00:00,8c7e18eba1488dd5a7d4bdb00d4da0a75e895717,27579a5b-d52e-4b3a-b266-e21f946cedaf
86,4,3.208040714263916,2026-08-19T05:53:09.944994+00:00,8c7e18eba1488dd5a7d4bdb00d4da0a75e895717,27579a5b-d52e-4b3a-b266-e21f946cedaf
86,5,3.3359663486480713,2026-08-19T05:53:09.944994+00:00,8c7e18eba1488dd5a7d4bdb00d4da0a75e895717,27579a5b-d52e-4b3a-b266-e21f946cedaf
86,6,3.106700897216797,2026-08-19T05:53:09.944994+00:00,8c7e18eba1488dd5a7d4bdb00d4da0a75e895717,27579a5b-d52e-4b3a-b266-e21f946cedaf
86,7,3.1954565048217773,2026-08-19T05:53:09.944994+00:00,8c7e18eba1488dd5a7d4bdb00d4da0a75e895717,27579a5b-d52e-4b3a-b266-e21f946cedaf
86,8,3.4772627353668213,2026-08-19T05:53:09.944994+00:00,8c7e18eba1488dd5a7d4bdb00d4da0a75e895717,27579a5b-d52e-4b3a-b266-e21f946cedaf
87,1,1.0192532539367676,2026-08-19T05:53:09.944994+00:00,8c7e18eba1488dd5a7d4bdb00d4da0a75e895717,27579a5b-d52e-4b3a-b266-e21f946cedaf
87,2,0.9798797369003296,2026-08-19T05:53:09.944994+00:00,8c7e18eba1488dd5a7d4bdb00d4da0a75e895717,27579a5b-d52e-4b3a-b266-e21f946cedaf
87,3,1.0305001735687256,2026-08-19T05:53:09.944994+00:00,8c7e18eba1488dd5a7d4bdb00d4da0a75e895717,27579a5b-d52e-4b3a-b266-e21f946cedaf
87,4,0.9590233564376831,2026-08-19T05:53:09.944994+00:00,8c7e18eba1488dd5a7d4bdb00d4da0a75e895717,27579a5b-d52e-4b3a-b266-e21f946cedaf
87,5,0.9717925190925598,2026-08-19T05:53:09.944994+00:00,8c7e18eba1488dd5a7d4bdb00d4da0a75e895717,27579a5b-d52e-4b3a-b266-e21f946cedaf
87,6,0.9132963418960571,2026-08-19T05:53:09.944994+00:00,8c7e18eba1488dd5a7d4bdb00d4da0a75e895717,27579a5b-d52e-4b3a-b266-e21f946cedaf
87,7,0.920490026473999,2026-08-19T05:53:09.944994+00:00,8c7e18eba1488dd5a7d4bdb00d4da0a75e895717,27579a5b-d52e-4b3a-b266-e21f946cedaf
87,8,1.0177308320999146,2026-08-19T05:53:09.944994+00:00,8c7e18eba1488dd5a7d4bdb00d4da0a75e895717,27579a5b-d52e-4b3a-b266-e21f946cedaf
88,1,3.4155585765838623,2026-08-19T05:53:09.944994+00:00,8c7e18eba1488dd5a7d4bdb00d4da0a75e895717,27579a5b-d52e-4b3a-b266-e21f946cedaf
88,2,3.19575834274292,2026-08-19T05:53:09.944994+00:00,8c7e18eba1488dd5a7d4bdb00d4da0a75e895717,27579a5b-d52e-4b3a-b266-e21f946cedaf
88,3,3.6513640880584717,2026-08-19T05:53:09.944994+00:00,8c7e18eba1488dd5a7d4bdb00d4da0a75e895717,27579a5b-d52e-4b3a-b266-e21f946cedaf
88,4,3.0327770709991455,2026-08-19T05:53:09.944994+00:00,8c7e18eba1488dd5a7d4bdb00d4da0a75e895717,27579a5b-d52e-4b3a-b266-e21f946cedaf
88,5,3.0329904556274414,2026-08-19T05:53:09.944994+00:00,8c7e18eba1488dd5a7d4bdb00d4da0a75e895717,27579a5b-d52e-4b3a-b266-e21f946cedaf
88,6,2.6611814498901367,2026-08-19T05:53:09.944994+00:00,8c7e18eba1488dd5a7d4bdb00d4da0a75e895717,27579a5b-d52e-4b3a-b266-e21f946cedaf
88,7,2.6530957221984863,2026-08-19T05:53:09.944994+00:00,8c7e18eba1488dd5a7d4bdb00d4da0a75e895717,27579a5b-d52e-4b3a-b266-e21f946cedaf
88,8,3.4491615295410156,2026-08-19T05:53:09.944994+00:00,8c7e18eba1488dd5a7d4bdb00d4da0a75e895717,27579a5b-d52e-4b3a-b266-e21f946cedaf
89,1,3.4059486389160156,2026-08-19T05:53:09.944994+00:00,8c7e18eba1488dd5a7d4bdb00d4da0a75e895717,27579a5b-d52e-4b3a-b266-e21f946cedaf
89,2,3.206458330154419,2026-08-19T05:53:09.944994+00:00,8c7e18eba1488dd5a7d4bdb00d4da0a75e895717,27579a5b-d52e-4b3a-b266-e21f946cedaf
89,3,3.62961483001709,2026-08-19T05:53:09.944994+00:00,8c7e18eba1488dd5a7d4bdb00d4da0a75e895717,27579a5b-d52e-4b3a-b266-e21f946cedaf
89,4,3.0564990043640137,2026-08-19T05:53:09.944994+00:00,8c7e18eba1488dd5a7d4bdb00d4da0a75e895717,27579a5b-d52e-4b3a-b266-e21f946cedaf
89,5,3.053645133972168,2026-08-19T05:53:09.944994+00:00,8c7e18eba1488dd5a7d4bdb00d4da0a75e895717,27579a5b-d52e-4b3a-b266-e21f946cedaf
89,6,2.7168447971343994,2026-08-19T05:53:09.944994+00:00,8c7e18eba1488dd5a7d4bdb00d4da0a75e895717,27579a5b-d52e-4b3a-b266-e21f946cedaf
89,7,2.70790433883667,2026-08-19T05:53:09.944994+00:00,8c7e18eba1488dd5a7d4bdb00d4da0a75e895717,27579a5b-d52e-4b3a-b266-e21f946cedaf
89,8,3.439068555831909,2026-08-19T05:53:09.944994+00:00,8c7e18eba1488dd5a7d4bdb00d4da0a75e895717,27579a5b-d52e-4b3a-b266-e21f946cedaf
90,1,0.9930137395858765,2026-08-19T05:53:09.944994+00:00,8c7e18eba1488dd5a7d4bdb00d4da0a75e895717,27579a5b-d52e-4b3a-b266-e21f946cedaf
90,2,0.9761757850646973,2026-08-19T05:53:09.944994+00:00,8c7e18eba1488dd5a7d4bdb00d4da0a75e895717,27579a5b-d52e-4b3a-b266-e21f946cedaf
90,3,1.00001859664917,2026-08-19T05:53:09.944994+00:00,8c7e18eba1488dd5a7d4bdb00d4da0a75e895717,27579a5b-d52e-4b3a-b266-e21f946cedaf
90,4,0.9664726257324219,2026-08-19T05:53:09.944994+00:00,8c7e18eba1488dd5a7d4bdb00d4da0a75e895717,27579a5b-d52e-4b3a-b266-e21f946cedaf
90,5,0.9707143902778625,2026-08-19T05:53:09.944994+00:00,8c7e18eba1488dd5a7d4bdb00d4da0a75e895717,27579a5b-d52e-4b3a-b266-e21f946cedaf
90,6,0.9440241456031799,2026-08-19T05:53:09.944994+00:00,8c7e18eba1488dd5a7d4bdb00d4da0a75e895717,27579a5b-d52e-4b3a-b266-e21f946cedaf
90,7,0.9461111426353455,2026-08-19T05:53:09.944994+00:00,8c7e18eba1488dd5a7d4bdb00d4da0a75e895717,27579a5b-d52e-4b3a-b266-e21f946cedaf
90,8,0.9928019046783447,2026-08-19T05:53:09.944994+00:00,8c7e18eba1488dd5a7d4bdb00d4da0a75e895717,27579a5b-d52e-4b3a-b266-e21f946cedaf
91,1,1.010301947593689,2026-08-19T05:53:09.944994+00:00,8c7e18eba1488dd5a7d4bdb00d4da0a75e895717,27579a5b-d52e-4b3a-b266-e21f946cedaf
91,2,0.9963600039482117,2026-08-19T05:53:09.944994+00:00,8c7e18eba1488dd5a7d4bdb00d4da0a75e895717,27579a5b-d52e-4b3a-b266-e21f946cedaf
91,3,1.0137819051742554,2026-08-19T05:53:09.944994+00:00,8c7e18eba1488dd5a7d4bdb00d4da0a75e895717,27579a5b-d52e-4b3a-b266-e21f946cedaf
91,4,0.9891543984413147,2026-08-19T05:53:09.944994+00:00,8c7e18eba1488dd5a7d4bdb00d4da0a75e895717,27579a5b-d52e-4b3a-b266-e21f946cedaf
91,5,0.9939550161361694,2026-08-19T05:53:09.944994+00:00,8c7e18eba1488dd5a7d4bdb00d4da0a75e895717,27579a5b-d52e-4b3a-b266-e21f946cedaf
91,6,0.9736251831054688,2026-08-19T05:53:09.944994+00:00,8c7e18eba1488dd5a7d4bdb00d4da0a75e895717,27579a5b-d52e-4b3a-b266-e21f946cedaf
91,7,0.9763988852500916,2026-08-19T05:53:09.944994+00:00,8c7e18eba1488dd5a7d4bdb00d4da0a75e895717,27579a5b-d52e-4b3a-b266-e21f946cedaf
91,8,1.009662389755249,2026-08-19T05:53:09.944994+00:00,8c7e18eba1488dd5a7d4bdb00d4da0a75e895717,27579a5b-d52e-4b3a-b266-e21f946cedaf
92,1,0.0,2026-08-19T05:53:09.944994+00:00,8c7e18eba1488dd5a7d4bdb00d4da0a75e895717,27579a5b-d52e-4b3a-b266-e21f946cedaf
92,2,0.0,2026-08-19T05:53:09.944994+00:00,8c7e18eba1488dd5a7d4bdb00d4da0a75e895717,27579a5b-d52e-4b3a-b266-e21f946cedaf
92,3,0.0,2026-08-19T05:53:09.944994+00:00,8c7e18eba1488dd5a7d4bdb00d4da0a75e895717,27579a5b-d52e-4b3a-b266-e21f946cedaf
92,4,0.0,2026-08-19T05:53:09.944994+00:00,8c7e18eba1488dd5a7d4bdb00d4da0a75e895717,27579a5b-d52e-4b3a-b266-e21f946cedaf
92,5,0.0,2026-08-19T05:53:09.944994+00:00,8c7e18eba1488dd5a7d4bdb00d4da0a75e895717,27579a5b-d52e-4b3a-b266-e21f946cedaf
92,6,0.0,2026-08-19T05:53:09.944994+00:00,8c7e18eba1488dd5a7d4bdb00d4da0a75e895717,27579a5b-d52e-4b3a-b266-e21f946cedaf
92,7,0.0,2026-08-19T05:53:09.944994+00:00,8c7e18eba1488dd5a7d4bdb00d4da0a75e895717,27579a5b-d52e-4b3a-b266-e21f946cedaf
92,8,0.0,2026-08-19T05:53:09.944994+00:00,8c7e18eba1488dd5a7d4bdb00d4da0a75e895717,27579a5b-d52e-4b3a-b266-e21f946cedaf
93,1,0.0,2026-08-19T05:53:09.944994+00:00,8c7e18eba1488dd5a7d4bdb00d4da0a75e895717,27579a5b-d52e-4b3a-b266-e21f946cedaf
93,2,0.0,2026-08-19T05:53:09.944994+00:00,8c7e18eba1488dd5a7d4bdb00d4da0a75e895717,27579a5b-d52e-4b3a-b266-e21f946cedaf
93,3,0.0,2026-08-19T05:53:09.944994+00:00,8c7e18eba1488dd5a7d4bdb00d4da0a75e895717,27579a5b-d52e-4b3a-b266-e21f946cedaf
93,4,0.0,2026-08-19T05:53:09.944994+00:00,8c7e18eba1488dd5a7d4bdb00d4da0a75e895717,27579a5b-d52e-4b3a-b266-e21f946cedaf
93,5,0.0,2026-08-19T05:53:09.944994+00:00,8c7e18eba1488dd5a7d4bdb00d4da0a75e895717,27579a5b-d52e-4b3a-b266-e21f946cedaf
93,6,0.0,2026-08-19T05:53:09.944994+00:00,8c7e18eba1488dd5a7d4bdb00d4da0a75e895717,27579a5b-d52e-4b3a-b266-e21f946cedaf
93,7,0.0,2026-08-19T05:53:09.944994+00:00,8c7e18eba1488dd5a7d4bdb00d4da0a75e895717,27579a5b-d52e-4b3a-b266-e21f946cedaf
93,8,0.0,2026-08-19T05:53:09.944994+00:00,8c7e18eba1488dd5a7d4bdb00d4da0a75e895717,27579a5b-d52e-4b3a-b266-e21f946cedaf
94,1,4.471384525299072,2026-08-19T05:53:09.944994+00:00,8c7e18eba1488dd5a7d4bdb00d4da0a75e895717,27579a5b-d52e-4b3a-b266-e21f946cedaf
94,2,4.088093280792236,2026-08-19T05:53:09.944994+00:00,8c7e18eba1488dd5a7d4bdb00d4da0a75e895717,27579a5b-d52e-4b3a-b266-e21f946cedaf
94,3,4.3716888427734375,2026-08-19T05:53:09.944994+00:00,8c7e18eba1488dd5a7d4bdb00d4da0a75e895717,27579a5b-d52e-4b3a-b266-e21f946cedaf
94,4,3.9635918140411377,2026-08-19T05:53:09.944994+00:00,8c7e18eba1488dd5a7d4bdb00d4da0a75e895717,27579a5b-d52e-4b3a-b266-e21f946cedaf
94,5,4.210298538208008,2026-08-19T05:53:09.944994+00:00,8c7e18eba1488dd5a7d4bdb00d4da0a75e895717,27579a5b-d52e-4b3a-b266-e21f946cedaf
94,6,3.822115421295166,2026-08-19T05:53:09.944994+00:00,8c7e18eba1488dd5a7d4bdb00d4da0a75e895717,27579a5b-d52e-4b3a-b266-e21f946cedaf
94,7,3.993847608566284,2026-08-19T05:53:09.944994+00:00,8c7e18eba1488dd5a7d4bdb00d4da0a75e895717,27579a5b-d52e-4b3a-b266-e21f946cedaf
94,8,4.4165778160095215,2026-08-19T05:53:09.944994+00:00,8c7e18eba1488dd5a7d4bdb00d4da0a75e895717,27579a5b-d52e-4b3a-b266-e21f946cedaf
95,1,4.4901041984558105,2026-08-19T05:53:09.944994+00:00,8c7e18eba1488dd5a7d4bdb00d4da0a75e895717,27579a5b-d52e-4b3a-b266-e21f946cedaf
95,2,4.132643222808838,2026-08-19T05:53:09.944994+00:00,8c7e18eba1488dd5a7d4bdb00d4da0a75e895717,27579a5b-d52e-4b3a-b266-e21f946cedaf
95,3,4.4010725021362305,2026-08-19T05:53:09.944994+00:00,8c7e18eba1488dd5a7d4bdb00d4da0a75e895717,27579a5b-d52e-4b3a-b266-e21f946cedaf
95,4,4.015379905700684,2026-08-19T05:53:09.944994+00:00,8c7e18eba1488dd5a7d4bdb00d4da0a75e895717,27579a5b-d52e-4b3a-b266-e21f946cedaf
95,5,4.2436909675598145,2026-08-19T05:53:09.944994+00:00,8c7e18eba1488dd5a7d4bdb00d4da0a75e895717,27579a5b-d52e-4b3a-b266-e21f946cedaf
95,6,3.880120038986206,2026-08-19T05:53:09.944994+00:00,8c7e18eba1488dd5a7d4bdb00d4da0a75e895717,27579a5b-d52e-4b3a-b266-e21f946cedaf
95,7,4.03900146484375,2026-08-19T05:53:09.944994+00:00,8c7e18eba1488dd5a7d4bdb00d4da0a75e895717,27579a5b-d52e-4b3a-b266-e21f946cedaf
95,8,4.439906120300293,2026-08-19T05:53:09.944994+00:00,8c7e18eba1488dd5a7d4bdb00d4da0a75e895717,27579a5b-d52e-4b3a-b266-e21f946cedaf
96,1,4.0413103103637695,2026-08-19T05:53:09.944994+00:00,8c7e18eba1488dd5a7d4bdb00d4da0a75e895717,27579a5b-d52e-4b3a-b266-e21f946cedaf
96,2,3.826045513153076,2026-08-19T05:53:09.944994+00:00,8c7e18eba1488dd5a7d4bdb00d4da0a75e895717,27579a5b-d52e-4b3a-b266-e21f946cedaf
96,3,4.010984897613525,2026-08-19T05:53:09.944994+00:00,8c7e18eba1488dd5a7d4bdb00d4da0a75e895717,27579a5b-d52e-4b3a-b266-e21f946cedaf
96,4,3.748626470565796,2026-08-19T05:53:09.944994+00:00,8c7e18eba1488dd5a7d4bdb00d4da0a75e895717,27579a5b-d52e-4b3a-b266-e21f946cedaf
96,5,3.8756706714630127,2026-08-19T05:53:09.944994+00:00,8c7e18eba1488dd5a7d4bdb00d4da0a75e895717,27579a5b-d52e-4b3a-b266-e21f946cedaf
96,6,3.6475844383239746,2026-08-19T05:53:09.944994+00:00,8c7e18eba1488dd5a7d4bdb00d4da0a75e895717,27579a5b-d52e-4b3a-b266-e21f946cedaf
96,7,3.735724687576294,2026-08-19T05:53:09.944994+00:00,8c7e18eba1488dd5a7d4bdb00d4da0a75e895717,27579a5b-d52e-4b3a-b266-e21f946cedaf
96,8,4.016485214233398,2026-08-19T05:53:09.944994+00:00,8c7e18eba1488dd5a7d4bdb00d4da0a75e895717,27579a5b-d52e-4b3a-b266-e21f946cedaf
97,1,3.786543607711792,2026-08-19T05:53:09.944994+00:00,8c7e18eba1488dd5a7d4bdb00d4da0a75e895717,27579a5b-d52e-4b3a-b266-e21f946cedaf
97,2,3.5617151260375977,2026-08-19T05:53:09.944994+00:00,8c7e18eba1488dd5a7d4bdb00d4da0a75e895717,27579a5b-d52e-4b3a-b266-e21f946cedaf
97,3,3.752269983291626,2026-08-19T05:53:09.944994+00:00,8c7e18eba1488dd5a7d4bdb00d4da0a75e895717,27579a5b-d52e-4b3a-b266-e21f946cedaf
97,4,3.481616497039795,2026-08-19T05:53:09.944994+00:00,8c7e18eba1488dd5a7d4bdb00d4da0a75e895717,27579a5b-d52e-4b3a-b266-e21f946cedaf
97,5,3.615471601486206,2026-08-19T05:53:09.944994+00:00,8c7e18eba1488dd5a7d4bdb00d4da0a75e895717,27579a5b-d52e-4b3a-b266-e21f946cedaf
97,6,3.3782730102539062,2026-08-19T05:53:09.944994+00:00,8c7e18eba1488dd5a7d4bdb00d4da0a75e895717,27579a5b-d52e-4b3a-b266-e21f946cedaf
97,7,3.4711709022521973,2026-08-19T05:53:09.944994+00:00,8c7e18eba1488dd5a7d4bdb00d4da0a75e895717,27579a5b-d52e-4b3a-b266-e21f946cedaf
97,8,3.760012149810791,2026-08-19T05:53:09.944994+00:00,8c7e18eba1488dd5a7d4bdb00d4da0a75e895717,27579a5b-d52e-4b3a-b266-e21f946cedaf
98,1,1.449133276939392,2026-08-19T05:53:09.944994+00:00,8c7e18eba1488dd5a7d4bdb00d4da0a75e895717,27579a5b-d52e-4b3a-b266-e21f946cedaf
98,2,1.334806203842163,2026-08-19T05:53:09.944994+00:00,8c7e18eba1488dd5a7d4bdb00d4da0a75e895717,27579a5b-d52e-4b3a-b266-e21f946cedaf
98,3,1.4019328355789185,2026-08-19T05:53:09.944994+00:00,8c7e18eba1488dd5a7d4bdb00d4da0a75e895717,27579a5b-d52e-4b3a-b266-e21f946cedaf
98,4,1.302770972251892,2026-08-19T05:53:09.944994+00:00,8c7e18eba1488dd5a7d4bdb00d4da0a75e895717,27579a5b-d52e-4b3a-b266-e21f946cedaf
98,5,1.3841904401779175,2026-08-19T05:53:09.944994+00:00,8c7e18eba1488dd5a7d4bdb00d4da0a75e895717,27579a5b-d52e-4b3a-b266-e21f946cedaf
98,6,1.275259017944336,2026-08-19T05:53:09.944994+00:00,8c7e18eba1488dd5a7d4bdb00d4da0a75e895717,27579a5b-d52e-4b3a-b266-e21f946cedaf
98,7,1.3321360349655151,2026-08-19T05:53:09.944994+00:00,8c7e18eba1488dd5a7d4bdb00d4da0a75e895717,27579a5b-d52e-4b3a-b266-e21f946cedaf
98,8,1.428733468055725,2026-08-19T05:53:09.944994+00:00,8c7e18eba1488dd5a7d4bdb00d4da0a75e895717,27579a5b-d52e-4b3a-b266-e21f946cedaf
99,1,0.0,2026-08-19T05:53:09.944994+00:00,8c7e18eba1488dd5a7d4bdb00d4da0a75e895717,27579a5b-d52e-4b3a-b266-e21f946cedaf
99,2,0.0,2026-08-19T05:53:09.944994+00:00,8c7e18eba1488dd5a7d4bdb00d4da0a75e895717,27579a5b-d52e-4b3a-b266-e21f946cedaf
99,3,0.0,2026-08-19T05:53:09.944994+00:00,8c7e18eba1488dd5a7d4bdb00d4da0a75e895717,27579a5b-d52e-4b3a-b266-e21f946cedaf
99,4,0.0,2026-08-19T05:53:09.944994+00:00,8c7e18eba1488dd5a7d4bdb00d4da0a75e895717,27579a5b-d52e-4b3a-b266-e21f946cedaf
99,5,0.0,2026-08-19T05:53:09.944994+00:00,8c7e18eba1488dd5a7d4bdb00d4da0a75e895717,27579a5b-d52e-4b3a-b266-e21f946cedaf
99,6,0.0,2026-08-19T05:53:09.944994+00:00,8c7e18eba1488dd5a7d4bdb00d4da0a75e895717,27579a5b-d52e-4b3a-b266-e21f946cedaf
99,7,0.0,2026-08-19T05:53:09.944994+00:00,8c7e18eba1488dd5a7d4bdb00d4da0a75e895717,27579a5b-d52e-4b3a-b266-e21f946cedaf
99,8,0.0,2026-08-19T05:53:09.944994+00:00,8c7e18eba1488dd5a7d4bdb00d4da0a75e895717,27579a5b-d52e-4b3a-b266-e21f946cedaf
100,1,1.0186309814453125,2026-08-19T05:53:09.944994+00:00,8c7e18eba1488dd5a7d4bdb00d4da0a75e895717,27579a5b-d52e-4b3a-b266-e21f946cedaf
100,2,1.0151368379592896,2026-08-19T05:53:09.944994+00:00,8c7e18eba1488dd5a7d4bdb00d4da0a75e895717,27579a5b-d52e-4b3a-b266-e21f946cedaf
100,3,1.0171884298324585,2026-08-19T05:53:09.944994+00:00,8c7e18eba1488dd5a7d4bdb00d4da0a75e895717,27579a5b-d52e-4b3a-b266-e21f946cedaf
100,4,1.0141576528549194,2026-08-19T05:53:09.944994+00:00,8c7e18eba1488dd5a7d4bdb00d4da0a75e895717,27579a5b-d52e-4b3a-b266-e21f946cedaf
100,5,1.016646146774292,2026-08-19T05:53:09.944994+00:00,8c7e18eba1488dd5a7d4bdb00d4da0a75e895717,27579a5b-d52e-4b3a-b266-e21f946cedaf
100,6,1.0133168697357178,2026-08-19T05:53:09.944994+00:00,8c7e18eba1488dd5a7d4bdb00d4da0a75e895717,27579a5b-d52e-4b3a-b266-e21f946cedaf
100,7,1.0150551795959473,2026-08-19T05:53:09.944994+00:00,8c7e18eba1488dd5a7d4bdb00d4da0a75e895717,27579a5b-d52e-4b3a-b266-e21f946cedaf
100,8,1.018007516860962,2026-08-19T05:53:09.944994+00:00,8c7e18eba1488dd5a7d4bdb00d4da0a75e895717,27579a5b-d52e-4b3a-b266-e21f946cedaf
101,1,0.0,2026-08-19T05:53:09.944994+00:00,8c7e18eba1488dd5a7d4bdb00d4da0a75e895717,27579a5b-d52e-4b3a-b266-e21f946cedaf
101,2,0.0,2026-08-19T05:53:09.944994+00:00,8c7e18eba1488dd5a7d4bdb00d4da0a75e895717,27579a5b-d52e-4b3a-b266-e21f946cedaf
101,3,0.0,2026-08-19T05:53:09.944994+00:00,8c7e18eba1488dd5a7d4bdb00d4da0a75e895717,27579a5b-d52e-4b3a-b266-e21f946cedaf
101,4,0.0,2026-08-19T05:53:09.944994+00:00,8c7e18eba1488dd5a7d4bdb00d4da0a75e895717,27579a5b-d52e-4b3a-b266-e21f946cedaf
101,5,0.0,2026-08-19T05:53:09.944994+00:00,8c7e18eba1488dd5a7d4bdb00d4da0a75e895717,27579a5b-d52e-4b3a-b266-e21f946cedaf
101,6,0.0,2026-08-19T05:53:09.944994+00:00,8c7e18eba1488dd5a7d4bdb00d4da0a75e895717,27579a5b-d52e-4b3a-b266-e21f946cedaf
101,7,0.0,2026-08-19T05:53:09.944994+00:00,8c7e18eba1488dd5a7d4bdb00d4da0a75e895717,27579a5b-d52e-4b3a-b266-e21f946cedaf
101,8,0.0,2026-08-19T05:53:09.944994+00:00,8c7e18eba1488dd5a7d4bdb00d4da0a75e895717,27579a5b-d52e-4b3a-b266-e21f946cedaf
102,1,3.376920700073242,2026-08-19T05:53:09.944994+00:00,8c7e18eba1488dd5a7d4bdb00d4da0a75e895717,27579a5b-d52e-4b3a-b266-e21f946cedaf
102,2,3.2504935264587402,2026-08-19T05:53:09.944994+00:00,8c7e18eba1488dd5a7d4bdb00d4da0a75e895717,27579a5b-d52e-4b3a-b266-e21f946cedaf
102,3,3.383272647857666,2026-08-19T05:53:09.944994+00:00,8c7e18eba1488dd5a7d4bdb00d4da0a75e895717,27579a5b-d52e-4b3a-b266-e21f946cedaf
102,4,3.197967529296875,2026-08-19T05:53:09.944994+00:00,8c7e18eba1488dd5a7d4bdb00d4da0a75e895717,27579a5b-d52e-4b3a-b266-e21f946cedaf
102,5,3.261744976043701,2026-08-19T05:53:09.944994+00:00,8c7e18eba1488dd5a7d4bdb00d4da0a75e895717,27579a5b-d52e-4b3a-b266-e21f946cedaf
102,6,3.1183042526245117,2026-08-19T05:53:09.944994+00:00,8c7e18eba1488dd5a7d4bdb00d4da0a75e895717,27579a5b-d52e-4b3a-b266-e21f946cedaf
102,7,3.162247657775879,2026-08-19T05:53:09.944994+00:00,8c7e18eba1488dd5a7d4bdb00d4da0a75e895717,27579a5b-d52e-4b3a-b266-e21f946cedaf
102,8,3.3679471015930176,2026-08-19T05:53:09.944994+00:00,8c7e18eba1488dd5a7d4bdb00d4da0a75e895717,27579a5b-d52e-4b3a-b266-e21f946cedaf
103,1,1.0056822299957275,2026-08-19T05:53:09.944994+00:00,8c7e18eba1488dd5a7d4bdb00d4da0a75e895717,27579a5b-d52e-4b3a-b266-e21f946cedaf
103,2,1.004616618156433,2026-08-19T05:53:09.944994+00:00,8c7e18eba1488dd5a7d4bdb00d4da0a75e895717,27579a5b-d52e-4b3a-b266-e21f946cedaf
103,3,1.0052423477172852,2026-08-19T05:53:09.944994+00:00,8c7e18eba1488dd5a7d4bdb00d4da0a75e895717,27579a5b-d52e-4b3a-b266-e21f946cedaf
103,4,1.0043179988861084,2026-08-19T05:53:09.944994+00:00,8c7e18eba1488dd5a7d4bdb00d4da0a75e895717,27579a5b-d52e-4b3a-b266-e21f946cedaf
103,5,1.0050768852233887,2026-08-19T05:53:09.944994+00:00,8c7e18eba1488dd5a7d4bdb00d4da0a75e895717,27579a5b-d52e-4b3a-b266-e21f946cedaf
103,6,1.0040614604949951,2026-08-19T05:53:09.944994+00:00,8c7e18eba1488dd5a7d4bdb00d4da0a75e895717,27579a5b-d52e-4b3a-b266-e21f946cedaf
103,7,1.004591703414917,2026-08-19T05:53:09.944994+00:00,8c7e18eba1488dd5a7d4bdb00d4da0a75e895717,27579a5b-d52e-4b3a-b266-e21f946cedaf
103,8,1.005492091178894,2026-08-19T05:53:09.944994+00:00,8c7e18eba1488dd5a7d4bdb00d4da0a75e895717,27579a5b-d52e-4b3a-b266-e21f946cedaf
104,1,0.0,2026-08-19T05:53:09.944994+00:00,8c7e18eba1488dd5a7d4bdb00d4da0a75e895717,27579a5b-d52e-4b3a-b266-e21f946cedaf
104,2,0.0,2026-08-19T05:53:09.944994+00:00,8c7e18eba1488dd5a7d4bdb00d4da0a75e895717,27579a5b-d52e-4b3a-b266-e21f946cedaf
104,3,0.0,2026-08-19T05:53:09.944994+00:00,8c7e18eba1488dd5a7d4bdb00d4da0a75e895717,27579a5b-d52e-4b3a-b266-e21f946cedaf
104,4,0.0,2026-08-19T05:53:09.944994+00:00,8c7e18eba1488dd5a7d4bdb00d4da0a75e895717,27579a5b-d52e-4b3a-b266-e21f946cedaf
104,5,0.0,2026-08-19T05:53:09.944994+00:00,8c7e18eba1488dd5a7d4bdb00d4da0a75e895717,27579a5b-d52e-4b3a-b266-e21f946cedaf
104,6,0.0,2026-08-19T05:53:09.944994+00:00,8c7e18eba1488dd5a7d4bdb00d4da0a75e895717,27579a5b-d52e-4b3a-b266-e21f946cedaf
104,7,0.0,2026-08-19T05:53:09.944994+00:00,8c7e18eba1488dd5a7d4bdb00d4da0a75e895717,27579a5b-d52e-4b3a-b266-e21f946cedaf
104,8,0.0,2026-08-19T05:53:09.944994+00:00,8c7e18eba1488dd5a7d4bdb00d4da0a75e895717,27579a5b-d52e-4b3a-b266-e21f946cedaf
105,1,0.0,2026-08-19T05:53:09.944994+00:00,8c7e18eba1488dd5a7d4bdb00d4da0a75e895717,27579a5b-d52e-4b3a-b266-e21f946cedaf
105,2,0.0,2026-08-19T05:53:09.944994+00:00,8c7e18eba1488dd5a7d4bdb00d4da0a75e895717,27579a5b-d52e-4b3a-b266-e21f946cedaf
105,3,0.0,2026-08-19T05:53:09.944994+00:00,8c7e18eba1488dd5a7d4bdb00d4da0a75e895717,27579a5b-d52e-4b3a-b266-e21f946cedaf
105,4,0.0,2026-08-19T05:53:09.944994+00:00,8c7e18eba1488dd5a7d4bdb00d4da0a75e895717,27579a5b-d52e-4b3a-b266-e21f946cedaf
105,5,0.0,2026-08-19T05:53:09.944994+00:00,8c7e18eba1488dd5a7d4bdb00d4da0a75e895717,27579a5b-d52e-4b3a-b266-e21f946cedaf
105,6,0.0,2026-08-19T05:53:09.944994+00:00,8c7e18eba1488dd5a7d4bdb00d4da0a75e895717,27579a5b-d52e-4b3a-b266-e21f946cedaf
105,7,0.0,2026-08-19T05:53:09.944994+00:00,8c7e18eba1488dd5a7d4bdb00d4da0a75e895717,27579a5b-d52e-4b3a-b266-e21f946cedaf
105,8,0.0,2026-08-19T05:53:09.944994+00:00,8c7e18eba1488dd5a7d4bdb00d4da0a75e895717,27579a5b-d52e-4b3a-b266-e21f946cedaf
106,1,5.154704570770264,2026-08-19T05:53:09.944994+00:00,8c7e18eba1488dd5a7d4bdb00d4da0a75e895717,27579a5b-d52e-4b3a-b266-e21f946cedaf
106,2,4.652168273925781,2026-08-19T05:53:09.944994+00:00,8c7e18eba1488dd5a7d4bdb00d4da0a75e895717,27579a5b-d52e-4b3a-b266-e21f946cedaf
106,3,4.947229862213135,2026-08-19T05:53:09.944994+00:00,8c7e18eba1488dd5a7d4bdb00d4da0a75e895717,27579a5b-d52e-4b3a-b266-e21f946cedaf
106,4,4.511354923248291,2026-08-19T05:53:09.944994+00:00,8c7e18eba1488dd5a7d4bdb00d4da0a75e895717,27579a5b-d52e-4b3a-b266-e21f946cedaf
106,5,4.869241237640381,2026-08-19T05:53:09.944994+00:00,8c7e18eba1488dd5a7d4bdb00d4da0a75e895717,27579a5b-d52e-4b3a-b266-e21f946cedaf
106,6,4.390422821044922,2026-08-19T05:53:09.944994+00:00,8c7e18eba1488dd5a7d4bdb00d4da0a75e895717,27579a5b-d52e-4b3a-b266-e21f946cedaf
106,7,4.6404314041137695,2026-08-19T05:53:09.944994+00:00,8c7e18eba1488dd5a7d4bdb00d4da0a75e895717,27579a5b-d52e-4b3a-b266-e21f946cedaf
106,8,5.065034866333008,2026-08-19T05:53:09.944994+00:00,8c7e18eba1488dd5a7d4bdb00d4da0a75e895717,27579a5b-d52e-4b3a-b266-e21f946cedaf
107,1,1.0029470920562744,2026-08-19T05:53:09.944994+00:00,8c7e18eba1488dd5a7d4bdb00d4da0a75e895717,27579a5b-d52e-4b3a-b266-e21f946cedaf
107,2,1.0023943185806274,2026-08-19T05:53:09.944994+00:00,8c7e18eba1488dd5a7d4bdb00d4da0a75e895717,27579a5b-d52e-4b3a-b266-e21f946cedaf
107,3,1.0027189254760742,2026-08-19T05:53:09.944994+00:00,8c7e18eba1488dd5a7d4bdb00d4da0a75e895717,27579a5b-d52e-4b3a-b266-e21f946cedaf
107,4,1.002239465713501,2026-08-19T05:53:09.944994+00:00,8c7e18eba1488dd5a7d4bdb00d4da0a75e895717,27579a5b-d52e-4b3a-b266-e21f946cedaf
107,5,1.0026330947875977,2026-08-19T05:53:09.944994+00:00,8c7e18eba1488dd5a7d4bdb00d4da0a75e895717,27579a5b-d52e-4b3a-b266-e21f946cedaf
107,6,1.0021064281463623,2026-08-19T05:53:09.944994+00:00,8c7e18eba1488dd5a7d4bdb00d4da0a75e895717,27579a5b-d52e-4b3a-b266-e21f946cedaf
107,7,1.002381443977356,2026-08-19T05:53:09.944994+00:00,8c7e18eba1488dd5a7d4bdb00d4da0a75e895717,27579a5b-d52e-4b3a-b266-e21f946cedaf
107,8,1.002848505973816,2026-08-19T05:53:09.944994+00:00,8c7e18eba1488dd5a7d4bdb00d4da0a75e895717,27579a5b-d52e-4b3a-b266-e21f946cedaf
108,1,0.0,2026-08-19T05:53:09.944994+00:00,8c7e18eba1488dd5a7d4bdb00d4da0a75e895717,27579a5b-d52e-4b3a-b266-e21f946cedaf
108,2,0.0,2026-08-19T05:53:09.944994+00:00,8c7e18eba1488dd5a7d4bdb00d4da0a75e895717,27579a5b-d52e-4b3a-b266-e21f946cedaf
108,3,0.0,2026-08-19T05:53:09.944994+00:00,8c7e18eba1488dd5a7d4bdb00d4da0a75e895717,27579a5b-d52e-4b3a-b266-e21f946cedaf
108,4,0.0,2026-08-19T05:53:09.944994+00:00,8c7e18eba1488dd5a7d4bdb00d4da0a75e895717,27579a5b-d52e-4b3a-b266-e21f946cedaf
108,5,0.0,2026-08-19T05:53:09.944994+00:00,8c7e18eba1488dd5a7d4bdb00d4da0a75e895717,27579a5b-d52e-4b3a-b266-e21f946cedaf
108,6,0.0,2026-08-19T05:53:09.944994+00:00,8c7e18eba1488dd5a7d4bdb00d4da0a75e895717,27579a5b-d52e-4b3a-b266-e21f946cedaf
108,7,0.0,2026-08-19T05:53:09.944994+00:00,8c7e18eba1488dd5a7d4bdb00d4da0a75e895717,27579a5b-d52e-4b3a-b266-e21f946cedaf
108,8,0.0,2026-08-19T05:53:09.944994+00:00,8c7e18eba1488dd5a7d4bdb00d4da0a75e895717,27579a5b-d52e-4b3a-b266-e21f946cedaf
109,1,3.2770886421203613,2026-08-19T05:53:09.944994+00:00,8c7e18eba1488dd5a7d4bdb00d4da0a75e895717,27579a5b-d52e-4b3a-b266-e21f946cedaf
109,2,2.8982338905334473,2026-08-19T05:53:09.944994+00:00,8c7e18eba1488dd5a7d4bdb00d4da0a75e895717,27579a5b-d52e-4b3a-b266-e21f946cedaf
109,3,3.78126859664917,2026-08-19T05:53:09.944994+00:00,8c7e18eba1488dd5a7d4bdb00d4da0a75e895717,27579a5b-d52e-4b3a-b266-e21f946cedaf
109,4,3.554398536682129,2026-08-19T05:53:09.944994+00:00,8c7e18eba1488dd5a7d4bdb00d4da0a75e895717,27579a5b-d52e-4b3a-b266-e21f946cedaf
109,5,2.869976043701172,2026-08-19T05:53:09.944994+00:00,8c7e18eba1488dd5a7d4bdb00d4da0a75e895717,27579a5b-d52e-4b3a-b266-e21f946cedaf
109,6,3.460145950317383,2026-08-19T05:53:09.944994+00:00,8c7e18eba1488dd5a7d4bdb00d4da0a75e895717,27579a5b-d52e-4b3a-b266-e21f946cedaf
109,7,3.5883355140686035,2026-08-19T05:53:09.944994+00:00,8c7e18eba1488dd5a7d4bdb00d4da0a75e895717,27579a5b-d52e-4b3a-b266-e21f946cedaf
109,8,2.531738758087158,2026-08-19T05:53:09.944994+00:00,8c7e18eba1488dd5a7d4bdb00d4da0a75e895717,27579a5b-d52e-4b3a-b266-e21f946cedaf
110,1,0.0,2026-08-19T05:53:09.944994+00:00,8c7e18eba1488dd5a7d4bdb00d4da0a75e895717,27579a5b-d52e-4b3a-b266-e21f946cedaf
110,2,0.0,2026-08-19T05:53:09.944994+00:00,8c7e18eba1488dd5a7d4bdb00d4da0a75e895717,27579a5b-d52e-4b3a-b266-e21f946cedaf
110,3,0.0,2026-08-19T05:53:09.944994+00:00,8c7e18eba1488dd5a7d4bdb00d4da0a75e895717,27579a5b-d52e-4b3a-b266-e21f946cedaf
110,4,0.0,2026-08-19T05:53:09.944994+00:00,8c7e18eba1488dd5a7d4bdb00d4da0a75e895717,27579a5b-d52e-4b3a-b266-e21f946cedaf
110,5,0.0,2026-08-19T05:53:09.944994+00:00,8c7e18eba1488dd5a7d4bdb00d4da0a75e895717,27579a5b-d52e-4b3a-b266-e21f946cedaf
110,6,0.0,2026-08-19T05:53:09.944994+00:00,8c7e18eba1488dd5a7d4bdb00d4da0a75e895717,27579a5b-d52e-4b3a-b266-e21f946cedaf
110,7,0.0,2026-08-19T05:53:09.944994+00:00,8c7e18eba1488dd5a7d4bdb00d4da0a75e895717,27579a5b-d52e-4b3a-b266-e21f946cedaf
110,8,0.0,2026-08-19T05:53:09.944994+00:00,8c7e18eba1488dd5a7d4bdb00d4da0a75e895717,27579a5b-d52e-4b3a-b266-e21f946cedaf
111,1,0.0,2026-08-19T05:53:09.944994+00:00,8c7e18eba1488dd5a7d4bdb00d4da0a75e895717,27579a5b-d52e-4b3a-b266-e21f946cedaf
111,2,0.0,2026-08-19T05:53:09.944994+00:00,8c7e18eba1488dd5a7d4bdb00d4da0a75e895717,27579a5b-d52e-4b3a-b266-e21f946cedaf
111,3,0.0,2026-08-19T05:53:09.944994+00:00,8c7e18eba1488dd5a7d4bdb00d4da0a75e895717,27579a5b-d52e-4b3a-b266-e21f946cedaf
111,4,0.0,2026-08-19T05:53:09.944994+00:00,8c7e18eba1488dd5a7d4bdb00d4da0a75e895717,27579a5b-d52e-4b3a-b266-e21f946cedaf
111,5,0.0,2026-08-19T05:53:09.944994+00:00,8c7e18eba1488dd5a7d4bdb00d4da0a75e895717,27579a5b-d52e-4b3a-b266-e21f946cedaf
111,6,0.0,2026-08-19T05:53:09.944994+00:00,8c7e18eba1488dd5a7d4bdb00d4da0a75e895717,27579a5b-d52e-4b3a-b266-e21f946cedaf
111,7,0.0,2026-08-19T05:53:09.944994+00:00,8c7e18eba1488dd5a7d4bdb00d4da0a75e895717,27579a5b-d52e-4b3a-b266-e21f946cedaf
111,8,0.0,2026-08-19T05:53:09.944994+00:00,8c7e18eba1488dd5a7d4bdb00d4da0a75e895717,27579a5b-d52e-4b3a-b266-e21f946cedaf
112,1,0.0,2026-08-19T05:53:09.944994+00:00,8c7e18eba1488dd5a7d4bdb00d4da0a75e895717,27579a5b-d52e-4b3a-b266-e21f946cedaf
112,2,0.0,2026-08-19T05:53:09.944994+00:00,8c7e18eba1488dd5a7d4bdb00d4da0a75e895717,27579a5b-d52e-4b3a-b266-e21f946cedaf
112,3,0.0,2026-08-19T05:53:09.944994+00:00,8c7e18eba1488dd5a7d4bdb00d4da0a75e895717,27579a5b-d52e-4b3a-b266-e21f946cedaf
112,4,0.0,2026-08-19T05:53:09.944994+00:00,8c7e18eba1488dd5a7d4bdb00d4da0a75e895717,27579a5b-d52e-4b3a-b266-e21f946cedaf
112,5,0.0,2026-08-19T05:53:09.944994+00:00,8c7e18eba1488dd5a7d4bdb00d4da0a75e895717,27579a5b-d52e-4b3a-b266-e21f946cedaf
112,6,0.0,2026-08-19T05:53:09.944994+00:00,8c7e18eba1488dd5a7d4bdb00d4da0a75e895717,27579a5b-d52e-4b3a-b266-e21f946cedaf
112,7,0.0,2026-08-19T05:53:09.944994+00:00,8c7e18eba1488dd5a7d4bdb00d4da0a75e895717,27579a5b-d52e-4b3a-b266-e21f946cedaf
112,8,0.0,2026-08-19T05:53:09.944994+00:00,8c7e18eba1488dd5a7d4bdb00d4da0a75e895717,27579a5b-d52e-4b3a-b266-e21f946cedaf
113,1,3.2824723720550537,2026-08-19T05:53:09.944994+00:00,8c7e18eba1488dd5a7d4bdb00d4da0a75e895717,27579a5b-d52e-4b3a-b266-e21f946cedaf
113,2,2.83758544921875,2026-08-19T05:53:09.944994+00:00,8c7e18eba1488dd5a7d4bdb00d4da0a75e895717,27579a5b-d52e-4b3a-b266-e21f946cedaf
113,3,3.84847092628479,2026-08-19T05:53:09.944994+00:00,8c7e18eba1488dd5a7d4bdb00d4da0a75e895717,27579a5b-d52e-4b3a-b266-e21f946cedaf
113,4,3.6048500537872314,2026-08-19T05:53:09.944994+00:00,8c7e18eba1488dd5a7d4bdb00d4da0a75e895717,27579a5b-d52e-4b3a-b266-e21f946cedaf
113,5,2.7266879081726074,2026-08-19T05:53:09.944994+00:00,8c7e18eba1488dd5a7d4bdb00d4da0a75e895717,27579a5b-d52e-4b3a-b266-e21f946cedaf
113,6,3.4119091033935547,2026-08-19T05:53:09.944994+00:00,8c7e18eba1488dd5a7d4bdb00d4da0a75e895717,27579a5b-d52e-4b3a-b266-e21f946cedaf
113,7,3.6156489849090576,2026-08-19T05:53:09.944994+00:00,8c7e18eba1488dd5a7d4bdb00d4da0a75e895717,27579a5b-d52e-4b3a-b266-e21f946cedaf
113,8,2.4339513778686523,2026-08-19T05:53:09.944994+00:00,8c7e18eba1488dd5a7d4bdb00d4da0a75e895717,27579a5b-d52e-4b3a-b266-e21f946cedaf
114,1,0.892723560333252,2026-08-19T05:53:09.944994+00:00,8c7e18eba1488dd5a7d4bdb00d4da0a75e895717,27579a5b-d52e-4b3a-b266-e21f946cedaf
114,2,0.7904115915298462,2026-08-19T05:53:09.944994+00:00,8c7e18eba1488dd5a7d4bdb00d4da0a75e895717,27579a5b-d52e-4b3a-b266-e21f946cedaf
114,3,0.995720624923706,2026-08-19T05:53:09.944994+00:00,8c7e18eba1488dd5a7d4bdb00d4da0a75e895717,27579a5b-d52e-4b3a-b266-e21f946cedaf
114,4,0.9561463594436646,2026-08-19T05:53:09.944994+00:00,8c7e18eba1488dd5a7d4bdb00d4da0a75e895717,27579a5b-d52e-4b3a-b266-e21f946cedaf
114,5,0.7416358590126038,2026-08-19T05:53:09.944994+00:00,8c7e18eba1488dd5a7d4bdb00d4da0a75e895717,27579a5b-d52e-4b3a-b266-e21f946cedaf
114,6,0.8909087181091309,2026-08-19T05:53:09.944994+00:00,8c7e18eba1488dd5a7d4bdb00d4da0a75e895717,27579a5b-d52e-4b3a-b266-e21f946cedaf
114,7,0.9496345520019531,2026-08-19T05:53:09.944994+00:00,8c7e18eba1488dd5a7d4bdb00d4da0a75e895717,27579a5b-d52e-4b3a-b266-e21f946cedaf
114,8,0.693236231803894,2026-08-19T05:53:09.944994+00:00,8c7e18eba1488dd5a7d4bdb00d4da0a75e895717,27579a5b-d52e-4b3a-b266-e21f946cedaf
115,1,1.1257567405700684,2026-08-19T05:53:09.944994+00:00,8c7e18eba1488dd5a7d4bdb00d4da0a75e895717,27579a5b-d52e-4b3a-b266-e21f946cedaf
115,2,1.046987771987915,2026-08-19T05:53:09.944994+00:00,8c7e18eba1488dd5a7d4bdb00d4da0a75e895717,27579a5b-d52e-4b3a-b266-e21f946cedaf
115,3,1.2038756608963013,2026-08-19T05:53:09.944994+00:00,8c7e18eba1488dd5a7d4bdb00d4da0a75e895717,27579a5b-d52e-4b3a-b266-e21f946cedaf
115,4,1.1756309270858765,2026-08-19T05:53:09.944994+00:00,8c7e18eba1488dd5a7d4bdb00d4da0a75e895717,27579a5b-d52e-4b3a-b266-e21f946cedaf
115,5,0.9964973330497742,2026-08-19T05:53:09.944994+00:00,8c7e18eba1488dd5a7d4bdb00d4da0a75e895717,27579a5b-d52e-4b3a-b266-e21f946cedaf
115,6,1.1110948324203491,2026-08-19T05:53:09.944994+00:00,8c7e18eba1488dd5a7d4bdb00d4da0a75e895717,27579a5b-d52e-4b3a-b266-e21f946cedaf
115,7,1.1658287048339844,2026-08-19T05:53:09.944994+00:00,8c7e18eba1488dd5a7d4bdb00d4da0a75e895717,27579a5b-d52e-4b3a-b266-e21f946cedaf
115,8,0.9786421060562134,2026-08-19T05:53:09.944994+00:00,8c7e18eba1488dd5a7d4bdb00d4da0a75e895717,27579a5b-d52e-4b3a-b266-e21f946cedaf
116,1,3.444121837615967,2026-08-19T05:53:09.944994+00:00,8c7e18eba1488dd5a7d4bdb00d4da0a75e895717,27579a5b-d52e-4b3a-b266-e21f946cedaf
116,2,3.06776762008667,2026-08-19T05:53:09.944994+00:00,8c7e18eba1488dd5a7d4bdb00d4da0a75e895717,27579a5b-d52e-4b3a-b266-e21f946cedaf
116,3,3.9416651725769043,2026-08-19T05:53:09.944994+00:00,8c7e18eba1488dd5a7d4bdb00d4da0a75e895717,27579a5b-d52e-4b3a-b266-e21f946cedaf
116,4,3.723540782928467,2026-08-19T05:53:09.944994+00:00,8c7e18eba1488dd5a7d4bdb00d4da0a75e895717,27579a5b-d52e-4b3a-b266-e21f946cedaf
116,5,2.9954309463500977,2026-08-19T05:53:09.944994+00:00,8c7e18eba1488dd5a7d4bdb00d4da0a75e895717,27579a5b-d52e-4b3a-b266-e21f946cedaf
116,6,3.5808115005493164,2026-08-19T05:53:09.944994+00:00,8c7e18eba1488dd5a7d4bdb00d4da0a75e895717,27579a5b-d52e-4b3a-b266-e21f946cedaf
116,7,3.7408809661865234,2026-08-19T05:53:09.944994+00:00,8c7e18eba1488dd5a7d4bdb00d4da0a75e895717,27579a5b-d52e-4b3a-b266-e21f946cedaf
116,8,2.7262816429138184,2026-08-19T05:53:09.944994+00:00,8c7e18eba1488dd5a7d4bdb00d4da0a75e895717,27579a5b-d52e-4b3a-b266-e21f946cedaf
117,1,1.0033843517303467,2026-08-19T05:53:09.944994+00:00,8c7e18eba1488dd5a7d4bdb00d4da0a75e895717,27579a5b-d52e-4b3a-b266-e21f946cedaf
117,2,0.9639567732810974,2026-08-19T05:53:09.944994+00:00,8c7e18eba1488dd5a7d4bdb00d4da0a75e895717,27579a5b-d52e-4b3a-b266-e21f946cedaf
117,3,1.0431171655654907,2026-08-19T05:53:09.944994+00:00,8c7e18eba1488dd5a7d4bdb00d4da0a75e895717,27579a5b-d52e-4b3a-b266-e21f946cedaf
117,4,1.0277884006500244,2026-08-19T05:53:09.944994+00:00,8c7e18eba1488dd5a7d4bdb00d4da0a75e895717,27579a5b-d52e-4b3a-b266-e21f946cedaf
117,5,0.9456157684326172,2026-08-19T05:53:09.944994+00:00,8c7e18eba1488dd5a7d4bdb00d4da0a75e895717,27579a5b-d52e-4b3a-b266-e21f946cedaf
117,6,1.003151774406433,2026-08-19T05:53:09.944994+00:00,8c7e18eba1488dd5a7d4bdb00d4da0a75e895717,27579a5b-d52e-4b3a-b266-e21f946cedaf
117,7,1.0254476070404053,2026-08-19T05:53:09.944994+00:00,8c7e18eba1488dd5a7d4bdb00d4da0a75e895717,27579a5b-d52e-4b3a-b266-e21f946cedaf
117,8,0.9262810349464417,2026-08-19T05:53:09.944994+00:00,8c7e18eba1488dd5a7d4bdb00d4da0a75e895717,27579a5b-d52e-4b3a-b266-e21f946cedaf
118,1,0.0,2026-08-19T05:53:09.944994+00:00,8c7e18eba1488dd5a7d4bdb00d4da0a75e895717,27579a5b-d52e-4b3a-b266-e21f946cedaf
118,2,0.0,2026-08-19T05:53:09.944994+00:00,8c7e18eba1488dd5a7d4bdb00d4da0a75e895717,27579a5b-d52e-4b3a-b266-e21f946cedaf
118,3,0.0,2026-08-19T05:53:09.944994+00:00,8c7e18eba1488dd5a7d4bdb00d4da0a75e895717,27579a5b-d52e-4b3a-b266-e21f946cedaf
118,4,0.0,2026-08-19T05:53:09.944994+00:00,8c7e18eba1488dd5a7d4bdb00d4da0a75e895717,27579a5b-d52e-4b3a-b266-e21f946cedaf
118,5,0.0,2026-08-19T05:53:09.944994+00:00,8c7e18eba1488dd5a7d4bdb00d4da0a75e895717,27579a5b-d52e-4b3a-b266-e21f946cedaf
118,6,0.0,2026-08-19T05:53:09.944994+00:00,8c7e18eba1488dd5a7d4bdb00d4da0a75e895717,27579a5b-d52e-4b3a-b266-e21f946cedaf
118,7,0.0,2026-08-19T05:53:09.944994+00:00,8c7e18eba1488dd5a7d4bdb00d4da0a75e895717,27579a5b-d52e-4b3a-b266-e21f946cedaf
118,8,0.0,2026-08-19T05:53:09.944994+00:00,8c7e18eba1488dd5a7d4bdb00d4da0a75e895717,27579a5b-d52e-4b3a-b266-e21f946cedaf
119,1,0.0,2026-08-19T05:53:09.944994+00:00,8c7e18eba1488dd5a7d4bdb00d4da0a75e895717,27579a5b-d52e-4b3a-b266-e21f946cedaf
119,2,0.0,2026-08-19T05:53:09.944994+00:00,8c7e18eba1488dd5a7d4bdb00d4da0a75e895717,27579a5b-d52e-4b3a-b266-e21f946cedaf
119,3,0.0,2026-08-19T05:53:09.944994+00:00,8c7e18eba1488dd5a7d4bdb00d4da0a75e895717,27579a5b-d52e-4b3a-b266-e21f946cedaf
119,4,0.0,2026-08-19T05:53:09.944994+00:00,8c7e18eba1488dd5a7d4bdb00d4da0a75e895717,27579a5b-d52e-4b3a-b266-e21f946cedaf
119,5,0.0,2026-08-19T05:53:09.944994+00:00,8c7e18eba1488dd5a7d4bdb00d4da0a75e895717,27579a5b-d52e-4b3a-b266-e21f946cedaf
119,6,0.0,2026-08-19T05:53:09.944994+00:00,8c7e18eba1488dd5a7d4bdb00d4da0a75e895717,27579a5b-d52e-4b3a-b266-e21f946cedaf
119,7,0.0,2026-08-19T05:53:09.944994+00:00,8c7e18eba1488dd5a7d4bdb00d4da0a75e895717,27579a5b-d52e-4b3a-b266-e21f946cedaf
119,8,0.0,2026-08-19T05:53:09.944994+00:00,8c7e18eba1488dd5a7d4bdb00d4da0a75e895717,27579a5b-d52e-4b3a-b266-e21f946cedaf
120,1,0.0,2026-08-19T05:53:09.944994+00:00,8c7e18eba1488dd5a7d4bdb00d4da0a75e895717,27579a5b-d52e-4b3a-b266-e21f946cedaf
120,2,0.0,2026-08-19T05:53:09.944994+00:00,8c7e18eba1488dd5a7d4bdb00d4da0a75e895717,27579a5b-d52e-4b3a-b266-e21f946cedaf
120,3,0.0,2026-08-19T05:53:09.944994+00:00,8c7e18eba1488dd5a7d4bdb00d4da0a75e895717,27579a5b-d52e-4b3a-b266-e21f946cedaf
120,4,0.0,2026-08-19T05:53:09.944994+00:00,8c7e18eba1488dd5a7d4bdb00d4da0a75e895717,27579a5b-d52e-4b3a-b266-e21f946cedaf
120,5,0.0,2026-08-19T05:53:09.944994+00:00,8c7e18eba1488dd5a7d4bdb00d4da0a75e895717,27579a5b-d52e-4b3a-b266-e21f946cedaf
120,6,0.0,2026-08-19T05:53:09.944994+00:00,8c7e18eba1488dd5a7d4bdb00d4da0a75e895717,27579a5b-d52e-4b3a-b266-e21f946cedaf
120,7,0.0,2026-08-19T05:53:09.944994+00:00,8c7e18eba1488dd5a7d4bdb00d4da0a75e895717,27579a5b-d52e-4b3a-b266-e21f946cedaf
120,8,0.0,2026-08-19T05:53:09.944994+00:00,8c7e18eba1488dd5a7d4bdb00d4da0a75e895717,27579a5b-d52e-4b3a-b266-e21f946cedaf
121,1,0.0,2026-08-19T05:53:09.944994+00:00,8c7e18eba1488dd5a7d4bdb00d4da0a75e895717,27579a5b-d52e-4b3a-b266-e21f946cedaf
121,2,0.0,2026-08-19T05:53:09.944994+00:00,8c7e18eba1488dd5a7d4bdb00d4da0a75e895717,27579a5b-d52e-4b3a-b266-e21f946cedaf
121,3,0.0,2026-08-19T05:53:09.944994+00:00,8c7e18eba1488dd5a7d4bdb00d4da0a75e895717,27579a5b-d52e-4b3a-b266-e21f946cedaf
121,4,0.0,2026-08-19T05:53:09.944994+00:00,8c7e18eba1488dd5a7d4bdb00d4da0a75e895717,27579a5b-d52e-4b3a-b266-e21f946cedaf
121,5,0.0,2026-08-19T05:53:09.944994+00:00,8c7e18eba1488dd5a7d4bdb00d4da0a75e895717,27579a5b-d52e-4b3a-b266-e21f946cedaf
121,6,0.0,2026-08-19T05:53:09.944994+00:00,8c7e18eba1488dd5a7d4bdb00d4da0a75e895717,27579a5b-d52e-4b3a-b266-e21f946cedaf
121,7,0.0,2026-08-19T05:53:09.944994+00:00,8c7e18eba1488dd5a7d4bdb00d4da0a75e895717,27579a5b-d52e-4b3a-b266-e21f946cedaf
121,8,0.0,2026-08-19T05:53:09.944994+00:00,8c7e18eba1488dd5a7d4bdb00d4da0a75e895717,27579a5b-d52e-4b3a-b266-e21f946cedaf
122,1,0.0,2026-08-19T05:53:09.944994+00:00,8c7e18eba1488dd5a7d4bdb00d4da0a75e895717,27579a5b-d52e-4b3a-b266-e21f946cedaf
122,2,0.0,2026-08-19T05:53:09.944994+00:00,8c7e18eba1488dd5a7d4bdb00d4da0a75e895717,27579a5b-d52e-4b3a-b266-e21f946cedaf
122,3,0.0,2026-08-19T05:53:09.944994+00:00,8c7e18eba1488dd5a7d4bdb00d4da0a75e895717,27579a5b-d52e-4b3a-b266-e21f946cedaf
122,4,0.0,2026-08-19T05:53:09.944994+00:00,8c7e18eba1488dd5a7d4bdb00d4da0a75e895717,27579a5b-d52e-4b3a-b266-e21f946cedaf
122,5,0.0,2026-08-19T05:53:09.944994+00:00,8c7e18eba1488dd5a7d4bdb00d4da0a75e895717,27579a5b-d52e-4b3a-b266-e21f946cedaf
122,6,0.0,2026-08-19T05:53:09.944994+00:00,8c7e18eba1488dd5a7d4bdb00d4da0a75e895717,27579a5b-d52e-4b3a-b266-e21f946cedaf
122,7,0.0,2026-08-19T05:53:09.944994+00:00,8c7e18eba1488dd5a7d4bdb00d4da0a75e895717,27579a5b-d52e-4b3a-b266-e21f946cedaf
122,8,0.0,2026-08-19T05:53:09.944994+00:00,8c7e18eba1488dd5a7d4bdb00d4da0a75e895717,27579a5b-d52e-4b3a-b266-e21f946cedaf
123,1,3.9967668056488037,2026-08-19T05:53:09.944994+00:00,8c7e18eba1488dd5a7d4bdb00d4da0a75e895717,27579a5b-d52e-4b3a-b266-e21f946cedaf
123,2,3.73675274848938,2026-08-19T05:53:09.944994+00:00,8c7e18eba1488dd5a7d4bdb00d4da0a75e895717,27579a5b-d52e-4b3a-b266-e21f946cedaf
123,3,4.273958683013916,2026-08-19T05:53:09.944994+00:00,8c7e18eba1488dd5a7d4bdb00d4da0a75e895717,27579a5b-d52e-4b3a-b266-e21f946cedaf
123,4,4.182116985321045,2026-08-19T05:53:09.944994+00:00,8c7e18eba1488dd5a7d4bdb00d4da0a75e895717,27579a5b-d52e-4b3a-b266-e21f946cedaf
123,5,3.483180522918701,2026-08-19T05:53:09.944994+00:00,8c7e18eba1488dd5a7d4bdb00d4da0a75e895717,27579a5b-d52e-4b3a-b266-e21f946cedaf
123,6,3.8676674365997314,2026-08-19T05:53:09.944994+00:00,8c7e18eba1488dd5a7d4bdb00d4da0a75e895717,27579a5b-d52e-4b3a-b266-e21f946cedaf
123,7,4.118009567260742,2026-08-19T05:53:09.944994+00:00,8c7e18eba1488dd5a7d4bdb00d4da0a75e895717,27579a5b-d52e-4b3a-b266-e21f946cedaf
123,8,3.5719735622406006,2026-08-19T05:53:09.944994+00:00,8c7e18eba1488dd5a7d4bdb00d4da0a75e895717,27579a5b-d52e-4b3a-b266-e21f946cedaf
124,1,4.510395050048828,2026-08-19T05:53:09.944994+00:00,8c7e18eba1488dd5a7d4bdb00d4da0a75e895717,27579a5b-d52e-4b3a-b266-e21f946cedaf
124,2,4.237846851348877,2026-08-19T05:53:09.944994+00:00,8c7e18eba1488dd5a7d4bdb00d4da0a75e895717,27579a5b-d52e-4b3a-b266-e21f946cedaf
124,3,4.799321174621582,2026-08-19T05:53:09.944994+00:00,8c7e18eba1488dd5a7d4bdb00d4da0a75e895717,27579a5b-d52e-4b3a-b266-e21f946cedaf
124,4,4.704299449920654,2026-08-19T05:53:09.944994+00:00,8c7e18eba1488dd5a7d4bdb00d4da0a75e895717,27579a5b-d52e-4b3a-b266-e21f946cedaf
124,5,3.968587875366211,2026-08-19T05:53:09.944994+00:00,8c7e18eba1488dd5a7d4bdb00d4da0a75e895717,27579a5b-d52e-4b3a-b266-e21f946cedaf
124,6,4.37111759185791,2026-08-19T05:53:09.944994+00:00,8c7e18eba1488dd5a7d4bdb00d4da0a75e895717,27579a5b-d52e-4b3a-b266-e21f946cedaf
124,7,4.635799884796143,2026-08-19T05:53:09.944994+00:00,8c7e18eba1488dd5a7d4bdb00d4da0a75e895717,27579a5b-d52e-4b3a-b266-e21f946cedaf
124,8,4.066018104553223,2026-08-19T05:53:09.944994+00:00,8c7e18eba1488dd5a7d4bdb00d4da0a75e895717,27579a5b-d52e-4b3a-b266-e21f946cedaf
125,1,1.574972152709961,2026-08-19T05:53:09.944994+00:00,8c7e18eba1488dd5a7d4bdb00d4da0a75e895717,27579a5b-d52e-4b3a-b266-e21f946cedaf
125,2,1.4909425973892212,2026-08-19T05:53:09.944994+00:00,8c7e18eba1488dd5a7d4bdb00d4da0a75e895717,27579a5b-d52e-4b3a-b266-e21f946cedaf
125,3,1.6536402702331543,2026-08-19T05:53:09.944994+00:00,8c7e18eba1488dd5a7d4bdb00d4da0a75e895717,27579a5b-d52e-4b3a-b266-e21f946cedaf
125,4,1.6323232650756836,2026-08-19T05:53:09.944994+00:00,8c7e18eba1488dd5a7d4bdb00d4da0a75e895717,27579a5b-d52e-4b3a-b266-e21f946cedaf
125,5,1.3857793807983398,2026-08-19T05:53:09.944994+00:00,8c7e18eba1488dd5a7d4bdb00d4da0a75e895717,27579a5b-d52e-4b3a-b266-e21f946cedaf
125,6,1.5067368745803833,2026-08-19T05:53:09.944994+00:00,8c7e18eba1488dd5a7d4bdb00d4da0a75e895717,27579a5b-d52e-4b3a-b266-e21f946cedaf
125,7,1.6028785705566406,2026-08-19T05:53:09.944994+00:00,8c7e18eba1488dd5a7d4bdb00d4da0a75e895717,27579a5b-d52e-4b3a-b266-e21f946cedaf
125,8,1.443681240081787,2026-08-19T05:53:09.944994+00:00,8c7e18eba1488dd5a7d4bdb00d4da0a75e895717,27579a5b-d52e-4b3a-b266-e21f946cedaf
126,1,1.0277448892593384,2026-08-19T05:53:09.944994+00:00,8c7e18eba1488dd5a7d4bdb00d4da0a75e895717,27579a5b-d52e-4b3a-b266-e21f946cedaf
126,2,1.023690104484558,2026-08-19T05:53:09.944994+00:00,8c7e18eba1488dd5a7d4bdb00d4da0a75e895717,27579a5b-d52e-4b3a-b266-e21f946cedaf
126,3,1.0315409898757935,2026-08-19T05:53:09.944994+00:00,8c7e18eba1488dd5a7d4bdb00d4da0a75e895717,27579a5b-d52e-4b3a-b266-e21f946cedaf
126,4,1.0305123329162598,2026-08-19T05:53:09.944994+00:00,8c7e18eba1488dd5a7d4bdb00d4da0a75e895717,27579a5b-d52e-4b3a-b266-e21f946cedaf
126,5,1.018615484237671,2026-08-19T05:53:09.944994+00:00,8c7e18eba1488dd5a7d4bdb00d4da0a75e895717,27579a5b-d52e-4b3a-b266-e21f946cedaf
126,6,1.0244522094726562,2026-08-19T05:53:09.944994+00:00,8c7e18eba1488dd5a7d4bdb00d4da0a75e895717,27579a5b-d52e-4b3a-b266-e21f946cedaf
126,7,1.029091477394104,2026-08-19T05:53:09.944994+00:00,8c7e18eba1488dd5a7d4bdb00d4da0a75e895717,27579a5b-d52e-4b3a-b266-e21f946cedaf
126,8,1.021409511566162,2026-08-19T05:53:09.944994+00:00,8c7e18eba1488dd5a7d4bdb00d4da0a75e895717,27579a5b-d52e-4b3a-b266-e21f946cedaf
127,1,3.6155412197113037,2026-08-19T05:53:09.944994+00:00,8c7e18eba1488dd5a7d4bdb00d4da0a75e895717,27579a5b-d52e-4b3a-b266-e21f946cedaf
127,2,3.420093297958374,2026-08-19T05:53:09.944994+00:00,8c7e18eba1488dd5a7d4bdb00d4da0a75e895717,27579a5b-d52e-4b3a-b266-e21f946cedaf
127,3,3.832287073135376,2026-08-19T05:53:09.944994+00:00,8c7e18eba1488dd5a7d4bdb00d4da0a75e895717,27579a5b-d52e-4b3a-b266-e21f946cedaf
127,4,3.756824254989624,2026-08-19T05:53:09.944994+00:00,8c7e18eba1488dd5a7d4bdb00d4da0a75e895717,27579a5b-d52e-4b3a-b266-e21f946cedaf
127,5,3.2473249435424805,2026-08-19T05:53:09.944994+00:00,8c7e18eba1488dd5a7d4bdb00d4da0a75e895717,27579a5b-d52e-4b3a-b266-e21f946cedaf
127,6,3.538872241973877,2026-08-19T05:53:09.944994+00:00,8c7e18eba1488dd5a7d4bdb00d4da0a75e895717,27579a5b-d52e-4b3a-b266-e21f946cedaf
127,7,3.715341091156006,2026-08-19T05:53:09.944994+00:00,8c7e18eba1488dd5a7d4bdb00d4da0a75e895717,27579a5b-d52e-4b3a-b266-e21f946cedaf
127,8,3.291628122329712,2026-08-19T05:53:09.944994+00:00,8c7e18eba1488dd5a7d4bdb00d4da0a75e895717,27579a5b-d52e-4b3a-b266-e21f946cedaf
128,1,0.0,2026-08-19T05:53:09.944994+00:00,8c7e18eba1488dd5a7d4bdb00d4da0a75e895717,27579a5b-d52e-4b3a-b266-e21f946cedaf
128,2,0.0,2026-08-19T05:53:09.944994+00:00,8c7e18eba1488dd5a7d4bdb00d4da0a75e895717,27579a5b-d52e-4b3a-b266-e21f946cedaf
128,3,0.0,2026-08-19T05:53:09.944994+00:00,8c7e18eba1488dd5a7d4bdb00d4da0a75e895717,27579a5b-d52e-4b3a-b266-e21f946cedaf
128,4,0.0,2026-08-19T05:53:09.944994+00:00,8c7e18eba1488dd5a7d4bdb00d4da0a75e895717,27579a5b-d52e-4b3a-b266-e21f946cedaf
128,5,0.0,2026-08-19T05:53:09.944994+00:00,8c7e18eba1488dd5a7d4bdb00d4da0a75e895717,27579a5b-d52e-4b3a-b266-e21f946cedaf
128,6,0.0,2026-08-19T05:53:09.944994+00:00,8c7e18eba1488dd5a7d4bdb00d4da0a75e895717,27579a5b-d52e-4b3a-b266-e21f946cedaf
128,7,0.0,2026-08-19T05:53:09.944994+00:00,8c7e18eba1488dd5a7d4bdb00d4da0a75e895717,27579a5b-d52e-4b3a-b266-e21f946cedaf
128,8,0.0,2026-08-19T05:53:09.944994+00:00,8c7e18eba1488dd5a7d4bdb00d4da0a75e895717,27579a5b-d52e-4b3a-b266-e21f946cedaf
129,1,1.2807724475860596,2026-08-19T05:53:09.944994+00:00,8c7e18eba1488dd5a7d4bdb00d4da0a75e895717,27579a5b-d52e-4b3a-b266-e21f946cedaf
129,2,1.2315592765808105,2026-08-19T05:53:09.944994+00:00,8c7e18eba1488dd5a7d4bdb00d4da0a75e895717,27579a5b-d52e-4b3a-b266-e21f946cedaf
129,3,1.326845407485962,2026-08-19T05:53:09.944994+00:00,8c7e18eba1488dd5a7d4bdb00d4da0a75e895717,27579a5b-d52e-4b3a-b266-e21f946cedaf
129,4,1.3143608570098877,2026-08-19T05:53:09.944994+00:00,8c7e18eba1488dd5a7d4bdb00d4da0a75e895717,27579a5b-d52e-4b3a-b266-e21f946cedaf
129,5,1.1699689626693726,2026-08-19T05:53:09.944994+00:00,8c7e18eba1488dd5a7d4bdb00d4da0a75e895717,27579a5b-d52e-4b3a-b266-e21f946cedaf
129,6,1.240809440612793,2026-08-19T05:53:09.944994+00:00,8c7e18eba1488dd5a7d4bdb00d4da0a75e895717,27579a5b-d52e-4b3a-b266-e21f946cedaf
129,7,1.2971161603927612,2026-08-19T05:53:09.944994+00:00,8c7e18eba1488dd5a7d4bdb00d4da0a75e895717,27579a5b-d52e-4b3a-b266-e21f946cedaf
129,8,1.2038800716400146,2026-08-19T05:53:09.944994+00:00,8c7e18eba1488dd5a7d4bdb00d4da0a75e895717,27579a5b-d52e-4b3a-b266-e21f946cedaf
130,1,4.288382530212402,2026-08-19T05:53:09.944994+00:00,8c7e18eba1488dd5a7d4bdb00d4da0a75e895717,27579a5b-d52e-4b3a-b266-e21f946cedaf
130,2,3.8288698196411133,2026-08-19T05:53:09.944994+00:00,8c7e18eba1488dd5a7d4bdb00d4da0a75e895717,27579a5b-d52e-4b3a-b266-e21f946cedaf
130,3,4.86522102355957,2026-08-19T05:53:09.944994+00:00,8c7e18eba1488dd5a7d4bdb00d4da0a75e895717,27579a5b-d52e-4b3a-b266-e21f946cedaf
130,4,4.623276710510254,2026-08-19T05:53:09.944994+00:00,8c7e18eba1488dd5a7d4bdb00d4da0a75e895717,27579a5b-d52e-4b3a-b266-e21f946cedaf
130,5,3.6683123111724854,2026-08-19T05:53:09.944994+00:00,8c7e18eba1488dd5a7d4bdb00d4da0a75e895717,27579a5b-d52e-4b3a-b266-e21f946cedaf
130,6,4.3737969398498535,2026-08-19T05:53:09.944994+00:00,8c7e18eba1488dd5a7d4bdb00d4da0a75e895717,27579a5b-d52e-4b3a-b266-e21f946cedaf
130,7,4.617345809936523,2026-08-19T05:53:09.944994+00:00,8c7e18eba1488dd5a7d4bdb00d4da0a75e895717,27579a5b-d52e-4b3a-b266-e21f946cedaf
130,8,3.4326858520507812,2026-08-19T05:53:09.944994+00:00,8c7e18eba1488dd5a7d4bdb00d4da0a75e895717,27579a5b-d52e-4b3a-b266-e21f946cedaf
131,1,1.082818627357483,2026-08-19T05:53:09.944994+00:00,8c7e18eba1488dd5a7d4bdb00d4da0a75e895717,27579a5b-d52e-4b3a-b266-e21f946cedaf
131,2,1.041396975517273,2026-08-19T05:53:09.944994+00:00,8c7e18eba1488dd5a7d4bdb00d4da0a75e895717,27579a5b-d52e-4b3a-b266-e21f946cedaf
131,3,1.1215976476669312,2026-08-19T05:53:09.944994+00:00,8c7e18eba1488dd5a7d4bdb00d4da0a75e895717,27579a5b-d52e-4b3a-b266-e21f946cedaf
131,4,1.1110895872116089,2026-08-19T05:53:09.944994+00:00,8c7e18eba1488dd5a7d4bdb00d4da0a75e895717,27579a5b-d52e-4b3a-b266-e21f946cedaf
131,5,0.9895573258399963,2026-08-19T05:53:09.944994+00:00,8c7e18eba1488dd5a7d4bdb00d4da0a75e895717,27579a5b-d52e-4b3a-b266-e21f946cedaf
131,6,1.0491825342178345,2026-08-19T05:53:09.944994+00:00,8c7e18eba1488dd5a7d4bdb00d4da0a75e895717,27579a5b-d52e-4b3a-b266-e21f946cedaf
131,7,1.0965750217437744,2026-08-19T05:53:09.944994+00:00,8c7e18eba1488dd5a7d4bdb00d4da0a75e895717,27579a5b-d52e-4b3a-b266-e21f946cedaf
131,8,1.0180996656417847,2026-08-19T05:53:09.944994+00:00,8c7e18eba1488dd5a7d4bdb00d4da0a75e895717,27579a5b-d52e-4b3a-b266-e21f946cedaf
132,1,0.0,2026-08-19T05:53:09.944994+00:00,8c7e18eba1488dd5a7d4bdb00d4da0a75e895717,27579a5b-d52e-4b3a-b266-e21f946cedaf
132,2,0.0,2026-08-19T05:53:09.944994+00:00,8c7e18eba1488dd5a7d4bdb00d4da0a75e895717,27579a5b-d52e-4b3a-b266-e21f946cedaf
132,3,0.0,2026-08-19T05:53:09.944994+00:00,8c7e18eba1488dd5a7d4bdb00d4da0a75e895717,27579a5b-d52e-4b3a-b266-e21f946cedaf
132,4,0.0,2026-08-19T05:53:09.944994+00:00,8c7e18eba1488dd5a7d4bdb00d4da0a75e895717,27579a5b-d52e-4b3a-b266-e21f946cedaf
132,5,0.0,2026-08-19T05:53:09.944994+00:00,8c7e18eba1488dd5a7d4bdb00d4da0a75e895717,27579a5b-d52e-4b3a-b266-e21f946cedaf
132,6,0.0,2026-08-19T05:53:09.944994+00:00,8c7e18eba1488dd5a7d4bdb00d4da0a75e895717,27579a5b-d52e-4b3a-b266-e21f946cedaf
132,7,0.0,2026-08-19T05:53:09.944994+00:00,8c7e18eba1488dd5a7d4bdb00d4da0a75e895717,27579a5b-d52e-4b3a-b266-e21f946cedaf
132,8,0.0,2026-08-19T05:53:09.944994+00:00,8c7e18eba1488dd5a7d4bdb00d4da0a75e895717,27579a5b-d52e-4b3a-b266-e21f946cedaf
133,1,0.0,2026-08-19T05:53:09.944994+00:00,8c7e18eba1488dd5a7d4bdb00d4da0a75e895717,27579a5b-d52e-4b3a-b266-e21f946cedaf
133,2,0.0,2026-08-19T05:53:09.944994+00:00,8c7e18eba1488dd5a7d4bdb00d4da0a75e895717,27579a5b-d52e-4b3a-b266-e21f946cedaf
133,3,0.0,2026-08-19T05:53:09.944994+00:00,8c7e18eba1488dd5a7d4bdb00d4da0a75e895717,27579a5b-d52e-4b3a-b266-e21f946cedaf
133,4,0.0,2026-08-19T05:53:09.944994+00:00,8c7e18eba1488dd5a7d4bdb00d4da0a75e895717,27579a5b-d52e-4b3a-b266-e21f946cedaf
133,5,0.0,2026-08-19T05:53:09.944994+00:00,8c7e18eba1488dd5a7d4bdb00d4da0a75e895717,27579a5b-d52e-4b3a-b266-e21f946cedaf
133,6,0.0,2026-08-19T05:53:09.944994+00:00,8c7e18eba1488dd5a7d4bdb00d4da0a75e895717,27579a5b-d52e-4b3a-b266-e21f946cedaf
133,7,0.0,2026-08-19T05:53:09.944994+00:00,8c7e18eba1488dd5a7d4bdb00d4da0a75e895717,27579a5b-d52e-4b3a-b266-e21f946cedaf
133,8,0.0,2026-08-19T05:53:09.944994+00:00,8c7e18eba1488dd5a7d4bdb00d4da0a75e895717,27579a5b-d52e-4b3a-b266-e21f946cedaf
134,1,0.0,2026-08-19T05:53:09.944994+00:00,8c7e18eba1488dd5a7d4bdb00d4da0a75e895717,27579a5b-d52e-4b3a-b266-e21f946cedaf
134,2,0.0,2026-08-19T05:53:09.944994+00:00,8c7e18eba1488dd5a7d4bdb00d4da0a75e895717,27579a5b-d52e-4b3a-b266-e21f946cedaf
134,3,0.0,2026-08-19T05:53:09.944994+00:00,8c7e18eba1488dd5a7d4bdb00d4da0a75e895717,27579a5b-d52e-4b3a-b266-e21f946cedaf
134,4,0.0,2026-08-19T05:53:09.944994+00:00,8c7e18eba1488dd5a7d4bdb00d4da0a75e895717,27579a5b-d52e-4b3a-b266-e21f946cedaf
134,5,0.0,2026-08-19T05:53:09.944994+00:00,8c7e18eba1488dd5a7d4bdb00d4da0a75e895717,27579a5b-d52e-4b3a-b266-e21f946cedaf
134,6,0.0,2026-08-19T05:53:09.944994+00:00,8c7e18eba1488dd5a7d4bdb00d4da0a75e895717,27579a5b-d52e-4b3a-b266-e21f946cedaf
134,7,0.0,2026-08-19T05:53:09.944994+00:00,8c7e18eba1488dd5a7d4bdb00d4da0a75e895717,27579a5b-d52e-4b3a-b266-e21f946cedaf
134,8,0.0,2026-08-19T05:53:09.944994+00:00,8c7e18eba1488dd5a7d4bdb00d4da0a75e895717,27579a5b-d52e-4b3a-b266-e21f946cedaf
135,1,0.0,2026-08-19T05:53:09.944994+00:00,8c7e18eba1488dd5a7d4bdb00d4da0a75e895717,27579a5b-d52e-4b3a-b266-e21f946cedaf
135,2,0.0,2026-08-19T05:53:09.944994+00:00,8c7e18eba1488dd5a7d4bdb00d4da0a75e895717,27579a5b-d52e-4b3a-b266-e21f946cedaf
135,3,0.0,2026-08-19T05:53:09.944994+00:00,8c7e18eba1488dd5a7d4bdb00d4da0a75e895717,27579a5b-d52e-4b3a-b266-e21f946cedaf
135,4,0.0,2026-08-19T05:53:09.944994+00:00,8c7e18eba1488dd5a7d4bdb00d4da0a75e895717,27579a5b-d52e-4b3a-b266-e21f946cedaf
135,5,0.0,2026-08-19T05:53:09.944994+00:00,8c7e18eba1488dd5a7d4bdb00d4da0a75e895717,27579a5b-d52e-4b3a-b266-e21f946cedaf
135,6,0.0,2026-08-19T05:53:09.944994+00:00,8c7e18eba1488dd5a7d4bdb00d4da0a75e895717,27579a5b-d52e-4b3a-b266-e21f946cedaf
135,7,0.0,2026-08-19T05:53:09.944994+00:00,8c7e18eba1488dd5a7d4bdb00d4da0a75e895717,27579a5b-d52e-4b3a-b266-e21f946cedaf
135,8,0.0,2026-08-19T05:53:09.944994+00:00,8c7e18eba1488dd5a7d4bdb00d4da0a75e895717,27579a5b-d52e-4b3a-b266-e21f946cedaf
136,1,0.0,2026-08-19T05:53:09.944994+00:00,8c7e18eba1488dd5a7d4bdb00d4da0a75e895717,27579a5b-d52e-4b3a-b266-e21f946cedaf
136,2,0.0,2026-08-19T05:53:09.944994+00:00,8c7e18eba1488dd5a7d4bdb00d4da0a75e895717,27579a5b-d52e-4b3a-b266-e21f946cedaf
136,3,0.0,2026-08-19T05:53:09.944994+00:00,8c7e18eba1488dd5a7d4bdb00d4da0a75e895717,27579a5b-d52e-4b3a-b266-e21f946cedaf
136,4,0.0,2026-08-19T05:53:09.944994+00:00,8c7e18eba1488dd5a7d4bdb00d4da0a75e895717,27579a5b-d52e-4b3a-b266-e21f946cedaf
136,5,0.0,2026-08-19T05:53:09.944994+00:00,8c7e18eba1488dd5a7d4bdb00d4da0a75e895717,27579a5b-d52e-4b3a-b266-e21f946cedaf
136,6,0.0,2026-08-19T05:53:09.944994+00:00,8c7e18eba1488dd5a7d4bdb00d4da0a75e895717,27579a5b-d52e-4b3a-b266-e21f946cedaf
136,7,0.0,2026-08-19T05:53:09.944994+00:00,8c7e18eba1488dd5a7d4bdb00d4da0a75e895717,27579a5b-d52e-4b3a-b266-e21f946cedaf
136,8,0.0,2026-08-19T05:53:09.944994+00:00,8c7e18eba1488dd5a7d4bdb00d4da0a75e895717,27579a5b-d52e-4b3a-b266-e21f946cedaf
137,1,1.279948115348816,2026-08-19T05:53:09.944994+00:00,8c7e18eba1488dd5a7d4bdb00d4da0a75e895717,27579a5b-d52e-4b3a-b266-e21f946cedaf
137,2,1.23903489112854,2026-08-19T05:53:09.944994+00:00,8c7e18eba1488dd5a7d4bdb00d4da0a75e895717,27579a5b-d52e-4b3a-b266-e21f946cedaf
137,3,1.3182506561279297,2026-08-19T05:53:09.944994+00:00,8c7e18eba1488dd5a7d4bdb00d4da0a75e895717,27579a5b-d52e-4b3a-b266-e21f946cedaf
137,4,1.307871699333191,2026-08-19T05:53:09.944994+00:00,8c7e18eba1488dd5a7d4bdb00d4da0a75e895717,27579a5b-d52e-4b3a-b266-e21f946cedaf
137,5,1.187831997871399,2026-08-19T05:53:09.944994+00:00,8c7e18eba1488dd5a7d4bdb00d4da0a75e895717,27579a5b-d52e-4b3a-b266-e21f946cedaf
137,6,1.2467249631881714,2026-08-19T05:53:09.944994+00:00,8c7e18eba1488dd5a7d4bdb00d4da0a75e895717,27579a5b-d52e-4b3a-b266-e21f946cedaf
137,7,1.2935354709625244,2026-08-19T05:53:09.944994+00:00,8c7e18eba1488dd5a7d4bdb00d4da0a75e895717,27579a5b-d52e-4b3a-b266-e21f946cedaf
137,8,1.2160238027572632,2026-08-19T05:53:09.944994+00:00,8c7e18eba1488dd5a7d4bdb00d4da0a75e895717,27579a5b-d52e-4b3a-b266-e21f946cedaf
138,1,1.1586565971374512,2026-08-19T05:53:09.944994+00:00,8c7e18eba1488dd5a7d4bdb00d4da0a75e895717,27579a5b-d52e-4b3a-b266-e21f946cedaf
138,2,1.135469675064087,2026-08-19T05:53:09.944994+00:00,8c7e18eba1488dd5a7d4bdb00d4da0a75e895717,27579a5b-d52e-4b3a-b266-e21f946cedaf
138,3,1.1803641319274902,2026-08-19T05:53:09.944994+00:00,8c7e18eba1488dd5a7d4bdb00d4da0a75e895717,27579a5b-d52e-4b3a-b266-e21f946cedaf
138,4,1.174481987953186,2026-08-19T05:53:09.944994+00:00,8c7e18eba1488dd5a7d4bdb00d4da0a75e895717,27579a5b-d52e-4b3a-b266-e21f946cedaf
138,5,1.106451153755188,2026-08-19T05:53:09.944994+00:00,8c7e18eba1488dd5a7d4bdb00d4da0a75e895717,27579a5b-d52e-4b3a-b266-e21f946cedaf
138,6,1.1398279666900635,2026-08-19T05:53:09.944994+00:00,8c7e18eba1488dd5a7d4bdb00d4da0a75e895717,27579a5b-d52e-4b3a-b266-e21f946cedaf
138,7,1.1663570404052734,2026-08-19T05:53:09.944994+00:00,8c7e18eba1488dd5a7d4bdb00d4da0a75e895717,27579a5b-d52e-4b3a-b266-e21f946cedaf
138,8,1.1224285364151,2026-08-19T05:53:09.944994+00:00,8c7e18eba1488dd5a7d4bdb00d4da0a75e895717,27579a5b-d52e-4b3a-b266-e21f946cedaf
139,1,0.0,2026-08-19T05:53:09.944994+00:00,8c7e18eba1488dd5a7d4bdb00d4da0a75e895717,27579a5b-d52e-4b3a-b266-e21f946cedaf
139,2,0.0,2026-08-19T05:53:09.944994+00:00,8c7e18eba1488dd5a7d4bdb00d4da0a75e895717,27579a5b-d52e-4b3a-b266-e21f946cedaf
139,3,0.0,2026-08-19T05:53:09.944994+00:00,8c7e18eba1488dd5a7d4bdb00d4da0a75e895717,27579a5b-d52e-4b3a-b266-e21f946cedaf
139,4,0.0,2026-08-19T05:53:09.944994+00:00,8c7e18eba1488dd5a7d4bdb00d4da0a75e895717,27579a5b-d52e-4b3a-b266-e21f946cedaf
139,5,0.0,2026-08-19T05:53:09.944994+00:00,8c7e18eba1488dd5a7d4bdb00d4da0a75e895717,27579a5b-d52e-4b3a-b266-e21f946cedaf
139,6,0.0,2026-08-19T05:53:09.944994+00:00,8c7e18eba1488dd5a7d4bdb00d4da0a75e895717,27579a5b-d52e-4b3a-b266-e21f946cedaf
139,7,0.0,2026-08-19T05:53:09.944994+00:00,8c7e18eba1488dd5a7d4bdb00d4da0a75e895717,27579a5b-d52e-4b3a-b266-e21f946cedaf
139,8,0.0,2026-08-19T05:53:09.944994+00:00,8c7e18eba1488dd5a7d4bdb00d4da0a75e895717,27579a5b-d52e-4b3a-b266-e21f946cedaf
140,1,3.516667127609253,2026-08-19T05:53:09.944994+00:00,8c7e18eba1488dd5a7d4bdb00d4da0a75e895717,27579a5b-d52e-4b3a-b266-e21f946cedaf
140,2,3.6915500164031982,2026-08-19T05:53:09.944994+00:00,8c7e18eba1488dd5a7d4bdb00d4da0a75e895717,27579a5b-d52e-4b3a-b266-e21f946cedaf
140,3,2.8329739570617676,2026-08-19T05:53:09.944994+00:00,8c7e18eba1488dd5a7d4bdb00d4da0a75e895717,27579a5b-d52e-4b3a-b266-e21f946cedaf
140,4,4.098401069641113,2026-08-19T05:53:09.944994+00:00,8c7e18eba1488dd5a7d4bdb00d4da0a75e895717,27579a5b-d52e-4b3a-b266-e21f946cedaf
140,5,3.254315137863159,2026-08-19T05:53:09.944994+00:00,8c7e18eba1488dd5a7d4bdb00d4da0a75e895717,27579a5b-d52e-4b3a-b266-e21f946cedaf
140,6,3.793659210205078,2026-08-19T05:53:09.944994+00:00,8c7e18eba1488dd5a7d4bdb00d4da0a75e895717,27579a5b-d52e-4b3a-b266-e21f946cedaf
140,7,3.6744017601013184,2026-08-19T05:53:09.944994+00:00,8c7e18eba1488dd5a7d4bdb00d4da0a75e895717,27579a5b-d52e-4b3a-b266-e21f946cedaf
140,8,3.7413365840911865,2026-08-19T05:53:09.944994+00:00,8c7e18eba1488dd5a7d4bdb00d4da0a75e895717,27579a5b-d52e-4b3a-b266-e21f946cedaf
141,1,0.0,2026-08-19T05:53:09.944994+00:00,8c7e18eba1488dd5a7d4bdb00d4da0a75e895717,27579a5b-d52e-4b3a-b266-e21f946cedaf
141,2,0.0,2026-08-19T05:53:09.944994+00:00,8c7e18eba1488dd5a7d4bdb00d4da0a75e895717,27579a5b-d52e-4b3a-b266-e21f946cedaf
141,3,0.0,2026-08-19T05:53:09.944994+00:00,8c7e18eba1488dd5a7d4bdb00d4da0a75e895717,27579a5b-d52e-4b3a-b266-e21f946cedaf
141,4,0.0,2026-08-19T05:53:09.944994+00:00,8c7e18eba1488dd5a7d4bdb00d4da0a75e895717,27579a5b-d52e-4b3a-b266-e21f946cedaf
141,5,0.0,2026-08-19T05:53:09.944994+00:00,8c7e18eba1488dd5a7d4bdb00d4da0a75e895717,27579a5b-d52e-4b3a-b266-e21f946cedaf
141,6,0.0,2026-08-19T05:53:09.944994+00:00,8c7e18eba1488dd5a7d4bdb00d4da0a75e895717,27579a5b-d52e-4b3a-b266-e21f946cedaf
141,7,0.0,2026-08-19T05:53:09.944994+00:00,8c7e18eba1488dd5a7d4bdb00d4da0a75e895717,27579a5b-d52e-4b3a-b266-e21f946cedaf
141,8,0.0,2026-08-19T05:53:09.944994+00:00,8c7e18eba1488dd5a7d4bdb00d4da0a75e895717,27579a5b-d52e-4b3a-b266-e21f946cedaf
142,1,1.1306648254394531,2026-08-19T05:53:09.944994+00:00,8c7e18eba1488dd5a7d4bdb00d4da0a75e895717,27579a5b-d52e-4b3a-b266-e21f946cedaf
142,2,1.2246217727661133,2026-08-19T05:53:09.944994+00:00,8c7e18eba1488dd5a7d4bdb00d4da0a75e895717,27579a5b-d52e-4b3a-b266-e21f946cedaf
142,3,0.7829023003578186,2026-08-19T05:53:09.944994+00:00,8c7e18eba1488dd5a7d4bdb00d4da0a75e895717,27579a5b-d52e-4b3a-b266-e21f946cedaf
142,4,1.4695688486099243,2026-08-19T05:53:09.944994+00:00,8c7e18eba1488dd5a7d4bdb00d4da0a75e895717,27579a5b-d52e-4b3a-b266-e21f946cedaf
142,5,1.09433913230896,2026-08-19T05:53:09.944994+00:00,8c7e18eba1488dd5a7d4bdb00d4da0a75e895717,27579a5b-d52e-4b3a-b266-e21f946cedaf
142,6,1.257960557937622,2026-08-19T05:53:09.944994+00:00,8c7e18eba1488dd5a7d4bdb00d4da0a75e895717,27579a5b-d52e-4b3a-b266-e21f946cedaf
142,7,1.1489068269729614,2026-08-19T05:53:09.944994+00:00,8c7e18eba1488dd5a7d4bdb00d4da0a75e895717,27579a5b-d52e-4b3a-b266-e21f946cedaf
142,8,1.2898645401000977,2026-08-19T05:53:09.944994+00:00,8c7e18eba1488dd5a7d4bdb00d4da0a75e895717,27579a5b-d52e-4b3a-b266-e21f946cedaf
143,1,0.0,2026-08-19T05:53:09.944994+00:00,8c7e18eba1488dd5a7d4bdb00d4da0a75e895717,27579a5b-d52e-4b3a-b266-e21f946cedaf
143,2,0.0,2026-08-19T05:53:09.944994+00:00,8c7e18eba1488dd5a7d4bdb00d4da0a75e895717,27579a5b-d52e-4b3a-b266-e21f946cedaf
143,3,0.0,2026-08-19T05:53:09.944994+00:00,8c7e18eba1488dd5a7d4bdb00d4da0a75e895717,27579a5b-d52e-4b3a-b266-e21f946cedaf
143,4,0.0,2026-08-19T05:53:09.944994+00:00,8c7e18eba1488dd5a7d4bdb00d4da0a75e895717,27579a5b-d52e-4b3a-b266-e21f946cedaf
143,5,0.0,2026-08-19T05:53:09.944994+00:00,8c7e18eba1488dd5a7d4bdb00d4da0a75e895717,27579a5b-d52e-4b3a-b266-e21f946cedaf
143,6,0.0,2026-08-19T05:53:09.944994+00:00,8c7e18eba1488dd5a7d4bdb00d4da0a75e895717,27579a5b-d52e-4b3a-b266-e21f946cedaf
143,7,0.0,2026-08-19T05:53:09.944994+00:00,8c7e18eba1488dd5a7d4bdb00d4da0a75e895717,27579a5b-d52e-4b3a-b266-e21f946cedaf
143,8,0.0,2026-08-19T05:53:09.944994+00:00,8c7e18eba1488dd5a7d4bdb00d4da0a75e895717,27579a5b-d52e-4b3a-b266-e21f946cedaf
144,1,3.376265048980713,2026-08-19T05:53:09.944994+00:00,8c7e18eba1488dd5a7d4bdb00d4da0a75e895717,27579a5b-d52e-4b3a-b266-e21f946cedaf
144,2,3.589292049407959,2026-08-19T05:53:09.944994+00:00,8c7e18eba1488dd5a7d4bdb00d4da0a75e895717,27579a5b-d52e-4b3a-b266-e21f946cedaf
144,3,2.5859901905059814,2026-08-19T05:53:09.944994+00:00,8c7e18eba1488dd5a7d4bdb00d4da0a75e895717,27579a5b-d52e-4b3a-b266-e21f946cedaf
144,4,4.113622188568115,2026-08-19T05:53:09.944994+00:00,8c7e18eba1488dd5a7d4bdb00d4da0a75e895717,27579a5b-d52e-4b3a-b266-e21f946cedaf
144,5,3.1356301307678223,2026-08-19T05:53:09.944994+00:00,8c7e18eba1488dd5a7d4bdb00d4da0a75e895717,27579a5b-d52e-4b3a-b266-e21f946cedaf
144,6,3.699807643890381,2026-08-19T05:53:09.944994+00:00,8c7e18eba1488dd5a7d4bdb00d4da0a75e895717,27579a5b-d52e-4b3a-b266-e21f946cedaf
144,7,3.5217905044555664,2026-08-19T05:53:09.944994+00:00,8c7e18eba1488dd5a7d4bdb00d4da0a75e895717,27579a5b-d52e-4b3a-b266-e21f946cedaf
144,8,3.677554130554199,2026-08-19T05:53:09.944994+00:00,8c7e18eba1488dd5a7d4bdb00d4da0a75e895717,27579a5b-d52e-4b3a-b266-e21f946cedaf
145,1,0.0,2026-08-19T05:53:09.944994+00:00,8c7e18eba1488dd5a7d4bdb00d4da0a75e895717,27579a5b-d52e-4b3a-b266-e21f946cedaf
145,2,0.0,2026-08-19T05:53:09.944994+00:00,8c7e18eba1488dd5a7d4bdb00d4da0a75e895717,27579a5b-d52e-4b3a-b266-e21f946cedaf
145,3,2.6872851848602295,2026-08-19T05:53:09.944994+00:00,8c7e18eba1488dd5a7d4bdb00d4da0a75e895717,27579a5b-d52e-4b3a-b266-e21f946cedaf
145,4,4.08601713180542,2026-08-19T05:53:09.944994+00:00,8c7e18eba1488dd5a7d4bdb00d4da0a75e895717,27579a5b-d52e-4b3a-b266-e21f946cedaf
145,5,3.175107479095459,2026-08-19T05:53:09.944994+00:00,8c7e18eba1488dd5a7d4bdb00d4da0a75e895717,27579a5b-d52e-4b3a-b266-e21f946cedaf
145,6,3.7220420837402344,2026-08-19T05:53:09.944994+00:00,8c7e18eba1488dd5a7d4bdb00d4da0a75e895717,27579a5b-d52e-4b3a-b266-e21f946cedaf
145,7,3.570622444152832,2026-08-19T05:53:09.944994+00:00,8c7e18eba1488dd5a7d4bdb00d4da0a75e895717,27579a5b-d52e-4b3a-b266-e21f946cedaf
145,8,3.687398910522461,2026-08-19T05:53:09.944994+00:00,8c7e18eba1488dd5a7d4bdb00d4da0a75e895717,27579a5b-d52e-4b3a-b266-e21f946cedaf
146,1,0.0,2026-08-19T05:53:09.944994+00:00,8c7e18eba1488dd5a7d4bdb00d4da0a75e895717,27579a5b-d52e-4b3a-b266-e21f946cedaf
146,2,0.0,2026-08-19T05:53:09.944994+00:00,8c7e18eba1488dd5a7d4bdb00d4da0a75e895717,27579a5b-d52e-4b3a-b266-e21f946cedaf
146,3,0.0,2026-08-19T05:53:09.944994+00:00,8c7e18eba1488dd5a7d4bdb00d4da0a75e895717,27579a5b-d52e-4b3a-b266-e21f946cedaf
146,4,0.0,2026-08-19T05:53:09.944994+00:00,8c7e18eba1488dd5a7d4bdb00d4da0a75e895717,27579a5b-d52e-4b3a-b266-e21f946cedaf
146,5,0.0,2026-08-19T05:53:09.944994+00:00,8c7e18eba1488dd5a7d4bdb00d4da0a75e895717,27579a5b-d52e-4b3a-b266-e21f946cedaf
146,6,0.0,2026-08-19T05:53:09.944994+00:00,8c7e18eba1488dd5a7d4bdb00d4da0a75e895717,27579a5b-d52e-4b3a-b266-e21f946cedaf
146,7,0.0,2026-08-19T05:53:09.944994+00:00,8c7e18eba1488dd5a7d4bdb00d4da0a75e895717,27579a5b-d52e-4b3a-b266-e21f946cedaf
146,8,0.0,2026-08-19T05:53:09.944994+00:00,8c7e18eba1488dd5a7d4bdb00d4da0a75e895717,27579a5b-d52e-4b3a-b266-e21f946cedaf
147,1,1.000826358795166,2026-08-19T05:53:09.944994+00:00,8c7e18eba1488dd5a7d4bdb00d4da0a75e895717,27579a5b-d52e-4b3a-b266-e21f946cedaf
147,2,1.0088893175125122,2026-08-19T05:53:09.944994+00:00,8c7e18eba1488dd5a7d4bdb00d4da0a75e895717,27579a5b-d52e-4b3a-b266-e21f946cedaf
147,3,0.9682872891426086,2026-08-19T05:53:09.944994+00:00,8c7e18eba1488dd5a7d4bdb00d4da0a75e895717,27579a5b-d52e-4b3a-b266-e21f946cedaf
147,4,1.0285042524337769,2026-08-19T05:53:09.944994+00:00,8c7e18eba1488dd5a7d4bdb00d4da0a75e895717,27579a5b-d52e-4b3a-b266-e21f946cedaf
147,5,0.9948681592941284,2026-08-19T05:53:09.944994+00:00,8c7e18eba1488dd5a7d4bdb00d4da0a75e895717,27579a5b-d52e-4b3a-b266-e21f946cedaf
147,6,1.0121498107910156,2026-08-19T05:53:09.944994+00:00,8c7e18eba1488dd5a7d4bdb00d4da0a75e895717,27579a5b-d52e-4b3a-b266-e21f946cedaf
147,7,1.0039198398590088,2026-08-19T05:53:09.944994+00:00,8c7e18eba1488dd5a7d4bdb00d4da0a75e895717,27579a5b-d52e-4b3a-b266-e21f946cedaf
147,8,1.0135540962219238,2026-08-19T05:53:09.944994+00:00,8c7e18eba1488dd5a7d4bdb00d4da0a75e895717,27579a5b-d52e-4b3a-b266-e21f946cedaf
148,1,3.17647385597229,2026-08-19T05:53:09.944994+00:00,8c7e18eba1488dd5a7d4bdb00d4da0a75e895717,27579a5b-d52e-4b3a-b266-e21f946cedaf
148,2,3.372267484664917,2026-08-19T05:53:09.944994+00:00,8c7e18eba1488dd5a7d4bdb00d4da0a75e895717,27579a5b-d52e-4b3a-b266-e21f946cedaf
148,3,2.439016342163086,2026-08-19T05:53:09.944994+00:00,8c7e18eba1488dd5a7d4bdb00d4da0a75e895717,27579a5b-d52e-4b3a-b266-e21f946cedaf
148,4,3.845952033996582,2026-08-19T05:53:09.944994+00:00,8c7e18eba1488dd5a7d4bdb00d4da0a75e895717,27579a5b-d52e-4b3a-b266-e21f946cedaf
148,5,2.9309425354003906,2026-08-19T05:53:09.944994+00:00,8c7e18eba1488dd5a7d4bdb00d4da0a75e895717,27579a5b-d52e-4b3a-b266-e21f946cedaf
148,6,3.4782936573028564,2026-08-19T05:53:09.944994+00:00,8c7e18eba1488dd5a7d4bdb00d4da0a75e895717,27579a5b-d52e-4b3a-b266-e21f946cedaf
148,7,3.32487154006958,2026-08-19T05:53:09.944994+00:00,8c7e18eba1488dd5a7d4bdb00d4da0a75e895717,27579a5b-d52e-4b3a-b266-e21f946cedaf
148,8,3.4447622299194336,2026-08-19T05:53:09.944994+00:00,8c7e18eba1488dd5a7d4bdb00d4da0a75e895717,27579a5b-d52e-4b3a-b266-e21f946cedaf
149,1,0.9968101978302002,2026-08-19T05:53:09.944994+00:00,8c7e18eba1488dd5a7d4bdb00d4da0a75e895717,27579a5b-d52e-4b3a-b266-e21f946cedaf
149,2,1.026559591293335,2026-08-19T05:53:09.944994+00:00,8c7e18eba1488dd5a7d4bdb00d4da0a75e895717,27579a5b-d52e-4b3a-b266-e21f946cedaf
149,3,0.8760536313056946,2026-08-19T05:53:09.944994+00:00,8c7e18eba1488dd5a7d4bdb00d4da0a75e895717,27579a5b-d52e-4b3a-b266-e21f946cedaf
149,4,1.0985664129257202,2026-08-19T05:53:09.944994+00:00,8c7e18eba1488dd5a7d4bdb00d4da0a75e895717,27579a5b-d52e-4b3a-b266-e21f946cedaf
149,5,0.9740892052650452,2026-08-19T05:53:09.944994+00:00,8c7e18eba1488dd5a7d4bdb00d4da0a75e895717,27579a5b-d52e-4b3a-b266-e21f946cedaf
149,6,1.0386933088302612,2026-08-19T05:53:09.944994+00:00,8c7e18eba1488dd5a7d4bdb00d4da0a75e895717,27579a5b-d52e-4b3a-b266-e21f946cedaf
149,7,1.008621335029602,2026-08-19T05:53:09.944994+00:00,8c7e18eba1488dd5a7d4bdb00d4da0a75e895717,27579a5b-d52e-4b3a-b266-e21f946cedaf
149,8,1.0435281991958618,2026-08-19T05:53:09.944994+00:00,8c7e18eba1488dd5a7d4bdb00d4da0a75e895717,27579a5b-d52e-4b3a-b266-e21f946cedaf
150,1,1.0004416704177856,2026-08-19T05:53:09.944994+00:00,8c7e18eba1488dd5a7d4bdb00d4da0a75e895717,27579a5b-d52e-4b3a-b266-e21f946cedaf
150,2,1.0015478134155273,2026-08-19T05:53:09.944994+00:00,8c7e18eba1488dd5a7d4bdb00d4da0a75e895717,27579a5b-d52e-4b3a-b266-e21f946cedaf
150,3,0.9960144758224487,2026-08-19T05:53:09.944994+00:00,8c7e18eba1488dd5a7d4bdb00d4da0a75e895717,27579a5b-d52e-4b3a-b266-e21f946cedaf
150,4,1.0042579174041748,2026-08-19T05:53:09.944994+00:00,8c7e18eba1488dd5a7d4bdb00d4da0a75e895717,27579a5b-d52e-4b3a-b266-e21f946cedaf
150,5,0.9996631145477295,2026-08-19T05:53:09.944994+00:00,8c7e18eba1488dd5a7d4bdb00d4da0a75e895717,27579a5b-d52e-4b3a-b266-e21f946cedaf
150,6,1.0019896030426025,2026-08-19T05:53:09.944994+00:00,8c7e18eba1488dd5a7d4bdb00d4da0a75e895717,27579a5b-d52e-4b3a-b266-e21f946cedaf
150,7,1.000845193862915,2026-08-19T05:53:09.944994+00:00,8c7e18eba1488dd5a7d4bdb00d4da0a75e895717,27579a5b-d52e-4b3a-b266-e21f946cedaf
150,8,1.0022004842758179,2026-08-19T05:53:09.944994+00:00,8c7e18eba1488dd5a7d4bdb00d4da0a75e895717,27579a5b-d52e-4b3a-b266-e21f946cedaf
151,1,1.0098838806152344,2026-08-19T05:53:09.944994+00:00,8c7e18eba1488dd5a7d4bdb00d4da0a75e895717,27579a5b-d52e-4b3a-b266-e21f946cedaf
151,2,1.0215868949890137,2026-08-19T05:53:09.944994+00:00,8c7e18eba1488dd5a7d4bdb00d4da0a75e895717,27579a5b-d52e-4b3a-b266-e21f946cedaf
151,3,0.9636294841766357,2026-08-19T05:53:09.944994+00:00,8c7e18eba1488dd5a7d4bdb00d4da0a75e895717,27579a5b-d52e-4b3a-b266-e21f946cedaf
151,4,1.0505653619766235,2026-08-19T05:53:09.944994+00:00,8c7e18eba1488dd5a7d4bdb00d4da0a75e895717,27579a5b-d52e-4b3a-b266-e21f946cedaf
151,5,1.002262830734253,2026-08-19T05:53:09.944994+00:00,8c7e18eba1488dd5a7d4bdb00d4da0a75e895717,27579a5b-d52e-4b3a-b266-e21f946cedaf
151,6,1.0261750221252441,2026-08-19T05:53:09.944994+00:00,8c7e18eba1488dd5a7d4bdb00d4da0a75e895717,27579a5b-d52e-4b3a-b266-e21f946cedaf
151,7,1.0138217210769653,2026-08-19T05:53:09.944994+00:00,8c7e18eba1488dd5a7d4bdb00d4da0a75e895717,27579a5b-d52e-4b3a-b266-e21f946cedaf
151,8,1.0286953449249268,2026-08-19T05:53:09.944994+00:00,8c7e18eba1488dd5a7d4bdb00d4da0a75e895717,27579a5b-d52e-4b3a-b266-e21f946cedaf
152,1,0.0,2026-08-19T05:53:09.944994+00:00,8c7e18eba1488dd5a7d4bdb00d4da0a75e895717,27579a5b-d52e-4b3a-b266-e21f946cedaf
152,2,0.0,2026-08-19T05:53:09.944994+00:00,8c7e18eba1488dd5a7d4bdb00d4da0a75e895717,27579a5b-d52e-4b3a-b266-e21f946cedaf
152,3,0.0,2026-08-19T05:53:09.944994+00:00,8c7e18eba1488dd5a7d4bdb00d4da0a75e895717,27579a5b-d52e-4b3a-b266-e21f946cedaf
152,4,0.0,2026-08-19T05:53:09.944994+00:00,8c7e18eba1488dd5a7d4bdb00d4da0a75e895717,27579a5b-d52e-4b3a-b266-e21f946cedaf
152,5,0.0,2026-08-19T05:53:09.944994+00:00,8c7e18eba1488dd5a7d4bdb00d4da0a75e895717,27579a5b-d52e-4b3a-b266-e21f946cedaf
152,6,0.0,2026-08-19T05:53:09.944994+00:00,8c7e18eba1488dd5a7d4bdb00d4da0a75e895717,27579a5b-d52e-4b3a-b266-e21f946cedaf
152,7,0.0,2026-08-19T05:53:09.944994+00:00,8c7e18eba1488dd5a7d4bdb00d4da0a75e895717,27579a5b-d52e-4b3a-b266-e21f946cedaf
152,8,0.0,2026-08-19T05:53:09.944994+00:00,8c7e18eba1488dd5a7d4bdb00d4da0a75e895717,27579a5b-d52e-4b3a-b266-e21f946cedaf
153,1,0.0,2026-08-19T05:53:09.944994+00:00,8c7e18eba1488dd5a7d4bdb00d4da0a75e895717,27579a5b-d52e-4b3a-b266-e21f946cedaf
153,2,0.0,2026-08-19T05:53:09.944994+00:00,8c7e18eba1488dd5a7d4bdb00d4da0a75e895717,27579a5b-d52e-4b3a-b266-e21f946cedaf
153,3,0.0,2026-08-19T05:53:09.944994+00:00,8c7e18eba1488dd5a7d4bdb00d4da0a75e895717,27579a5b-d52e-4b3a-b266-e21f946cedaf
153,4,0.0,2026-08-19T05:53:09.944994+00:00,8c7e18eba1488dd5a7d4bdb00d4da0a75e895717,27579a5b-d52e-4b3a-b266-e21f946cedaf
153,5,0.0,2026-08-19T05:53:09.944994+00:00,8c7e18eba1488dd5a7d4bdb00d4da0a75e895717,27579a5b-d52e-4b3a-b266-e21f946cedaf
153,6,0.0,2026-08-19T05:53:09.944994+00:00,8c7e18eba1488dd5a7d4bdb00d4da0a75e895717,27579a5b-d52e-4b3a-b266-e21f946cedaf
153,7,0.0,2026-08-19T05:53:09.944994+00:00,8c7e18eba1488dd5a7d4bdb00d4da0a75e895717,27579a5b-d52e-4b3a-b266-e21f946cedaf
153,8,0.0,2026-08-19T05:53:09.944994+00:00,8c7e18eba1488dd5a7d4bdb00d4da0a75e895717,27579a5b-d52e-4b3a-b266-e21f946cedaf
154,1,5.478847503662109,2026-08-19T05:53:09.944994+00:00,8c7e18eba1488dd5a7d4bdb00d4da0a75e895717,27579a5b-d52e-4b3a-b266-e21f946cedaf
154,2,5.783386707305908,2026-08-19T05:53:09.944994+00:00,8c7e18eba1488dd5a7d4bdb00d4da0a75e895717,27579a5b-d52e-4b3a-b266-e21f946cedaf
154,3,4.523792743682861,2026-08-19T05:53:09.944994+00:00,8c7e18eba1488dd5a7d4bdb00d4da0a75e895717,27579a5b-d52e-4b3a-b266-e21f946cedaf
154,4,6.659533500671387,2026-08-19T05:53:09.944994+00:00,8c7e18eba1488dd5a7d4bdb00d4da0a75e895717,27579a5b-d52e-4b3a-b266-e21f946cedaf
154,5,5.503417491912842,2026-08-19T05:53:09.944994+00:00,8c7e18eba1488dd5a7d4bdb00d4da0a75e895717,27579a5b-d52e-4b3a-b266-e21f946cedaf
154,6,5.874598503112793,2026-08-19T05:53:09.944994+00:00,8c7e18eba1488dd5a7d4bdb00d4da0a75e895717,27579a5b-d52e-4b3a-b266-e21f946cedaf
154,7,5.4661784172058105,2026-08-19T05:53:09.944994+00:00,8c7e18eba1488dd5a7d4bdb00d4da0a75e895717,27579a5b-d52e-4b3a-b266-e21f946cedaf
154,8,6.039740085601807,2026-08-19T05:53:09.944994+00:00,8c7e18eba1488dd5a7d4bdb00d4da0a75e895717,27579a5b-d52e-4b3a-b266-e21f946cedaf
155,1,3.823155164718628,2026-08-19T05:53:09.944994+00:00,8c7e18eba1488dd5a7d4bdb00d4da0a75e895717,27579a5b-d52e-4b3a-b266-e21f946cedaf
155,2,4.00335693359375,2026-08-19T05:53:09.944994+00:00,8c7e18eba1488dd5a7d4bdb00d4da0a75e895717,27579a5b-d52e-4b3a-b266-e21f946cedaf
155,3,3.252403974533081,2026-08-19T05:53:09.944994+00:00,8c7e18eba1488dd5a7d4bdb00d4da0a75e895717,27579a5b-d52e-4b3a-b266-e21f946cedaf
155,4,4.5157880783081055,2026-08-19T05:53:09.944994+00:00,8c7e18eba1488dd5a7d4bdb00d4da0a75e895717,27579a5b-d52e-4b3a-b266-e21f946cedaf
155,5,3.8158047199249268,2026-08-19T05:53:09.944994+00:00,8c7e18eba1488dd5a7d4bdb00d4da0a75e895717,27579a5b-d52e-4b3a-b266-e21f946cedaf
155,6,4.061700820922852,2026-08-19T05:53:09.944994+00:00,8c7e18eba1488dd5a7d4bdb00d4da0a75e895717,27579a5b-d52e-4b3a-b266-e21f946cedaf
155,7,3.8293750286102295,2026-08-19T05:53:09.944994+00:00,8c7e18eba1488dd5a7d4bdb00d4da0a75e895717,27579a5b-d52e-4b3a-b266-e21f946cedaf
155,8,4.147071838378906,2026-08-19T05:53:09.944994+00:00,8c7e18eba1488dd5a7d4bdb00d4da0a75e895717,27579a5b-d52e-4b3a-b266-e21f946cedaf
156,1,3.7126119136810303,2026-08-19T05:53:09.944994+00:00,8c7e18eba1488dd5a7d4bdb00d4da0a75e895717,27579a5b-d52e-4b3a-b266-e21f946cedaf
156,2,3.8831679821014404,2026-08-19T05:53:09.944994+00:00,8c7e18eba1488dd5a7d4bdb00d4da0a75e895717,27579a5b-d52e-4b3a-b266-e21f946cedaf
156,3,3.171675443649292,2026-08-19T05:53:09.944994+00:00,8c7e18eba1488dd5a7d4bdb00d4da0a75e895717,27579a5b-d52e-4b3a-b266-e21f946cedaf
156,4,4.3673810958862305,2026-08-19T05:53:09.944994+00:00,8c7e18eba1488dd5a7d4bdb00d4da0a75e895717,27579a5b-d52e-4b3a-b266-e21f946cedaf
156,5,3.7027852535247803,2026-08-19T05:53:09.944994+00:00,8c7e18eba1488dd5a7d4bdb00d4da0a75e895717,27579a5b-d52e-4b3a-b266-e21f946cedaf
156,6,3.9389612674713135,2026-08-19T05:53:09.944994+00:00,8c7e18eba1488dd5a7d4bdb00d4da0a75e895717,27579a5b-d52e-4b3a-b266-e21f946cedaf
156,7,3.72029709815979,2026-08-19T05:53:09.944994+00:00,8c7e18eba1488dd5a7d4bdb00d4da0a75e895717,27579a5b-d52e-4b3a-b266-e21f946cedaf
156,8,4.018144607543945,2026-08-19T05:53:09.944994+00:00,8c7e18eba1488dd5a7d4bdb00d4da0a75e895717,27579a5b-d52e-4b3a-b266-e21f946cedaf
157,1,1.4459267854690552,2026-08-19T05:53:09.944994+00:00,8c7e18eba1488dd5a7d4bdb00d4da0a75e895717,27579a5b-d52e-4b3a-b266-e21f946cedaf
157,2,1.4982528686523438,2026-08-19T05:53:09.944994+00:00,8c7e18eba1488dd5a7d4bdb00d4da0a75e895717,27579a5b-d52e-4b3a-b266-e21f946cedaf
157,3,1.2841960191726685,2026-08-19T05:53:09.944994+00:00,8c7e18eba1488dd5a7d4bdb00d4da0a75e895717,27579a5b-d52e-4b3a-b266-e21f946cedaf
157,4,1.6513195037841797,2026-08-19T05:53:09.944994+00:00,8c7e18eba1488dd5a7d4bdb00d4da0a75e895717,27579a5b-d52e-4b3a-b266-e21f946cedaf
157,5,1.4593603610992432,2026-08-19T05:53:09.944994+00:00,8c7e18eba1488dd5a7d4bdb00d4da0a75e895717,27579a5b-d52e-4b3a-b266-e21f946cedaf
157,6,1.512085199356079,2026-08-19T05:53:09.944994+00:00,8c7e18eba1488dd5a7d4bdb00d4da0a75e895717,27579a5b-d52e-4b3a-b266-e21f946cedaf
157,7,1.4379773139953613,2026-08-19T05:53:09.944994+00:00,8c7e18eba1488dd5a7d4bdb00d4da0a75e895717,27579a5b-d52e-4b3a-b266-e21f946cedaf
157,8,1.5456557273864746,2026-08-19T05:53:09.944994+00:00,8c7e18eba1488dd5a7d4bdb00d4da0a75e895717,27579a5b-d52e-4b3a-b266-e21f946cedaf
158,1,1.1191939115524292,2026-08-19T05:53:09.944994+00:00,8c7e18eba1488dd5a7d4bdb00d4da0a75e895717,27579a5b-d52e-4b3a-b266-e21f946cedaf
158,2,1.1331803798675537,2026-08-19T05:53:09.944994+00:00,8c7e18eba1488dd5a7d4bdb00d4da0a75e895717,27579a5b-d52e-4b3a-b266-e21f946cedaf
158,3,1.075964093208313,2026-08-19T05:53:09.944994+00:00,8c7e18eba1488dd5a7d4bdb00d4da0a75e895717,27579a5b-d52e-4b3a-b266-e21f946cedaf
158,4,1.174094319343567,2026-08-19T05:53:09.944994+00:00,8c7e18eba1488dd5a7d4bdb00d4da0a75e895717,27579a5b-d52e-4b3a-b266-e21f946cedaf
158,5,1.1227846145629883,2026-08-19T05:53:09.944994+00:00,8c7e18eba1488dd5a7d4bdb00d4da0a75e895717,27579a5b-d52e-4b3a-b266-e21f946cedaf
158,6,1.1368777751922607,2026-08-19T05:53:09.944994+00:00,8c7e18eba1488dd5a7d4bdb00d4da0a75e895717,27579a5b-d52e-4b3a-b266-e21f946cedaf
158,7,1.117069125175476,2026-08-19T05:53:09.944994+00:00,8c7e18eba1488dd5a7d4bdb00d4da0a75e895717,27579a5b-d52e-4b3a-b266-e21f946cedaf
158,8,1.1458508968353271,2026-08-19T05:53:09.944994+00:00,8c7e18eba1488dd5a7d4bdb00d4da0a75e895717,27579a5b-d52e-4b3a-b266-e21f946cedaf
159,1,3.389600992202759,2026-08-19T05:53:09.944994+00:00,8c7e18eba1488dd5a7d4bdb00d4da0a75e895717,27579a5b-d52e-4b3a-b266-e21f946cedaf
159,2,3.4821808338165283,2026-08-19T05:53:09.944994+00:00,8c7e18eba1488dd5a7d4bdb00d4da0a75e895717,27579a5b-d52e-4b3a-b266-e21f946cedaf
159,3,3.089674711227417,2026-08-19T05:53:09.944994+00:00,8c7e18eba1488dd5a7d4bdb00d4da0a75e895717,27579a5b-d52e-4b3a-b266-e21f946cedaf
159,4,3.738295078277588,2026-08-19T05:53:09.944994+00:00,8c7e18eba1488dd5a7d4bdb00d4da0a75e895717,27579a5b-d52e-4b3a-b266-e21f946cedaf
159,5,3.359755277633667,2026-08-19T05:53:09.944994+00:00,8c7e18eba1488dd5a7d4bdb00d4da0a75e895717,27579a5b-d52e-4b3a-b266-e21f946cedaf
159,6,3.5173614025115967,2026-08-19T05:53:09.944994+00:00,8c7e18eba1488dd5a7d4bdb00d4da0a75e895717,27579a5b-d52e-4b3a-b266-e21f946cedaf
159,7,3.409132480621338,2026-08-19T05:53:09.944994+00:00,8c7e18eba1488dd5a7d4bdb00d4da0a75e895717,27579a5b-d52e-4b3a-b266-e21f946cedaf
159,8,3.5465173721313477,2026-08-19T05:53:09.944994+00:00,8c7e18eba1488dd5a7d4bdb00d4da0a75e895717,27579a5b-d52e-4b3a-b266-e21f946cedaf
160,1,0.0,2026-08-19T05:53:09.944994+00:00,8c7e18eba1488dd5a7d4bdb00d4da0a75e895717,27579a5b-d52e-4b3a-b266-e21f946cedaf
160,2,0.0,2026-08-19T05:53:09.944994+00:00,8c7e18eba1488dd5a7d4bdb00d4da0a75e895717,27579a5b-d52e-4b3a-b266-e21f946cedaf
160,3,0.0,2026-08-19T05:53:09.944994+00:00,8c7e18eba1488dd5a7d4bdb00d4da0a75e895717,27579a5b-d52e-4b3a-b266-e21f946cedaf
160,4,0.0,2026-08-19T05:53:09.944994+00:00,8c7e18eba1488dd5a7d4bdb00d4da0a75e895717,27579a5b-d52e-4b3a-b266-e21f946cedaf
160,5,0.0,2026-08-19T05:53:09.944994+00:00,8c7e18eba1488dd5a7d4bdb00d4da0a75e895717,27579a5b-d52e-4b3a-b266-e21f946cedaf
160,6,0.0,2026-08-19T05:53:09.944994+00:00,8c7e18eba1488dd5a7d4bdb00d4da0a75e895717,27579a5b-d52e-4b3a-b266-e21f946cedaf
160,7,0.0,2026-08-19T05:53:09.944994+00:00,8c7e18eba1488dd5a7d4bdb00d4da0a75e895717,27579a5b-d52e-4b3a-b266-e21f946cedaf
160,8,0.0,2026-08-19T05:53:09.944994+00:00,8c7e18eba1488dd5a7d4bdb00d4da0a75e895717,27579a5b-d52e-4b3a-b266-e21f946cedaf
161,1,1.2835407257080078,2026-08-19T05:53:09.944994+00:00,8c7e18eba1488dd5a7d4bdb00d4da0a75e895717,27579a5b-d52e-4b3a-b266-e21f946cedaf
161,2,1.3168120384216309,2026-08-19T05:53:09.944994+00:00,8c7e18eba1488dd5a7d4bdb00d4da0a75e895717,27579a5b-d52e-4b3a-b266-e21f946cedaf
161,3,1.1807048320770264,2026-08-19T05:53:09.944994+00:00,8c7e18eba1488dd5a7d4bdb00d4da0a75e895717,27579a5b-d52e-4b3a-b266-e21f946cedaf
161,4,1.4141387939453125,2026-08-19T05:53:09.944994+00:00,8c7e18eba1488dd5a7d4bdb00d4da0a75e895717,27579a5b-d52e-4b3a-b266-e21f946cedaf
161,5,1.2920823097229004,2026-08-19T05:53:09.944994+00:00,8c7e18eba1488dd5a7d4bdb00d4da0a75e895717,27579a5b-d52e-4b3a-b266-e21f946cedaf
161,6,1.3256072998046875,2026-08-19T05:53:09.944994+00:00,8c7e18eba1488dd5a7d4bdb00d4da0a75e895717,27579a5b-d52e-4b3a-b266-e21f946cedaf
161,7,1.2784860134124756,2026-08-19T05:53:09.944994+00:00,8c7e18eba1488dd5a7d4bdb00d4da0a75e895717,27579a5b-d52e-4b3a-b266-e21f946cedaf
161,8,1.3469529151916504,2026-08-19T05:53:09.944994+00:00,8c7e18eba1488dd5a7d4bdb00d4da0a75e895717,27579a5b-d52e-4b3a-b266-e21f946cedaf
162,1,0.0,2026-08-19T05:53:09.944994+00:00,8c7e18eba1488dd5a7d4bdb00d4da0a75e895717,27579a5b-d52e-4b3a-b266-e21f946cedaf
162,2,0.0,2026-08-19T05:53:09.944994+00:00,8c7e18eba1488dd5a7d4bdb00d4da0a75e895717,27579a5b-d52e-4b3a-b266-e21f946cedaf
162,3,0.0,2026-08-19T05:53:09.944994+00:00,8c7e18eba1488dd5a7d4bdb00d4da0a75e895717,27579a5b-d52e-4b3a-b266-e21f946cedaf
162,4,0.0,2026-08-19T05:53:09.944994+00:00,8c7e18eba1488dd5a7d4bdb00d4da0a75e895717,27579a5b-d52e-4b3a-b266-e21f946cedaf
162,5,0.0,2026-08-19T05:53:09.944994+00:00,8c7e18eba1488dd5a7d4bdb00d4da0a75e895717,27579a5b-d52e-4b3a-b266-e21f946cedaf
162,6,0.0,2026-08-19T05:53:09.944994+00:00,8c7e18eba1488dd5a7d4bdb00d4da0a75e895717,27579a5b-d52e-4b3a-b266-e21f946cedaf
162,7,0.0,2026-08-19T05:53:09.944994+00:00,8c7e18eba1488dd5a7d4bdb00d4da0a75e895717,27579a5b-d52e-4b3a-b266-e21f946cedaf
162,8,0.0,2026-08-19T05:53:09.944994+00:00,8c7e18eba1488dd5a7d4bdb00d4da0a75e895717,27579a5b-d52e-4b3a-b266-e21f946cedaf
163,1,1.0384219884872437,2026-08-19T05:53:09.944994+00:00,8c7e18eba1488dd5a7d4bdb00d4da0a75e895717,27579a5b-d52e-4b3a-b266-e21f946cedaf
163,2,1.0429306030273438,2026-08-19T05:53:09.944994+00:00,8c7e18eba1488dd5a7d4bdb00d4da0a75e895717,27579a5b-d52e-4b3a-b266-e21f946cedaf
163,3,1.0244868993759155,2026-08-19T05:53:09.944994+00:00,8c7e18eba1488dd5a7d4bdb00d4da0a75e895717,27579a5b-d52e-4b3a-b266-e21f946cedaf
163,4,1.0561190843582153,2026-08-19T05:53:09.944994+00:00,8c7e18eba1488dd5a7d4bdb00d4da0a75e895717,27579a5b-d52e-4b3a-b266-e21f946cedaf
163,5,1.0395795106887817,2026-08-19T05:53:09.944994+00:00,8c7e18eba1488dd5a7d4bdb00d4da0a75e895717,27579a5b-d52e-4b3a-b266-e21f946cedaf
163,6,1.044122338294983,2026-08-19T05:53:09.944994+00:00,8c7e18eba1488dd5a7d4bdb00d4da0a75e895717,27579a5b-d52e-4b3a-b266-e21f946cedaf
163,7,1.0377371311187744,2026-08-19T05:53:09.944994+00:00,8c7e18eba1488dd5a7d4bdb00d4da0a75e895717,27579a5b-d52e-4b3a-b266-e21f946cedaf
163,8,1.047014832496643,2026-08-19T05:53:09.944994+00:00,8c7e18eba1488dd5a7d4bdb00d4da0a75e895717,27579a5b-d52e-4b3a-b266-e21f946cedaf
164,1,0.0,2026-08-19T05:53:09.944994+00:00,8c7e18eba1488dd5a7d4bdb00d4da0a75e895717,27579a5b-d52e-4b3a-b266-e21f946cedaf
164,2,0.0,2026-08-19T05:53:09.944994+00:00,8c7e18eba1488dd5a7d4bdb00d4da0a75e895717,27579a5b-d52e-4b3a-b266-e21f946cedaf
164,3,0.0,2026-08-19T05:53:09.944994+00:00,8c7e18eba1488dd5a7d4bdb00d4da0a75e895717,27579a5b-d52e-4b3a-b266-e21f946cedaf
164,4,0.0,2026-08-19T05:53:09.944994+00:00,8c7e18eba1488dd5a7d4bdb00d4da0a75e895717,27579a5b-d52e-4b3a-b266-e21f946cedaf
164,5,0.0,2026-08-19T05:53:09.944994+00:00,8c7e18eba1488dd5a7d4bdb00d4da0a75e895717,27579a5b-d52e-4b3a-b266-e21f946cedaf
164,6,0.0,2026-08-19T05:53:09.944994+00:00,8c7e18eba1488dd5a7d4bdb00d4da0a75e895717,27579a5b-d52e-4b3a-b266-e21f946cedaf
164,7,0.0,2026-08-19T05:53:09.944994+00:00,8c7e18eba1488dd5a7d4bdb00d4da0a75e895717,27579a5b-d52e-4b3a-b266-e21f946cedaf
164,8,0.0,2026-08-19T05:53:09.944994+00:00,8c7e18eba1488dd5a7d4bdb00d4da0a75e895717,27579a5b-d52e-4b3a-b266-e21f946cedaf
165,1,4.298340797424316,2026-08-19T05:53:09.944994+00:00,8c7e18eba1488dd5a7d4bdb00d4da0a75e895717,27579a5b-d52e-4b3a-b266-e21f946cedaf
165,2,4.490825176239014,2026-08-19T05:53:09.944994+00:00,8c7e18eba1488dd5a7d4bdb00d4da0a75e895717,27579a5b-d52e-4b3a-b266-e21f946cedaf
165,3,3.703403949737549,2026-08-19T05:53:09.944994+00:00,8c7e18eba1488dd5a7d4bdb00d4da0a75e895717,27579a5b-d52e-4b3a-b266-e21f946cedaf
165,4,5.053891181945801,2026-08-19T05:53:09.944994+00:00,8c7e18eba1488dd5a7d4bdb00d4da0a75e895717,27579a5b-d52e-4b3a-b266-e21f946cedaf
165,5,4.347756862640381,2026-08-19T05:53:09.944994+00:00,8c7e18eba1488dd5a7d4bdb00d4da0a75e895717,27579a5b-d52e-4b3a-b266-e21f946cedaf
165,6,4.541708469390869,2026-08-19T05:53:09.944994+00:00,8c7e18eba1488dd5a7d4bdb00d4da0a75e895717,27579a5b-d52e-4b3a-b266-e21f946cedaf
165,7,4.269098281860352,2026-08-19T05:53:09.944994+00:00,8c7e18eba1488dd5a7d4bdb00d4da0a75e895717,27579a5b-d52e-4b3a-b266-e21f946cedaf
165,8,4.665200233459473,2026-08-19T05:53:09.944994+00:00,8c7e18eba1488dd5a7d4bdb00d4da0a75e895717,27579a5b-d52e-4b3a-b266-e21f946cedaf
166,1,0.0,2026-08-19T05:53:09.944994+00:00,8c7e18eba1488dd5a7d4bdb00d4da0a75e895717,27579a5b-d52e-4b3a-b266-e21f946cedaf
166,2,0.0,2026-08-19T05:53:09.944994+00:00,8c7e18eba1488dd5a7d4bdb00d4da0a75e895717,27579a5b-d52e-4b3a-b266-e21f946cedaf
166,3,0.0,2026-08-19T05:53:09.944994+00:00,8c7e18eba1488dd5a7d4bdb00d4da0a75e895717,27579a5b-d52e-4b3a-b266-e21f946cedaf
166,4,0.0,2026-08-19T05:53:09.944994+00:00,8c7e18eba1488dd5a7d4bdb00d4da0a75e895717,27579a5b-d52e-4b3a-b266-e21f946cedaf
166,5,0.0,2026-08-19T05:53:09.944994+00:00,8c7e18eba1488dd5a7d4bdb00d4da0a75e895717,27579a5b-d52e-4b3a-b266-e21f946cedaf
166,6,0.0,2026-08-19T05:53:09.944994+00:00,8c7e18eba1488dd5a7d4bdb00d4da0a75e895717,27579a5b-d52e-4b3a-b266-e21f946cedaf
166,7,0.0,2026-08-19T05:53:09.944994+00:00,8c7e18eba1488dd5a7d4bdb00d4da0a75e895717,27579a5b-d52e-4b3a-b266-e21f946cedaf
166,8,0.0,2026-08-19T05:53:09.944994+00:00,8c7e18eba1488dd5a7d4bdb00d4da0a75e895717,27579a5b-d52e-4b3a-b266-e21f946cedaf
167,1,1.7014410495758057,2026-08-19T05:53:09.944994+00:00,8c7e18eba1488dd5a7d4bdb00d4da0a75e895717,27579a5b-d52e-4b3a-b266-e21f946cedaf
167,2,1.7983818054199219,2026-08-19T05:53:09.944994+00:00,8c7e18eba1488dd5a7d4bdb00d4da0a75e895717,27579a5b-d52e-4b3a-b266-e21f946cedaf
167,3,1.4018136262893677,2026-08-19T05:53:09.944994+00:00,8c7e18eba1488dd5a7d4bdb00d4da0a75e895717,27579a5b-d52e-4b3a-b266-e21f946cedaf
167,4,2.0819575786590576,2026-08-19T05:53:09.944994+00:00,8c7e18eba1488dd5a7d4bdb00d4da0a75e895717,27579a5b-d52e-4b3a-b266-e21f946cedaf
167,5,1.7263283729553223,2026-08-19T05:53:09.944994+00:00,8c7e18eba1488dd5a7d4bdb00d4da0a75e895717,27579a5b-d52e-4b3a-b266-e21f946cedaf
167,6,1.8240079879760742,2026-08-19T05:53:09.944994+00:00,8c7e18eba1488dd5a7d4bdb00d4da0a75e895717,27579a5b-d52e-4b3a-b266-e21f946cedaf
167,7,1.686713457107544,2026-08-19T05:53:09.944994+00:00,8c7e18eba1488dd5a7d4bdb00d4da0a75e895717,27579a5b-d52e-4b3a-b266-e21f946cedaf
167,8,1.8862018585205078,2026-08-19T05:53:09.944994+00:00,8c7e18eba1488dd5a7d4bdb00d4da0a75e895717,27579a5b-d52e-4b3a-b266-e21f946cedaf
168,1,1.0421957969665527,2026-08-19T05:53:09.944994+00:00,8c7e18eba1488dd5a7d4bdb00d4da0a75e895717,27579a5b-d52e-4b3a-b266-e21f946cedaf
168,2,1.0471471548080444,2026-08-19T05:53:09.944994+00:00,8c7e18eba1488dd5a7d4bdb00d4da0a75e895717,27579a5b-d52e-4b3a-b266-e21f946cedaf
168,3,1.026892066001892,2026-08-19T05:53:09.944994+00:00,8c7e18eba1488dd5a7d4bdb00d4da0a75e895717,27579a5b-d52e-4b3a-b266-e21f946cedaf
168,4,1.0616309642791748,2026-08-19T05:53:09.944994+00:00,8c7e18eba1488dd5a7d4bdb00d4da0a75e895717,27579a5b-d52e-4b3a-b266-e21f946cedaf
168,5,1.0434669256210327,2026-08-19T05:53:09.944994+00:00,8c7e18eba1488dd5a7d4bdb00d4da0a75e895717,27579a5b-d52e-4b3a-b266-e21f946cedaf
168,6,1.0484559535980225,2026-08-19T05:53:09.944994+00:00,8c7e18eba1488dd5a7d4bdb00d4da0a75e895717,27579a5b-d52e-4b3a-b266-e21f946cedaf
168,7,1.0414435863494873,2026-08-19T05:53:09.944994+00:00,8c7e18eba1488dd5a7d4bdb00d4da0a75e895717,27579a5b-d52e-4b3a-b266-e21f946cedaf
168,8,1.0516326427459717,2026-08-19T05:53:09.944994+00:00,8c7e18eba1488dd5a7d4bdb00d4da0a75e895717,27579a5b-d52e-4b3a-b266-e21f946cedaf
169,1,1.0125644207000732,2026-08-19T05:53:09.944994+00:00,8c7e18eba1488dd5a7d4bdb00d4da0a75e895717,27579a5b-d52e-4b3a-b266-e21f946cedaf
169,2,1.0140386819839478,2026-08-19T05:53:09.944994+00:00,8c7e18eba1488dd5a7d4bdb00d4da0a75e895717,27579a5b-d52e-4b3a-b266-e21f946cedaf
169,3,1.008007526397705,2026-08-19T05:53:09.944994+00:00,8c7e18eba1488dd5a7d4bdb00d4da0a75e895717,27579a5b-d52e-4b3a-b266-e21f946cedaf
169,4,1.0183515548706055,2026-08-19T05:53:09.944994+00:00,8c7e18eba1488dd5a7d4bdb00d4da0a75e895717,27579a5b-d52e-4b3a-b266-e21f946cedaf
169,5,1.012942910194397,2026-08-19T05:53:09.944994+00:00,8c7e18eba1488dd5a7d4bdb00d4da0a75e895717,27579a5b-d52e-4b3a-b266-e21f946cedaf
169,6,1.0144284963607788,2026-08-19T05:53:09.944994+00:00,8c7e18eba1488dd5a7d4bdb00d4da0a75e895717,27579a5b-d52e-4b3a-b266-e21f946cedaf
169,7,1.0123404264450073,2026-08-19T05:53:09.944994+00:00,8c7e18eba1488dd5a7d4bdb00d4da0a75e895717,27579a5b-d52e-4b3a-b266-e21f946cedaf
169,8,1.0153743028640747,2026-08-19T05:53:09.944994+00:00,8c7e18eba1488dd5a7d4bdb00d4da0a75e895717,27579a5b-d52e-4b3a-b266-e21f946cedaf
170,1,0.0,2026-08-19T05:53:09.944994+00:00,8c7e18eba1488dd5a7d4bdb00d4da0a75e895717,27579a5b-d52e-4b3a-b266-e21f946cedaf
170,2,0.0,2026-08-19T05:53:09.944994+00:00,8c7e18eba1488dd5a7d4bdb00d4da0a75e895717,27579a5b-d52e-4b3a-b266-e21f946cedaf
170,3,0.0,2026-08-19T05:53:09.944994+00:00,8c7e18eba1488dd5a7d4bdb00d4da0a75e895717,27579a5b-d52e-4b3a-b266-e21f946cedaf
170,4,0.0,2026-08-19T05:53:09.944994+00:00,8c7e18eba1488dd5a7d4bdb00d4da0a75e895717,27579a5b-d52e-4b3a-b266-e21f946cedaf
170,5,0.0,2026-08-19T05:53:09.944994+00:00,8c7e18eba1488dd5a7d4bdb00d4da0a75e895717,27579a5b-d52e-4b3a-b266-e21f946cedaf
170,6,0.0,2026-08-19T05:53:09.944994+00:00,8c7e18eba1488dd5a7d4bdb00d4da0a75e895717,27579a5b-d52e-4b3a-b266-e21f946cedaf
170,7,0.0,2026-08-19T05:53:09.944994+00:00,8c7e18eba1488dd5a7d4bdb00d4da0a75e895717,27579a5b-d52e-4b3a-b266-e21f946cedaf
170,8,0.0,2026-08-19T05:53:09.944994+00:00,8c7e18eba1488dd5a7d4bdb00d4da0a75e895717,27579a5b-d52e-4b3a-b266-e21f946cedaf
171,1,0.0,2026-08-19T05:53:09.944994+00:00,8c7e18eba1488dd5a7d4bdb00d4da0a75e895717,27579a5b-d52e-4b3a-b266-e21f946cedaf
171,2,0.0,2026-08-19T05:53:09.944994+00:00,8c7e18eba1488dd5a7d4bdb00d4da0a75e895717,27579a5b-d52e-4b3a-b266-e21f946cedaf
171,3,0.0,2026-08-19T05:53:09.944994+00:00,8c7e18eba1488dd5a7d4bdb00d4da0a75e895717,27579a5b-d52e-4b3a-b266-e21f946cedaf
171,4,0.0,2026-08-19T05:53:09.944994+00:00,8c7e18eba1488dd5a7d4bdb00d4da0a75e895717,27579a5b-d52e-4b3a-b266-e21f946cedaf
171,5,0.0,2026-08-19T05:53:09.944994+00:00,8c7e18eba1488dd5a7d4bdb00d4da0a75e895717,27579a5b-d52e-4b3a-b266-e21f946cedaf
171,6,0.0,2026-08-19T05:53:09.944994+00:00,8c7e18eba1488dd5a7d4bdb00d4da0a75e895717,27579a5b-d52e-4b3a-b266-e21f946cedaf
171,7,0.0,2026-08-19T05:53:09.944994+00:00,8c7e18eba1488dd5a7d4bdb00d4da0a75e895717,27579a5b-d52e-4b3a-b266-e21f946cedaf
171,8,0.0,2026-08-19T05:53:09.944994+00:00,8c7e18eba1488dd5a7d4bdb00d4da0a75e895717,27579a5b-d52e-4b3a-b266-e21f946cedaf
172,1,0.0,2026-08-19T05:53:09.944994+00:00,8c7e18eba1488dd5a7d4bdb00d4da0a75e895717,27579a5b-d52e-4b3a-b266-e21f946cedaf
172,2,0.0,2026-08-19T05:53:09.944994+00:00,8c7e18eba1488dd5a7d4bdb00d4da0a75e895717,27579a5b-d52e-4b3a-b266-e21f946cedaf
172,3,0.0,2026-08-19T05:53:09.944994+00:00,8c7e18eba1488dd5a7d4bdb00d4da0a75e895717,27579a5b-d52e-4b3a-b266-e21f946cedaf
172,4,0.0,2026-08-19T05:53:09.944994+00:00,8c7e18eba1488dd5a7d4bdb00d4da0a75e895717,27579a5b-d52e-4b3a-b266-e21f946cedaf
172,5,0.0,2026-08-19T05:53:09.944994+00:00,8c7e18eba1488dd5a7d4bdb00d4da0a75e895717,27579a5b-d52e-4b3a-b266-e21f946cedaf
172,6,0.0,2026-08-19T05:53:09.944994+00:00,8c7e18eba1488dd5a7d4bdb00d4da0a75e895717,27579a5b-d52e-4b3a-b266-e21f946cedaf
172,7,0.0,2026-08-19T05:53:09.944994+00:00,8c7e18eba1488dd5a7d4bdb00d4da0a75e895717,27579a5b-d52e-4b3a-b266-e21f946cedaf
172,8,0.0,2026-08-19T05:53:09.944994+00:00,8c7e18eba1488dd5a7d4bdb00d4da0a75e895717,27579a5b-d52e-4b3a-b266-e21f946cedaf
173,1,0.0,2026-08-19T05:53:09.944994+00:00,8c7e18eba1488dd5a7d4bdb00d4da0a75e895717,27579a5b-d52e-4b3a-b266-e21f946cedaf
173,2,0.0,2026-08-19T05:53:09.944994+00:00,8c7e18eba1488dd5a7d4bdb00d4da0a75e895717,27579a5b-d52e-4b3a-b266-e21f946cedaf
173,3,0.0,2026-08-19T05:53:09.944994+00:00,8c7e18eba1488dd5a7d4bdb00d4da0a75e895717,27579a5b-d52e-4b3a-b266-e21f946cedaf
173,4,0.0,2026-08-19T05:53:09.944994+00:00,8c7e18eba1488dd5a7d4bdb00d4da0a75e895717,27579a5b-d52e-4b3a-b266-e21f946cedaf
173,5,0.0,2026-08-19T05:53:09.944994+00:00,8c7e18eba1488dd5a7d4bdb00d4da0a75e895717,27579a5b-d52e-4b3a-b266-e21f946cedaf
173,6,0.0,2026-08-19T05:53:09.944994+00:00,8c7e18eba1488dd5a7d4bdb00d4da0a75e895717,27579a5b-d52e-4b3a-b266-e21f946cedaf
173,7,0.0,2026-08-19T05:53:09.944994+00:00,8c7e18eba1488dd5a7d4bdb00d4da0a75e895717,27579a5b-d52e-4b3a-b266-e21f946cedaf
173,8,0.0,2026-08-19T05:53:09.944994+00:00,8c7e18eba1488dd5a7d4bdb00d4da0a75e895717,27579a5b-d52e-4b3a-b266-e21f946cedaf
174,1,0.0,2026-08-19T05:53:09.944994+00:00,8c7e18eba1488dd5a7d4bdb00d4da0a75e895717,27579a5b-d52e-4b3a-b266-e21f946cedaf
174,2,0.0,2026-08-19T05:53:09.944994+00:00,8c7e18eba1488dd5a7d4bdb00d4da0a75e895717,27579a5b-d52e-4b3a-b266-e21f946cedaf
174,3,0.0,2026-08-19T05:53:09.944994+00:00,8c7e18eba1488dd5a7d4bdb00d4da0a75e895717,27579a5b-d52e-4b3a-b266-e21f946cedaf
174,4,0.0,2026-08-19T05:53:09.944994+00:00,8c7e18eba1488dd5a7d4bdb00d4da0a75e895717,27579a5b-d52e-4b3a-b266-e21f946cedaf
174,5,0.0,2026-08-19T05:53:09.944994+00:00,8c7e18eba1488dd5a7d4bdb00d4da0a75e895717,27579a5b-d52e-4b3a-b266-e21f946cedaf
174,6,0.0,2026-08-19T05:53:09.944994+00:00,8c7e18eba1488dd5a7d4bdb00d4da0a75e895717,27579a5b-d52e-4b3a-b266-e21f946cedaf
174,7,0.0,2026-08-19T05:53:09.944994+00:00,8c7e18eba1488dd5a7d4bdb00d4da0a75e895717,27579a5b-d52e-4b3a-b266-e21f946cedaf
174,8,0.0,2026-08-19T05:53:09.944994+00:00,8c7e18eba1488dd5a7d4bdb00d4da0a75e895717,27579a5b-d52e-4b3a-b266-e21f946cedaf
175,1,0.0,2026-08-19T05:53:09.944994+00:00,8c7e18eba1488dd5a7d4bdb00d4da0a75e895717,27579a5b-d52e-4b3a-b266-e21f946cedaf
175,2,0.0,2026-08-19T05:53:09.944994+00:00,8c7e18eba1488dd5a7d4bdb00d4da0a75e895717,27579a5b-d52e-4b3a-b266-e21f946cedaf
175,3,0.0,2026-08-19T05:53:09.944994+00:00,8c7e18eba1488dd5a7d4bdb00d4da0a75e895717,27579a5b-d52e-4b3a-b266-e21f946cedaf
175,4,0.0,2026-08-19T05:53:09.944994+00:00,8c7e18eba1488dd5a7d4bdb00d4da0a75e895717,27579a5b-d52e-4b3a-b266-e21f946cedaf
175,5,0.0,2026-08-19T05:53:09.944994+00:00,8c7e18eba1488dd5a7d4bdb00d4da0a75e895717,27579a5b-d52e-4b3a-b266-e21f946cedaf
175,6,0.0,2026-08-19T05:53:09.944994+00:00,8c7e18eba1488dd5a7d4bdb00d4da0a75e895717,27579a5b-d52e-4b3a-b266-e21f946cedaf
175,7,0.0,2026-08-19T05:53:09.944994+00:00,8c7e18eba1488dd5a7d4bdb00d4da0a75e895717,27579a5b-d52e-4b3a-b266-e21f946cedaf
175,8,0.0,2026-08-19T05:53:09.944994+00:00,8c7e18eba1488dd5a7d4bdb00d4da0a75e895717,27579a5b-d52e-4b3a-b266-e21f946cedaf
176,1,0.0,2026-08-19T05:53:09.944994+00:00,8c7e18eba1488dd5a7d4bdb00d4da0a75e895717,27579a5b-d52e-4b3a-b266-e21f946cedaf
176,2,0.0,2026-08-19T05:53:09.944994+00:00,8c7e18eba1488dd5a7d4bdb00d4da0a75e895717,27579a5b-d52e-4b3a-b266-e21f946cedaf
176,3,0.0,2026-08-19T05:53:09.944994+00:00,8c7e18eba1488dd5a7d4bdb00d4da0a75e895717,27579a5b-d52e-4b3a-b266-e21f946cedaf
176,4,0.0,2026-08-19T05:53:09.944994+00:00,8c7e18eba1488dd5a7d4bdb00d4da0a75e895717,27579a5b-d52e-4b3a-b266-e21f946cedaf
176,5,0.0,2026-08-19T05:53:09.944994+00:00,8c7e18eba1488dd5a7d4bdb00d4da0a75e895717,27579a5b-d52e-4b3a-b266-e21f946cedaf
176,6,0.0,2026-08-19T05:53:09.944994+00:00,8c7e18eba1488dd5a7d4bdb00d4da0a75e895717,27579a5b-d52e-4b3a-b266-e21f946cedaf
176,7,0.0,2026-08-19T05:53:09.944994+00:00,8c7e18eba1488dd5a7d4bdb00d4da0a75e895717,27579a5b-d52e-4b3a-b266-e21f946cedaf
176,8,0.0,2026-08-19T05:53:09.944994+00:00,8c7e18eba1488dd5a7d4bdb00d4da0a75e895717,27579a5b-d52e-4b3a-b266-e21f946cedaf
177,1,0.0,2026-08-19T05:53:09.944994+00:00,8c7e18eba1488dd5a7d4bdb00d4da0a75e895717,27579a5b-d52e-4b3a-b266-e21f946cedaf
177,2,0.0,2026-08-19T05:53:09.944994+00:00,8c7e18eba1488dd5a7d4bdb00d4da0a75e895717,27579a5b-d52e-4b3a-b266-e21f946cedaf
177,3,0.0,2026-08-19T05:53:09.944994+00:00,8c7e18eba1488dd5a7d4bdb00d4da0a75e895717,27579a5b-d52e-4b3a-b266-e21f946cedaf
177,4,0.0,2026-08-19T05:53:09.944994+00:00,8c7e18eba1488dd5a7d4bdb00d4da0a75e895717,27579a5b-d52e-4b3a-b266-e21f946cedaf
177,5,0.0,2026-08-19T05:53:09.944994+00:00,8c7e18eba1488dd5a7d4bdb00d4da0a75e895717,27579a5b-d52e-4b3a-b266-e21f946cedaf
177,6,0.0,2026-08-19T05:53:09.944994+00:00,8c7e18eba1488dd5a7d4bdb00d4da0a75e895717,27579a5b-d52e-4b3a-b266-e21f946cedaf
177,7,0.0,2026-08-19T05:53:09.944994+00:00,8c7e18eba1488dd5a7d4bdb00d4da0a75e895717,27579a5b-d52e-4b3a-b266-e21f946cedaf
177,8,0.0,2026-08-19T05:53:09.944994+00:00,8c7e18eba1488dd5a7d4bdb00d4da0a75e895717,27579a5b-d52e-4b3a-b266-e21f946cedaf
178,1,0.0,2026-08-19T05:53:09.944994+00:00,8c7e18eba1488dd5a7d4bdb00d4da0a75e895717,27579a5b-d52e-4b3a-b266-e21f946cedaf
178,2,0.0,2026-08-19T05:53:09.944994+00:00,8c7e18eba1488dd5a7d4bdb00d4da0a75e895717,27579a5b-d52e-4b3a-b266-e21f946cedaf
178,3,0.0,2026-08-19T05:53:09.944994+00:00,8c7e18eba1488dd5a7d4bdb00d4da0a75e895717,27579a5b-d52e-4b3a-b266-e21f946cedaf
178,4,0.0,2026-08-19T05:53:09.944994+00:00,8c7e18eba1488dd5a7d4bdb00d4da0a75e895717,27579a5b-d52e-4b3a-b266-e21f946cedaf
178,5,0.0,2026-08-19T05:53:09.944994+00:00,8c7e18eba1488dd5a7d4bdb00d4da0a75e895717,27579a5b-d52e-4b3a-b266-e21f946cedaf
178,6,0.0,2026-08-19T05:53:09.944994+00:00,8c7e18eba1488dd5a7d4bdb00d4da0a75e895717,27579a5b-d52e-4b3a-b266-e21f946cedaf
178,7,0.0,2026-08-19T05:53:09.944994+00:00,8c7e18eba1488dd5a7d4bdb00d4da0a75e895717,27579a5b-d52e-4b3a-b266-e21f946cedaf
178,8,0.0,2026-08-19T05:53:09.944994+00:00,8c7e18eba1488dd5a7d4bdb00d4da0a75e895717,27579a5b-d52e-4b3a-b266-e21f946cedaf
179,1,0.0,2026-08-19T05:53:09.944994+00:00,8c7e18eba1488dd5a7d4bdb00d4da0a75e895717,27579a5b-d52e-4b3a-b266-e21f946cedaf
179,2,0.0,2026-08-19T05:53:09.944994+00:00,8c7e18eba1488dd5a7d4bdb00d4da0a75e895717,27579a5b-d52e-4b3a-b266-e21f946cedaf
179,3,0.0,2026-08-19T05:53:09.944994+00:00,8c7e18eba1488dd5a7d4bdb00d4da0a75e895717,27579a5b-d52e-4b3a-b266-e21f946cedaf
179,4,0.0,2026-08-19T05:53:09.944994+00:00,8c7e18eba1488dd5a7d4bdb00d4da0a75e895717,27579a5b-d52e-4b3a-b266-e21f946cedaf
179,5,0.0,2026-08-19T05:53:09.944994+00:00,8c7e18eba1488dd5a7d4bdb00d4da0a75e895717,27579a5b-d52e-4b3a-b266-e21f946cedaf
179,6,0.0,2026-08-19T05:53:09.944994+00:00,8c7e18eba1488dd5a7d4bdb00d4da0a75e895717,27579a5b-d52e-4b3a-b266-e21f946cedaf
179,7,0.0,2026-08-19T05:53:09.944994+00:00,8c7e18eba1488dd5a7d4bdb00d4da0a75e895717,27579a5b-d52e-4b3a-b266-e21f946cedaf
179,8,0.0,2026-08-19T05:53:09.944994+00:00,8c7e18eba1488dd5a7d4bdb00d4da0a75e895717,27579a5b-d52e-4b3a-b266-e21f946cedaf
180,1,0.0,2026-08-19T05:53:09.944994+00:00,8c7e18eba1488dd5a7d4bdb00d4da0a75e895717,27579a5b-d52e-4b3a-b266-e21f946cedaf
180,2,0.0,2026-08-19T05:53:09.944994+00:00,8c7e18eba1488dd5a7d4bdb00d4da0a75e895717,27579a5b-d52e-4b3a-b266-e21f946cedaf
180,3,0.0,2026-08-19T05:53:09.944994+00:00,8c7e18eba1488dd5a7d4bdb00d4da0a75e895717,27579a5b-d52e-4b3a-b266-e21f946cedaf
180,4,0.0,2026-08-19T05:53:09.944994+00:00,8c7e18eba1488dd5a7d4bdb00d4da0a75e895717,27579a5b-d52e-4b3a-b266-e21f946cedaf
180,5,0.0,2026-08-19T05:53:09.944994+00:00,8c7e18eba1488dd5a7d4bdb00d4da0a75e895717,27579a5b-d52e-4b3a-b266-e21f946cedaf
180,6,0.0,2026-08-19T05:53:09.944994+00:00,8c7e18eba1488dd5a7d4bdb00d4da0a75e895717,27579a5b-d52e-4b3a-b266-e21f946cedaf
180,7,0.0,2026-08-19T05:53:09.944994+00:00,8c7e18eba1488dd5a7d4bdb00d4da0a75e895717,27579a5b-d52e-4b3a-b266-e21f946cedaf
180,8,0.0,2026-08-19T05:53:09.944994+00:00,8c7e18eba1488dd5a7d4bdb00d4da0a75e895717,27579a5b-d52e-4b3a-b266-e21f946cedaf
181,1,0.0,2026-08-19T05:53:09.944994+00:00,8c7e18eba1488dd5a7d4bdb00d4da0a75e895717,27579a5b-d52e-4b3a-b266-e21f946cedaf
181,2,0.0,2026-08-19T05:53:09.944994+00:00,8c7e18eba1488dd5a7d4bdb00d4da0a75e895717,27579a5b-d52e-4b3a-b266-e21f946cedaf
181,3,0.0,2026-08-19T05:53:09.944994+00:00,8c7e18eba1488dd5a7d4bdb00d4da0a75e895717,27579a5b-d52e-4b3a-b266-e21f946cedaf
181,4,0.0,2026-08-19T05:53:09.944994+00:00,8c7e18eba1488dd5a7d4bdb00d4da0a75e895717,27579a5b-d52e-4b3a-b266-e21f946cedaf
181,5,0.0,2026-08-19T05:53:09.944994+00:00,8c7e18eba1488dd5a7d4bdb00d4da0a75e895717,27579a5b-d52e-4b3a-b266-e21f946cedaf
181,6,0.0,2026-08-19T05:53:09.944994+00:00,8c7e18eba1488dd5a7d4bdb00d4da0a75e895717,27579a5b-d52e-4b3a-b266-e21f946cedaf
181,7,0.0,2026-08-19T05:53:09.944994+00:00,8c7e18eba1488dd5a7d4bdb00d4da0a75e895717,27579a5b-d52e-4b3a-b266-e21f946cedaf
181,8,0.0,2026-08-19T05:53:09.944994+00:00,8c7e18eba1488dd5a7d4bdb00d4da0a75e895717,27579a5b-d52e-4b3a-b266-e21f946cedaf
182,1,0.0,2026-08-19T05:53:09.944994+00:00,8c7e18eba1488dd5a7d4bdb00d4da0a75e895717,27579a5b-d52e-4b3a-b266-e21f946cedaf
182,2,0.0,2026-08-19T05:53:09.944994+00:00,8c7e18eba1488dd5a7d4bdb00d4da0a75e895717,27579a5b-d52e-4b3a-b266-e21f946cedaf
182,3,0.0,2026-08-19T05:53:09.944994+00:00,8c7e18eba1488dd5a7d4bdb00d4da0a75e895717,27579a5b-d52e-4b3a-b266-e21f946cedaf
182,4,0.0,2026-08-19T05:53:09.944994+00:00,8c7e18eba1488dd5a7d4bdb00d4da0a75e895717,27579a5b-d52e-4b3a-b266-e21f946cedaf
182,5,0.0,2026-08-19T05:53:09.944994+00:00,8c7e18eba1488dd5a7d4bdb00d4da0a75e895717,27579a5b-d52e-4b3a-b266-e21f946cedaf
182,6,0.0,2026-08-19T05:53:09.944994+00:00,8c7e18eba1488dd5a7d4bdb00d4da0a75e895717,27579a5b-d52e-4b3a-b266-e21f946cedaf
182,7,0.0,2026-08-19T05:53:09.944994+00:00,8c7e18eba1488dd5a7d4bdb00d4da0a75e895717,27579a5b-d52e-4b3a-b266-e21f946cedaf
182,8,0.0,2026-08-19T05:53:09.944994+00:00,8c7e18eba1488dd5a7d4bdb00d4da0a75e895717,27579a5b-d52e-4b3a-b266-e21f946cedaf
183,1,0.0,2026-08-19T05:53:09.944994+00:00,8c7e18eba1488dd5a7d4bdb00d4da0a75e895717,27579a5b-d52e-4b3a-b266-e21f946cedaf
183,2,0.0,2026-08-19T05:53:09.944994+00:00,8c7e18eba1488dd5a7d4bdb00d4da0a75e895717,27579a5b-d52e-4b3a-b266-e21f946cedaf
183,3,0.0,2026-08-19T05:53:09.944994+00:00,8c7e18eba1488dd5a7d4bdb00d4da0a75e895717,27579a5b-d52e-4b3a-b266-e21f946cedaf
183,4,0.0,2026-08-19T05:53:09.944994+00:00,8c7e18eba1488dd5a7d4bdb00d4da0a75e895717,27579a5b-d52e-4b3a-b266-e21f946cedaf
183,5,0.0,2026-08-19T05:53:09.944994+00:00,8c7e18eba1488dd5a7d4bdb00d4da0a75e895717,27579a5b-d52e-4b3a-b266-e21f946cedaf
183,6,0.0,2026-08-19T05:53:09.944994+00:00,8c7e18eba1488dd5a7d4bdb00d4da0a75e895717,27579a5b-d52e-4b3a-b266-e21f946cedaf
183,7,0.0,2026-08-19T05:53:09.944994+00:00,8c7e18eba1488dd5a7d4bdb00d4da0a75e895717,27579a5b-d52e-4b3a-b266-e21f946cedaf
183,8,0.0,2026-08-19T05:53:09.944994+00:00,8c7e18eba1488dd5a7d4bdb00d4da0a75e895717,27579a5b-d52e-4b3a-b266-e21f946cedaf
184,1,0.0,2026-08-19T05:53:09.944994+00:00,8c7e18eba1488dd5a7d4bdb00d4da0a75e895717,27579a5b-d52e-4b3a-b266-e21f946cedaf
184,2,0.0,2026-08-19T05:53:09.944994+00:00,8c7e18eba1488dd5a7d4bdb00d4da0a75e895717,27579a5b-d52e-4b3a-b266-e21f946cedaf
184,3,0.0,2026-08-19T05:53:09.944994+00:00,8c7e18eba1488dd5a7d4bdb00d4da0a75e895717,27579a5b-d52e-4b3a-b266-e21f946cedaf
184,4,0.0,2026-08-19T05:53:09.944994+00:00,8c7e18eba1488dd5a7d4bdb00d4da0a75e895717,27579a5b-d52e-4b3a-b266-e21f946cedaf
184,5,0.0,2026-08-19T05:53:09.944994+00:00,8c7e18eba1488dd5a7d4bdb00d4da0a75e895717,27579a5b-d52e-4b3a-b266-e21f946cedaf
184,6,0.0,2026-08-19T05:53:09.944994+00:00,8c7e18eba1488dd5a7d4bdb00d4da0a75e895717,27579a5b-d52e-4b3a-b266-e21f946cedaf
184,7,0.0,2026-08-19T05:53:09.944994+00:00,8c7e18eba1488dd5a7d4bdb00d4da0a75e895717,27579a5b-d52e-4b3a-b266-e21f946cedaf
184,8,0.0,2026-08-19T05:53:09.944994+00:00,8c7e18eba1488dd5a7d4bdb00d4da0a75e895717,27579a5b-d52e-4b3a-b266-e21f946cedaf
185,1,0.0,2026-08-19T05:53:09.944994+00:00,8c7e18eba1488dd5a7d4bdb00d4da0a75e895717,27579a5b-d52e-4b3a-b266-e21f946cedaf
185,2,0.0,2026-08-19T05:53:09.944994+00:00,8c7e18eba1488dd5a7d4bdb00d4da0a75e895717,27579a5b-d52e-4b3a-b266-e21f946cedaf
185,3,0.0,2026-08-19T05:53:09.944994+00:00,8c7e18eba1488dd5a7d4bdb00d4da0a75e895717,27579a5b-d52e-4b3a-b266-e21f946cedaf
185,4,0.0,2026-08-19T05:53:09.944994+00:00,8c7e18eba1488dd5a7d4bdb00d4da0a75e895717,27579a5b-d52e-4b3a-b266-e21f946cedaf
185,5,0.0,2026-08-19T05:53:09.944994+00:00,8c7e18eba1488dd5a7d4bdb00d4da0a75e895717,27579a5b-d52e-4b3a-b266-e21f946cedaf
185,6,0.0,2026-08-19T05:53:09.944994+00:00,8c7e18eba1488dd5a7d4bdb00d4da0a75e895717,27579a5b-d52e-4b3a-b266-e21f946cedaf
185,7,0.0,2026-08-19T05:53:09.944994+00:00,8c7e18eba1488dd5a7d4bdb00d4da0a75e895717,27579a5b-d52e-4b3a-b266-e21f946cedaf
185,8,0.0,2026-08-19T05:53:09.944994+00:00,8c7e18eba1488dd5a7d4bdb00d4da0a75e895717,27579a5b-d52e-4b3a-b266-e21f946cedaf
186,1,0.0,2026-08-19T05:53:09.944994+00:00,8c7e18eba1488dd5a7d4bdb00d4da0a75e895717,27579a5b-d52e-4b3a-b266-e21f946cedaf
186,2,0.0,2026-08-19T05:53:09.944994+00:00,8c7e18eba1488dd5a7d4bdb00d4da0a75e895717,27579a5b-d52e-4b3a-b266-e21f946cedaf
186,3,0.0,2026-08-19T05:53:09.944994+00:00,8c7e18eba1488dd5a7d4bdb00d4da0a75e895717,27579a5b-d52e-4b3a-b266-e21f946cedaf
186,4,0.0,2026-08-19T05:53:09.944994+00:00,8c7e18eba1488dd5a7d4bdb00d4da0a75e895717,27579a5b-d52e-4b3a-b266-e21f946cedaf
186,5,0.0,2026-08-19T05:53:09.944994+00:00,8c7e18eba1488dd5a7d4bdb00d4da0a75e895717,27579a5b-d52e-4b3a-b266-e21f946cedaf
186,6,0.0,2026-08-19T05:53:09.944994+00:00,8c7e18eba1488dd5a7d4bdb00d4da0a75e895717,27579a5b-d52e-4b3a-b266-e21f946cedaf
186,7,0.0,2026-08-19T05:53:09.944994+00:00,8c7e18eba1488dd5a7d4bdb00d4da0a75e895717,27579a5b-d52e-4b3a-b266-e21f946cedaf
186,8,0.0,2026-08-19T05:53:09.944994+00:00,8c7e18eba1488dd5a7d4bdb00d4da0a75e895717,27579a5b-d52e-4b3a-b266-e21f946cedaf
187,1,0.0,2026-08-19T05:53:09.944994+00:00,8c7e18eba1488dd5a7d4bdb00d4da0a75e895717,27579a5b-d52e-4b3a-b266-e21f946cedaf
187,2,0.0,2026-08-19T05:53:09.944994+00:00,8c7e18eba1488dd5a7d4bdb00d4da0a75e895717,27579a5b-d52e-4b3a-b266-e21f946cedaf
187,3,0.0,2026-08-19T05:53:09.944994+00:00,8c7e18eba1488dd5a7d4bdb00d4da0a75e895717,27579a5b-d52e-4b3a-b266-e21f946cedaf
187,4,0.0,2026-08-19T05:53:09.944994+00:00,8c7e18eba1488dd5a7d4bdb00d4da0a75e895717,27579a5b-d52e-4b3a-b266-e21f946cedaf
187,5,0.0,2026-08-19T05:53:09.944994+00:00,8c7e18eba1488dd5a7d4bdb00d4da0a75e895717,27579a5b-d52e-4b3a-b266-e21f946cedaf
187,6,0.0,2026-08-19T05:53:09.944994+00:00,8c7e18eba1488dd5a7d4bdb00d4da0a75e895717,27579a5b-d52e-4b3a-b266-e21f946cedaf
187,7,0.0,2026-08-19T05:53:09.944994+00:00,8c7e18eba1488dd5a7d4bdb00d4da0a75e895717,27579a5b-d52e-4b3a-b266-e21f946cedaf
187,8,0.0,2026-08-19T05:53:09.944994+00:00,8c7e18eba1488dd5a7d4bdb00d4da0a75e895717,27579a5b-d52e-4b3a-b266-e21f946cedaf
188,1,0.0,2026-08-19T05:53:09.944994+00:00,8c7e18eba1488dd5a7d4bdb00d4da0a75e895717,27579a5b-d52e-4b3a-b266-e21f946cedaf
188,2,0.0,2026-08-19T05:53:09.944994+00:00,8c7e18eba1488dd5a7d4bdb00d4da0a75e895717,27579a5b-d52e-4b3a-b266-e21f946cedaf
188,3,0.0,2026-08-19T05:53:09.944994+00:00,8c7e18eba1488dd5a7d4bdb00d4da0a75e895717,27579a5b-d52e-4b3a-b266-e21f946cedaf
188,4,0.0,2026-08-19T05:53:09.944994+00:00,8c7e18eba1488dd5a7d4bdb00d4da0a75e895717,27579a5b-d52e-4b3a-b266-e21f946cedaf
188,5,0.0,2026-08-19T05:53:09.944994+00:00,8c7e18eba1488dd5a7d4bdb00d4da0a75e895717,27579a5b-d52e-4b3a-b266-e21f946cedaf
188,6,0.0,2026-08-19T05:53:09.944994+00:00,8c7e18eba1488dd5a7d4bdb00d4da0a75e895717,27579a5b-d52e-4b3a-b266-e21f946cedaf
188,7,0.0,2026-08-19T05:53:09.944994+00:00,8c7e18eba1488dd5a7d4bdb00d4da0a75e895717,27579a5b-d52e-4b3a-b266-e21f946cedaf
188,8,0.0,2026-08-19T05:53:09.944994+00:00,8c7e18eba1488dd5a7d4bdb00d4da0a75e895717,27579a5b-d52e-4b3a-b266-e21f946cedaf
189,1,0.0,2026-08-19T05:53:09.944994+00:00,8c7e18eba1488dd5a7d4bdb00d4da0a75e895717,27579a5b-d52e-4b3a-b266-e21f946cedaf
189,2,0.0,2026-08-19T05:53:09.944994+00:00,8c7e18eba1488dd5a7d4bdb00d4da0a75e895717,27579a5b-d52e-4b3a-b266-e21f946cedaf
189,3,0.0,2026-08-19T05:53:09.944994+00:00,8c7e18eba1488dd5a7d4bdb00d4da0a75e895717,27579a5b-d52e-4b3a-b266-e21f946cedaf
189,4,0.0,2026-08-19T05:53:09.944994+00:00,8c7e18eba1488dd5a7d4bdb00d4da0a75e895717,27579a5b-d52e-4b3a-b266-e21f946cedaf
189,5,0.0,2026-08-19T05:53:09.944994+00:00,8c7e18eba1488dd5a7d4bdb00d4da0a75e895717,27579a5b-d52e-4b3a-b266-e21f946cedaf
189,6,0.0,2026-08-19T05:53:09.944994+00:00,8c7e18eba1488dd5a7d4bdb00d4da0a75e895717,27579a5b-d52e-4b3a-b266-e21f946cedaf
189,7,0.0,2026-08-19T05:53:09.944994+00:00,8c7e18eba1488dd5a7d4bdb00d4da0a75e895717,27579a5b-d52e-4b3a-b266-e21f946cedaf
189,8,0.0,2026-08-19T05:53:09.944994+00:00,8c7e18eba1488dd5a7d4bdb00d4da0a75e895717,27579a5b-d52e-4b3a-b266-e21f946cedaf
190,1,0.0,2026-08-19T05:53:09.944994+00:00,8c7e18eba1488dd5a7d4bdb00d4da0a75e895717,27579a5b-d52e-4b3a-b266-e21f946cedaf
190,2,0.0,2026-08-19T05:53:09.944994+00:00,8c7e18eba1488dd5a7d4bdb00d4da0a75e895717,27579a5b-d52e-4b3a-b266-e21f946cedaf
190,3,0.0,2026-08-19T05:53:09.944994+00:00,8c7e18eba1488dd5a7d4bdb00d4da0a75e895717,27579a5b-d52e-4b3a-b266-e21f946cedaf
190,4,0.0,2026-08-19T05:53:09.944994+00:00,8c7e18eba1488dd5a7d4bdb00d4da0a75e895717,27579a5b-d52e-4b3a-b266-e21f946cedaf
190,5,0.0,2026-08-19T05:53:09.944994+00:00,8c7e18eba1488dd5a7d4bdb00d4da0a75e895717,27579a5b-d52e-4b3a-b266-e21f946cedaf
190,6,0.0,2026-08-19T05:53:09.944994+00:00,8c7e18eba1488dd5a7d4bdb00d4da0a75e895717,27579a5b-d52e-4b3a-b266-e21f946cedaf
190,7,0.0,2026-08-19T05:53:09.944994+00:00,8c7e18eba1488dd5a7d4bdb00d4da0a75e895717,27579a5b-d52e-4b3a-b266-e21f946cedaf
190,8,0.0,2026-08-19T05:53:09.944994+00:00,8c7e18eba1488dd5a7d4bdb00d4da0a75e895717,27579a5b-d52e-4b3a-b266-e21f946cedaf
191,1,0.0,2026-08-19T05:53:09.944994+00:00,8c7e18eba1488dd5a7d4bdb00d4da0a75e895717,27579a5b-d52e-4b3a-b266-e21f946cedaf
191,2,0.0,2026-08-19T05:53:09.944994+00:00,8c7e18eba1488dd5a7d4bdb00d4da0a75e895717,27579a5b-d52e-4b3a-b266-e21f946cedaf
191,3,0.0,2026-08-19T05:53:09.944994+00:00,8c7e18eba1488dd5a7d4bdb00d4da0a75e895717,27579a5b-d52e-4b3a-b266-e21f946cedaf
191,4,0.0,2026-08-19T05:53:09.944994+00:00,8c7e18eba1488dd5a7d4bdb00d4da0a75e895717,27579a5b-d52e-4b3a-b266-e21f946cedaf
191,5,0.0,2026-08-19T05:53:09.944994+00:00,8c7e18eba1488dd5a7d4bdb00d4da0a75e895717,27579a5b-d52e-4b3a-b266-e21f946cedaf
191,6,0.0,2026-08-19T05:53:09.944994+00:00,8c7e18eba1488dd5a7d4bdb00d4da0a75e895717,27579a5b-d52e-4b3a-b266-e21f946cedaf
191,7,0.0,2026-08-19T05:53:09.944994+00:00,8c7e18eba1488dd5a7d4bdb00d4da0a75e895717,27579a5b-d52e-4b3a-b266-e21f946cedaf
191,8,0.0,2026-08-19T05:53:09.944994+00:00,8c7e18eba1488dd5a7d4bdb00d4da0a75e895717,27579a5b-d52e-4b3a-b266-e21f946cedaf
192,1,0.0,2026-08-19T05:53:09.944994+00:00,8c7e18eba1488dd5a7d4bdb00d4da0a75e895717,27579a5b-d52e-4b3a-b266-e21f946cedaf
192,2,0.0,2026-08-19T05:53:09.944994+00:00,8c7e18eba1488dd5a7d4bdb00d4da0a75e895717,27579a5b-d52e-4b3a-b266-e21f946cedaf
192,3,0.0,2026-08-19T05:53:09.944994+00:00,8c7e18eba1488dd5a7d4bdb00d4da0a75e895717,27579a5b-d52e-4b3a-b266-e21f946cedaf
192,4,0.0,2026-08-19T05:53:09.944994+00:00,8c7e18eba1488dd5a7d4bdb00d4da0a75e895717,27579a5b-d52e-4b3a-b266-e21f946cedaf
192,5,0.0,2026-08-19T05:53:09.944994+00:00,8c7e18eba1488dd5a7d4bdb00d4da0a75e895717,27579a5b-d52e-4b3a-b266-e21f946cedaf
192,6,0.0,2026-08-19T05:53:09.944994+00:00,8c7e18eba1488dd5a7d4bdb00d4da0a75e895717,27579a5b-d52e-4b3a-b266-e21f946cedaf
192,7,0.0,2026-08-19T05:53:09.944994+00:00,8c7e18eba1488dd5a7d4bdb00d4da0a75e895717,27579a5b-d52e-4b3a-b266-e21f946cedaf
192,8,0.0,2026-08-19T05:53:09.944994+00:00,8c7e18eba1488dd5a7d4bdb00d4da0a75e895717,27579a5b-d52e-4b3a-b266-e21f946cedaf
193,1,0.0,2026-08-19T05:53:09.944994+00:00,8c7e18eba1488dd5a7d4bdb00d4da0a75e895717,27579a5b-d52e-4b3a-b266-e21f946cedaf
193,2,0.0,2026-08-19T05:53:09.944994+00:00,8c7e18eba1488dd5a7d4bdb00d4da0a75e895717,27579a5b-d52e-4b3a-b266-e21f946cedaf
193,3,0.0,2026-08-19T05:53:09.944994+00:00,8c7e18eba1488dd5a7d4bdb00d4da0a75e895717,27579a5b-d52e-4b3a-b266-e21f946cedaf
193,4,0.0,2026-08-19T05:53:09.944994+00:00,8c7e18eba1488dd5a7d4bdb00d4da0a75e895717,27579a5b-d52e-4b3a-b266-e21f946cedaf
193,5,0.0,2026-08-19T05:53:09.944994+00:00,8c7e18eba1488dd5a7d4bdb00d4da0a75e895717,27579a5b-d52e-4b3a-b266-e21f946cedaf
193,6,0.0,2026-08-19T05:53:09.944994+00:00,8c7e18eba1488dd5a7d4bdb00d4da0a75e895717,27579a5b-d52e-4b3a-b266-e21f946cedaf
193,7,0.0,2026-08-19T05:53:09.944994+00:00,8c7e18eba1488dd5a7d4bdb00d4da0a75e895717,27579a5b-d52e-4b3a-b266-e21f946cedaf
193,8,0.0,2026-08-19T05:53:09.944994+00:00,8c7e18eba1488dd5a7d4bdb00d4da0a75e895717,27579a5b-d52e-4b3a-b266-e21f946cedaf
194,1,0.0,2026-08-19T05:53:09.944994+00:00,8c7e18eba1488dd5a7d4bdb00d4da0a75e895717,27579a5b-d52e-4b3a-b266-e21f946cedaf
194,2,0.0,2026-08-19T05:53:09.944994+00:00,8c7e18eba1488dd5a7d4bdb00d4da0a75e895717,27579a5b-d52e-4b3a-b266-e21f946cedaf
194,3,0.0,2026-08-19T05:53:09.944994+00:00,8c7e18eba1488dd5a7d4bdb00d4da0a75e895717,27579a5b-d52e-4b3a-b266-e21f946cedaf
194,4,0.0,2026-08-19T05:53:09.944994+00:00,8c7e18eba1488dd5a7d4bdb00d4da0a75e895717,27579a5b-d52e-4b3a-b266-e21f946cedaf
194,5,0.0,2026-08-19T05:53:09.944994+00:00,8c7e18eba1488dd5a7d4bdb00d4da0a75e895717,27579a5b-d52e-4b3a-b266-e21f946cedaf
194,6,0.0,2026-08-19T05:53:09.944994+00:00,8c7e18eba1488dd5a7d4bdb00d4da0a75e895717,27579a5b-d52e-4b3a-b266-e21f946cedaf
194,7,0.0,2026-08-19T05:53:09.944994+00:00,8c7e18eba1488dd5a7d4bdb00d4da0a75e895717,27579a5b-d52e-4b3a-b266-e21f946cedaf
194,8,0.0,2026-08-19T05:53:09.944994+00:00,8c7e18eba1488dd5a7d4bdb00d4da0a75e895717,27579a5b-d52e-4b3a-b266-e21f946cedaf
195,1,0.0,2026-08-19T05:53:09.944994+00:00,8c7e18eba1488dd5a7d4bdb00d4da0a75e895717,27579a5b-d52e-4b3a-b266-e21f946cedaf
195,2,0.0,2026-08-19T05:53:09.944994+00:00,8c7e18eba1488dd5a7d4bdb00d4da0a75e895717,27579a5b-d52e-4b3a-b266-e21f946cedaf
195,3,0.0,2026-08-19T05:53:09.944994+00:00,8c7e18eba1488dd5a7d4bdb00d4da0a75e895717,27579a5b-d52e-4b3a-b266-e21f946cedaf
195,4,0.0,2026-08-19T05:53:09.944994+00:00,8c7e18eba1488dd5a7d4bdb00d4da0a75e895717,27579a5b-d52e-4b3a-b266-e21f946cedaf
195,5,0.0,2026-08-19T05:53:09.944994+00:00,8c7e18eba1488dd5a7d4bdb00d4da0a75e895717,27579a5b-d52e-4b3a-b266-e21f946cedaf
195,6,0.0,2026-08-19T05:53:09.944994+00:00,8c7e18eba1488dd5a7d4bdb00d4da0a75e895717,27579a5b-d52e-4b3a-b266-e21f946cedaf
195,7,0.0,2026-08-19T05:53:09.944994+00:00,8c7e18eba1488dd5a7d4bdb00d4da0a75e895717,27579a5b-d52e-4b3a-b266-e21f946cedaf
195,8,0.0,2026-08-19T05:53:09.944994+00:00,8c7e18eba1488dd5a7d4bdb00d4da0a75e895717,27579a5b-d52e-4b3a-b266-e21f946cedaf
196,1,0.0,2026-08-19T05:53:09.944994+00:00,8c7e18eba1488dd5a7d4bdb00d4da0a75e895717,27579a5b-d52e-4b3a-b266-e21f946cedaf
196,2,0.0,2026-08-19T05:53:09.944994+00:00,8c7e18eba1488dd5a7d4bdb00d4da0a75e895717,27579a5b-d52e-4b3a-b266-e21f946cedaf
196,3,0.0,2026-08-19T05:53:09.944994+00:00,8c7e18eba1488dd5a7d4bdb00d4da0a75e895717,27579a5b-d52e-4b3a-b266-e21f946cedaf
196,4,0.0,2026-08-19T05:53:09.944994+00:00,8c7e18eba1488dd5a7d4bdb00d4da0a75e895717,27579a5b-d52e-4b3a-b266-e21f946cedaf
196,5,0.0,2026-08-19T05:53:09.944994+00:00,8c7e18eba1488dd5a7d4bdb00d4da0a75e895717,27579a5b-d52e-4b3a-b266-e21f946cedaf
196,6,0.0,2026-08-19T05:53:09.944994+00:00,8c7e18eba1488dd5a7d4bdb00d4da0a75e895717,27579a5b-d52e-4b3a-b266-e21f946cedaf
196,7,0.0,2026-08-19T05:53:09.944994+00:00,8c7e18eba1488dd5a7d4bdb00d4da0a75e895717,27579a5b-d52e-4b3a-b266-e21f946cedaf
196,8,0.0,2026-08-19T05:53:09.944994+00:00,8c7e18eba1488dd5a7d4bdb00d4da0a75e895717,27579a5b-d52e-4b3a-b266-e21f946cedaf
197,1,0.0,2026-08-19T05:53:09.944994+00:00,8c7e18eba1488dd5a7d4bdb00d4da0a75e895717,27579a5b-d52e-4b3a-b266-e21f946cedaf
197,2,0.0,2026-08-19T05:53:09.944994+00:00,8c7e18eba1488dd5a7d4bdb00d4da0a75e895717,27579a5b-d52e-4b3a-b266-e21f946cedaf
197,3,0.0,2026-08-19T05:53:09.944994+00:00,8c7e18eba1488dd5a7d4bdb00d4da0a75e895717,27579a5b-d52e-4b3a-b266-e21f946cedaf
197,4,0.0,2026-08-19T05:53:09.944994+00:00,8c7e18eba1488dd5a7d4bdb00d4da0a75e895717,27579a5b-d52e-4b3a-b266-e21f946cedaf
197,5,0.0,2026-08-19T05:53:09.944994+00:00,8c7e18eba1488dd5a7d4bdb00d4da0a75e895717,27579a5b-d52e-4b3a-b266-e21f946cedaf
197,6,0.0,2026-08-19T05:53:09.944994+00:00,8c7e18eba1488dd5a7d4bdb00d4da0a75e895717,27579a5b-d52e-4b3a-b266-e21f946cedaf
197,7,0.0,2026-08-19T05:53:09.944994+00:00,8c7e18eba1488dd5a7d4bdb00d4da0a75e895717,27579a5b-d52e-4b3a-b266-e21f946cedaf
197,8,0.0,2026-08-19T05:53:09.944994+00:00,8c7e18eba1488dd5a7d4bdb00d4da0a75e895717,27579a5b-d52e-4b3a-b266-e21f946cedaf
198,1,3.434353828430176,2026-08-19T05:53:09.944994+00:00,8c7e18eba1488dd5a7d4bdb00d4da0a75e895717,27579a5b-d52e-4b3a-b266-e21f946cedaf
198,2,2.869701385498047,2026-08-19T05:53:09.944994+00:00,8c7e18eba1488dd5a7d4bdb00d4da0a75e895717,27579a5b-d52e-4b3a-b266-e21f946cedaf
198,3,3.274252414703369,2026-08-19T05:53:09.944994+00:00,8c7e18eba1488dd5a7d4bdb00d4da0a75e895717,27579a5b-d52e-4b3a-b266-e21f946cedaf
198,4,4.319049835205078,2026-08-19T05:53:09.944994+00:00,8c7e18eba1488dd5a7d4bdb00d4da0a75e895717,27579a5b-d52e-4b3a-b266-e21f946cedaf
198,5,3.367366313934326,2026-08-19T05:53:09.944994+00:00,8c7e18eba1488dd5a7d4bdb00d4da0a75e895717,27579a5b-d52e-4b3a-b266-e21f946cedaf
198,6,3.5532493591308594,2026-08-19T05:53:09.944994+00:00,8c7e18eba1488dd5a7d4bdb00d4da0a75e895717,27579a5b-d52e-4b3a-b266-e21f946cedaf
198,7,3.115208148956299,2026-08-19T05:53:09.944994+00:00,8c7e18eba1488dd5a7d4bdb00d4da0a75e895717,27579a5b-d52e-4b3a-b266-e21f946cedaf
198,8,3.369030475616455,2026-08-19T05:53:09.944994+00:00,8c7e18eba1488dd5a7d4bdb00d4da0a75e895717,27579a5b-d52e-4b3a-b266-e21f946cedaf
199,1,0.9597849249839783,2026-08-19T05:53:09.944994+00:00,8c7e18eba1488dd5a7d4bdb00d4da0a75e895717,27579a5b-d52e-4b3a-b266-e21f946cedaf
199,2,0.9394534826278687,2026-08-19T05:53:09.944994+00:00,8c7e18eba1488dd5a7d4bdb00d4da0a75e895717,27579a5b-d52e-4b3a-b266-e21f946cedaf
199,3,0.9547298550605774,2026-08-19T05:53:09.944994+00:00,8c7e18eba1488dd5a7d4bdb00d4da0a75e895717,27579a5b-d52e-4b3a-b266-e21f946cedaf
199,4,0.9819625616073608,2026-08-19T05:53:09.944994+00:00,8c7e18eba1488dd5a7d4bdb00d4da0a75e895717,27579a5b-d52e-4b3a-b266-e21f946cedaf
199,5,0.9577624201774597,2026-08-19T05:53:09.944994+00:00,8c7e18eba1488dd5a7d4bdb00d4da0a75e895717,27579a5b-d52e-4b3a-b266-e21f946cedaf
199,6,0.9634717702865601,2026-08-19T05:53:09.944994+00:00,8c7e18eba1488dd5a7d4bdb00d4da0a75e895717,27579a5b-d52e-4b3a-b266-e21f946cedaf
199,7,0.9491382837295532,2026-08-19T05:53:09.944994+00:00,8c7e18eba1488dd5a7d4bdb00d4da0a75e895717,27579a5b-d52e-4b3a-b266-e21f946cedaf
199,8,0.9579506516456604,2026-08-19T05:53:09.944994+00:00,8c7e18eba1488dd5a7d4bdb00d4da0a75e895717,27579a5b-d52e-4b3a-b266-e21f946cedaf
200,1,0.0,2026-08-19T05:53:09.944994+00:00,8c7e18eba1488dd5a7d4bdb00d4da0a75e895717,27579a5b-d52e-4b3a-b266-e21f946cedaf
200,2,0.0,2026-08-19T05:53:09.944994+00:00,8c7e18eba1488dd5a7d4bdb00d4da0a75e895717,27579a5b-d52e-4b3a-b266-e21f946cedaf
200,3,0.0,2026-08-19T05:53:09.944994+00:00,8c7e18eba1488dd5a7d4bdb00d4da0a75e895717,27579a5b-d52e-4b3a-b266-e21f946cedaf
200,4,0.0,2026-08-19T05:53:09.944994+00:00,8c7e18eba1488dd5a7d4bdb00d4da0a75e895717,27579a5b-d52e-4b3a-b266-e21f946cedaf
200,5,0.0,2026-08-19T05:53:09.944994+00:00,8c7e18eba1488dd5a7d4bdb00d4da0a75e895717,27579a5b-d52e-4b3a-b266-e21f946cedaf
200,6,0.0,2026-08-19T05:53:09.944994+00:00,8c7e18eba1488dd5a7d4bdb00d4da0a75e895717,27579a5b-d52e-4b3a-b266-e21f946cedaf
200,7,0.0,2026-08-19T05:53:09.944994+00:00,8c7e18eba1488dd5a7d4bdb00d4da0a75e895717,27579a5b-d52e-4b3a-b266-e21f946cedaf
200,8,0.0,2026-08-19T05:53:09.944994+00:00,8c7e18eba1488dd5a7d4bdb00d4da0a75e895717,27579a5b-d52e-4b3a-b266-e21f946cedaf
201,1,3.9988083839416504,2026-08-19T05:53:09.944994+00:00,8c7e18eba1488dd5a7d4bdb00d4da0a75e895717,27579a5b-d52e-4b3a-b266-e21f946cedaf
201,2,3.350630283355713,2026-08-19T05:53:09.944994+00:00,8c7e18eba1488dd5a7d4bdb00d4da0a75e895717,27579a5b-d52e-4b3a-b266-e21f946cedaf
201,3,3.8556909561157227,2026-08-19T05:53:09.944994+00:00,8c7e18eba1488dd5a7d4bdb00d4da0a75e895717,27579a5b-d52e-4b3a-b266-e21f946cedaf
201,4,5.316736221313477,2026-08-19T05:53:09.944994+00:00,8c7e18eba1488dd5a7d4bdb00d4da0a75e895717,27579a5b-d52e-4b3a-b266-e21f946cedaf
201,5,4.000030517578125,2026-08-19T05:53:09.944994+00:00,8c7e18eba1488dd5a7d4bdb00d4da0a75e895717,27579a5b-d52e-4b3a-b266-e21f946cedaf
201,6,4.175785541534424,2026-08-19T05:53:09.944994+00:00,8c7e18eba1488dd5a7d4bdb00d4da0a75e895717,27579a5b-d52e-4b3a-b266-e21f946cedaf
201,7,3.690828323364258,2026-08-19T05:53:09.944994+00:00,8c7e18eba1488dd5a7d4bdb00d4da0a75e895717,27579a5b-d52e-4b3a-b266-e21f946cedaf
201,8,4.02819299697876,2026-08-19T05:53:09.944994+00:00,8c7e18eba1488dd5a7d4bdb00d4da0a75e895717,27579a5b-d52e-4b3a-b266-e21f946cedaf
202,1,3.7810215950012207,2026-08-19T05:53:09.944994+00:00,8c7e18eba1488dd5a7d4bdb00d4da0a75e895717,27579a5b-d52e-4b3a-b266-e21f946cedaf
202,2,3.188912868499756,2026-08-19T05:53:09.944994+00:00,8c7e18eba1488dd5a7d4bdb00d4da0a75e895717,27579a5b-d52e-4b3a-b266-e21f946cedaf
202,3,3.628054618835449,2026-08-19T05:53:09.944994+00:00,8c7e18eba1488dd5a7d4bdb00d4da0a75e895717,27579a5b-d52e-4b3a-b266-e21f946cedaf
202,4,4.822189807891846,2026-08-19T05:53:09.944994+00:00,8c7e18eba1488dd5a7d4bdb00d4da0a75e895717,27579a5b-d52e-4b3a-b266-e21f946cedaf
202,5,3.739600658416748,2026-08-19T05:53:09.944994+00:00,8c7e18eba1488dd5a7d4bdb00d4da0a75e895717,27579a5b-d52e-4b3a-b266-e21f946cedaf
202,6,3.920773983001709,2026-08-19T05:53:09.944994+00:00,8c7e18eba1488dd5a7d4bdb00d4da0a75e895717,27579a5b-d52e-4b3a-b266-e21f946cedaf
202,7,3.4678030014038086,2026-08-19T05:53:09.944994+00:00,8c7e18eba1488dd5a7d4bdb00d4da0a75e895717,27579a5b-d52e-4b3a-b266-e21f946cedaf
202,8,3.7510323524475098,2026-08-19T05:53:09.944994+00:00,8c7e18eba1488dd5a7d4bdb00d4da0a75e895717,27579a5b-d52e-4b3a-b266-e21f946cedaf
203,1,4.288995742797852,2026-08-19T05:53:09.944994+00:00,8c7e18eba1488dd5a7d4bdb00d4da0a75e895717,27579a5b-d52e-4b3a-b266-e21f946cedaf
203,2,3.6873316764831543,2026-08-19T05:53:09.944994+00:00,8c7e18eba1488dd5a7d4bdb00d4da0a75e895717,27579a5b-d52e-4b3a-b266-e21f946cedaf
203,3,4.134174823760986,2026-08-19T05:53:09.944994+00:00,8c7e18eba1488dd5a7d4bdb00d4da0a75e895717,27579a5b-d52e-4b3a-b266-e21f946cedaf
203,4,5.34531307220459,2026-08-19T05:53:09.944994+00:00,8c7e18eba1488dd5a7d4bdb00d4da0a75e895717,27579a5b-d52e-4b3a-b266-e21f946cedaf
203,5,4.247681617736816,2026-08-19T05:53:09.944994+00:00,8c7e18eba1488dd5a7d4bdb00d4da0a75e895717,27579a5b-d52e-4b3a-b266-e21f946cedaf
203,6,4.431074142456055,2026-08-19T05:53:09.944994+00:00,8c7e18eba1488dd5a7d4bdb00d4da0a75e895717,27579a5b-d52e-4b3a-b266-e21f946cedaf
203,7,3.971531867980957,2026-08-19T05:53:09.944994+00:00,8c7e18eba1488dd5a7d4bdb00d4da0a75e895717,27579a5b-d52e-4b3a-b266-e21f946cedaf
203,8,4.259557723999023,2026-08-19T05:53:09.944994+00:00,8c7e18eba1488dd5a7d4bdb00d4da0a75e895717,27579a5b-d52e-4b3a-b266-e21f946cedaf
204,1,3.6116769313812256,2026-08-19T05:53:09.944994+00:00,8c7e18eba1488dd5a7d4bdb00d4da0a75e895717,27579a5b-d52e-4b3a-b266-e21f946cedaf
204,2,2.9978082180023193,2026-08-19T05:53:09.944994+00:00,8c7e18eba1488dd5a7d4bdb00d4da0a75e895717,27579a5b-d52e-4b3a-b266-e21f946cedaf
204,3,3.461113452911377,2026-08-19T05:53:09.944994+00:00,8c7e18eba1488dd5a7d4bdb00d4da0a75e895717,27579a5b-d52e-4b3a-b266-e21f946cedaf
204,4,4.7473907470703125,2026-08-19T05:53:09.944994+00:00,8c7e18eba1488dd5a7d4bdb00d4da0a75e895717,27579a5b-d52e-4b3a-b266-e21f946cedaf
204,5,3.5839288234710693,2026-08-19T05:53:09.944994+00:00,8c7e18eba1488dd5a7d4bdb00d4da0a75e895717,27579a5b-d52e-4b3a-b266-e21f946cedaf
204,6,3.7642624378204346,2026-08-19T05:53:09.944994+00:00,8c7e18eba1488dd5a7d4bdb00d4da0a75e895717,27579a5b-d52e-4b3a-b266-e21f946cedaf
204,7,3.298427104949951,2026-08-19T05:53:09.944994+00:00,8c7e18eba1488dd5a7d4bdb00d4da0a75e895717,27579a5b-d52e-4b3a-b266-e21f946cedaf
204,8,3.600886583328247,2026-08-19T05:53:09.944994+00:00,8c7e18eba1488dd5a7d4bdb00d4da0a75e895717,27579a5b-d52e-4b3a-b266-e21f946cedaf
205,1,0.998677670955658,2026-08-19T05:53:09.944994+00:00,8c7e18eba1488dd5a7d4bdb00d4da0a75e895717,27579a5b-d52e-4b3a-b266-e21f946cedaf
205,2,0.9853038191795349,2026-08-19T05:53:09.944994+00:00,8c7e18eba1488dd5a7d4bdb00d4da0a75e895717,27579a5b-d52e-4b3a-b266-e21f946cedaf
205,3,0.9964460730552673,2026-08-19T05:53:09.944994+00:00,8c7e18eba1488dd5a7d4bdb00d4da0a75e895717,27579a5b-d52e-4b3a-b266-e21f946cedaf
205,4,1.023176908493042,2026-08-19T05:53:09.944994+00:00,8c7e18eba1488dd5a7d4bdb00d4da0a75e895717,27579a5b-d52e-4b3a-b266-e21f946cedaf
205,5,0.9995639324188232,2026-08-19T05:53:09.944994+00:00,8c7e18eba1488dd5a7d4bdb00d4da0a75e895717,27579a5b-d52e-4b3a-b266-e21f946cedaf
205,6,1.0023467540740967,2026-08-19T05:53:09.944994+00:00,8c7e18eba1488dd5a7d4bdb00d4da0a75e895717,27579a5b-d52e-4b3a-b266-e21f946cedaf
205,7,0.99326491355896,2026-08-19T05:53:09.944994+00:00,8c7e18eba1488dd5a7d4bdb00d4da0a75e895717,27579a5b-d52e-4b3a-b266-e21f946cedaf
205,8,1.0004329681396484,2026-08-19T05:53:09.944994+00:00,8c7e18eba1488dd5a7d4bdb00d4da0a75e895717,27579a5b-d52e-4b3a-b266-e21f946cedaf
206,1,0.853219211101532,2026-08-19T05:53:09.944994+00:00,8c7e18eba1488dd5a7d4bdb00d4da0a75e895717,27579a5b-d52e-4b3a-b266-e21f946cedaf
206,2,0.7567477822303772,2026-08-19T05:53:09.944994+00:00,8c7e18eba1488dd5a7d4bdb00d4da0a75e895717,27579a5b-d52e-4b3a-b266-e21f946cedaf
206,3,0.8374374508857727,2026-08-19T05:53:09.944994+00:00,8c7e18eba1488dd5a7d4bdb00d4da0a75e895717,27579a5b-d52e-4b3a-b266-e21f946cedaf
206,4,1.0328034162521362,2026-08-19T05:53:09.944994+00:00,8c7e18eba1488dd5a7d4bdb00d4da0a75e895717,27579a5b-d52e-4b3a-b266-e21f946cedaf
206,5,0.8602524399757385,2026-08-19T05:53:09.944994+00:00,8c7e18eba1488dd5a7d4bdb00d4da0a75e895717,27579a5b-d52e-4b3a-b266-e21f946cedaf
206,6,0.8800444006919861,2026-08-19T05:53:09.944994+00:00,8c7e18eba1488dd5a7d4bdb00d4da0a75e895717,27579a5b-d52e-4b3a-b266-e21f946cedaf
206,7,0.8146339058876038,2026-08-19T05:53:09.944994+00:00,8c7e18eba1488dd5a7d4bdb00d4da0a75e895717,27579a5b-d52e-4b3a-b266-e21f946cedaf
206,8,0.8667359948158264,2026-08-19T05:53:09.944994+00:00,8c7e18eba1488dd5a7d4bdb00d4da0a75e895717,27579a5b-d52e-4b3a-b266-e21f946cedaf
207,1,0.0,2026-08-19T05:53:09.944994+00:00,8c7e18eba1488dd5a7d4bdb00d4da0a75e895717,27579a5b-d52e-4b3a-b266-e21f946cedaf
207,2,0.0,2026-08-19T05:53:09.944994+00:00,8c7e18eba1488dd5a7d4bdb00d4da0a75e895717,27579a5b-d52e-4b3a-b266-e21f946cedaf
207,3,0.0,2026-08-19T05:53:09.944994+00:00,8c7e18eba1488dd5a7d4bdb00d4da0a75e895717,27579a5b-d52e-4b3a-b266-e21f946cedaf
207,4,0.0,2026-08-19T05:53:09.944994+00:00,8c7e18eba1488dd5a7d4bdb00d4da0a75e895717,27579a5b-d52e-4b3a-b266-e21f946cedaf
207,5,0.0,2026-08-19T05:53:09.944994+00:00,8c7e18eba1488dd5a7d4bdb00d4da0a75e895717,27579a5b-d52e-4b3a-b266-e21f946cedaf
207,6,0.0,2026-08-19T05:53:09.944994+00:00,8c7e18eba1488dd5a7d4bdb00d4da0a75e895717,27579a5b-d52e-4b3a-b266-e21f946cedaf
207,7,0.0,2026-08-19T05:53:09.944994+00:00,8c7e18eba1488dd5a7d4bdb00d4da0a75e895717,27579a5b-d52e-4b3a-b266-e21f946cedaf
207,8,0.0,2026-08-19T05:53:09.944994+00:00,8c7e18eba1488dd5a7d4bdb00d4da0a75e895717,27579a5b-d52e-4b3a-b266-e21f946cedaf
208,1,3.824723958969116,2026-08-19T05:53:09.944994+00:00,8c7e18eba1488dd5a7d4bdb00d4da0a75e895717,27579a5b-d52e-4b3a-b266-e21f946cedaf
208,2,3.5564346313476562,2026-08-19T05:53:09.944994+00:00,8c7e18eba1488dd5a7d4bdb00d4da0a75e895717,27579a5b-d52e-4b3a-b266-e21f946cedaf
208,3,3.816479444503784,2026-08-19T05:53:09.944994+00:00,8c7e18eba1488dd5a7d4bdb00d4da0a75e895717,27579a5b-d52e-4b3a-b266-e21f946cedaf
208,4,4.759036064147949,2026-08-19T05:53:09.944994+00:00,8c7e18eba1488dd5a7d4bdb00d4da0a75e895717,27579a5b-d52e-4b3a-b266-e21f946cedaf
208,5,3.923816204071045,2026-08-19T05:53:09.944994+00:00,8c7e18eba1488dd5a7d4bdb00d4da0a75e895717,27579a5b-d52e-4b3a-b266-e21f946cedaf
208,6,3.9495949745178223,2026-08-19T05:53:09.944994+00:00,8c7e18eba1488dd5a7d4bdb00d4da0a75e895717,27579a5b-d52e-4b3a-b266-e21f946cedaf
208,7,3.7705585956573486,2026-08-19T05:53:09.944994+00:00,8c7e18eba1488dd5a7d4bdb00d4da0a75e895717,27579a5b-d52e-4b3a-b266-e21f946cedaf
208,8,3.96860408782959,2026-08-19T05:53:09.944994+00:00,8c7e18eba1488dd5a7d4bdb00d4da0a75e895717,27579a5b-d52e-4b3a-b266-e21f946cedaf
209,1,0.0,2026-08-19T05:53:09.944994+00:00,8c7e18eba1488dd5a7d4bdb00d4da0a75e895717,27579a5b-d52e-4b3a-b266-e21f946cedaf
209,2,0.0,2026-08-19T05:53:09.944994+00:00,8c7e18eba1488dd5a7d4bdb00d4da0a75e895717,27579a5b-d52e-4b3a-b266-e21f946cedaf
209,3,0.0,2026-08-19T05:53:09.944994+00:00,8c7e18eba1488dd5a7d4bdb00d4da0a75e895717,27579a5b-d52e-4b3a-b266-e21f946cedaf
209,4,0.0,2026-08-19T05:53:09.944994+00:00,8c7e18eba1488dd5a7d4bdb00d4da0a75e895717,27579a5b-d52e-4b3a-b266-e21f946cedaf
209,5,0.0,2026-08-19T05:53:09.944994+00:00,8c7e18eba1488dd5a7d4bdb00d4da0a75e895717,27579a5b-d52e-4b3a-b266-e21f946cedaf
209,6,0.0,2026-08-19T05:53:09.944994+00:00,8c7e18eba1488dd5a7d4bdb00d4da0a75e895717,27579a5b-d52e-4b3a-b266-e21f946cedaf
209,7,0.0,2026-08-19T05:53:09.944994+00:00,8c7e18eba1488dd5a7d4bdb00d4da0a75e895717,27579a5b-d52e-4b3a-b266-e21f946cedaf
209,8,0.0,2026-08-19T05:53:09.944994+00:00,8c7e18eba1488dd5a7d4bdb00d4da0a75e895717,27579a5b-d52e-4b3a-b266-e21f946cedaf
210,1,1.3408218622207642,2026-08-19T05:53:09.944994+00:00,8c7e18eba1488dd5a7d4bdb00d4da0a75e895717,27579a5b-d52e-4b3a-b266-e21f946cedaf
210,2,1.267976999282837,2026-08-19T05:53:09.944994+00:00,8c7e18eba1488dd5a7d4bdb00d4da0a75e895717,27579a5b-d52e-4b3a-b266-e21f946cedaf
210,3,1.3494209051132202,2026-08-19T05:53:09.944994+00:00,8c7e18eba1488dd5a7d4bdb00d4da0a75e895717,27579a5b-d52e-4b3a-b266-e21f946cedaf
210,4,1.6623505353927612,2026-08-19T05:53:09.944994+00:00,8c7e18eba1488dd5a7d4bdb00d4da0a75e895717,27579a5b-d52e-4b3a-b266-e21f946cedaf
210,5,1.3877166509628296,2026-08-19T05:53:09.944994+00:00,8c7e18eba1488dd5a7d4bdb00d4da0a75e895717,27579a5b-d52e-4b3a-b266-e21f946cedaf
210,6,1.3844105005264282,2026-08-19T05:53:09.944994+00:00,8c7e18eba1488dd5a7d4bdb00d4da0a75e895717,27579a5b-d52e-4b3a-b266-e21f946cedaf
210,7,1.3415238857269287,2026-08-19T05:53:09.944994+00:00,8c7e18eba1488dd5a7d4bdb00d4da0a75e895717,27579a5b-d52e-4b3a-b266-e21f946cedaf
210,8,1.406592607498169,2026-08-19T05:53:09.944994+00:00,8c7e18eba1488dd5a7d4bdb00d4da0a75e895717,27579a5b-d52e-4b3a-b266-e21f946cedaf
211,1,1.29244065284729,2026-08-19T05:53:09.944994+00:00,8c7e18eba1488dd5a7d4bdb00d4da0a75e895717,27579a5b-d52e-4b3a-b266-e21f946cedaf
211,2,1.231641411781311,2026-08-19T05:53:09.944994+00:00,8c7e18eba1488dd5a7d4bdb00d4da0a75e895717,27579a5b-d52e-4b3a-b266-e21f946cedaf
211,3,1.299617886543274,2026-08-19T05:53:09.944994+00:00,8c7e18eba1488dd5a7d4bdb00d4da0a75e895717,27579a5b-d52e-4b3a-b266-e21f946cedaf
211,4,1.5608018636703491,2026-08-19T05:53:09.944994+00:00,8c7e18eba1488dd5a7d4bdb00d4da0a75e895717,27579a5b-d52e-4b3a-b266-e21f946cedaf
211,5,1.3315809965133667,2026-08-19T05:53:09.944994+00:00,8c7e18eba1488dd5a7d4bdb00d4da0a75e895717,27579a5b-d52e-4b3a-b266-e21f946cedaf
211,6,1.3288215398788452,2026-08-19T05:53:09.944994+00:00,8c7e18eba1488dd5a7d4bdb00d4da0a75e895717,27579a5b-d52e-4b3a-b266-e21f946cedaf
211,7,1.2930266857147217,2026-08-19T05:53:09.944994+00:00,8c7e18eba1488dd5a7d4bdb00d4da0a75e895717,27579a5b-d52e-4b3a-b266-e21f946cedaf
211,8,1.3473355770111084,2026-08-19T05:53:09.944994+00:00,8c7e18eba1488dd5a7d4bdb00d4da0a75e895717,27579a5b-d52e-4b3a-b266-e21f946cedaf
212,1,0.9805802702903748,2026-08-19T05:53:09.944994+00:00,8c7e18eba1488dd5a7d4bdb00d4da0a75e895717,27579a5b-d52e-4b3a-b266-e21f946cedaf
212,2,0.9486415982246399,2026-08-19T05:53:09.944994+00:00,8c7e18eba1488dd5a7d4bdb00d4da0a75e895717,27579a5b-d52e-4b3a-b266-e21f946cedaf
212,3,0.9843506217002869,2026-08-19T05:53:09.944994+00:00,8c7e18eba1488dd5a7d4bdb00d4da0a75e895717,27579a5b-d52e-4b3a-b266-e21f946cedaf
212,4,1.1215541362762451,2026-08-19T05:53:09.944994+00:00,8c7e18eba1488dd5a7d4bdb00d4da0a75e895717,27579a5b-d52e-4b3a-b266-e21f946cedaf
212,5,1.0011411905288696,2026-08-19T05:53:09.944994+00:00,8c7e18eba1488dd5a7d4bdb00d4da0a75e895717,27579a5b-d52e-4b3a-b266-e21f946cedaf
212,6,0.9996916651725769,2026-08-19T05:53:09.944994+00:00,8c7e18eba1488dd5a7d4bdb00d4da0a75e895717,27579a5b-d52e-4b3a-b266-e21f946cedaf
212,7,0.9808881878852844,2026-08-19T05:53:09.944994+00:00,8c7e18eba1488dd5a7d4bdb00d4da0a75e895717,27579a5b-d52e-4b3a-b266-e21f946cedaf
212,8,1.0094172954559326,2026-08-19T05:53:09.944994+00:00,8c7e18eba1488dd5a7d4bdb00d4da0a75e895717,27579a5b-d52e-4b3a-b266-e21f946cedaf
213,1,1.1443111896514893,2026-08-19T05:53:09.944994+00:00,8c7e18eba1488dd5a7d4bdb00d4da0a75e895717,27579a5b-d52e-4b3a-b266-e21f946cedaf
213,2,1.0872032642364502,2026-08-19T05:53:09.944994+00:00,8c7e18eba1488dd5a7d4bdb00d4da0a75e895717,27579a5b-d52e-4b3a-b266-e21f946cedaf
213,3,1.151052713394165,2026-08-19T05:53:09.944994+00:00,8c7e18eba1488dd5a7d4bdb00d4da0a75e895717,27579a5b-d52e-4b3a-b266-e21f946cedaf
213,4,1.3963792324066162,2026-08-19T05:53:09.944994+00:00,8c7e18eba1488dd5a7d4bdb00d4da0a75e895717,27579a5b-d52e-4b3a-b266-e21f946cedaf
213,5,1.1810753345489502,2026-08-19T05:53:09.944994+00:00,8c7e18eba1488dd5a7d4bdb00d4da0a75e895717,27579a5b-d52e-4b3a-b266-e21f946cedaf
213,6,1.178483247756958,2026-08-19T05:53:09.944994+00:00,8c7e18eba1488dd5a7d4bdb00d4da0a75e895717,27579a5b-d52e-4b3a-b266-e21f946cedaf
213,7,1.1448616981506348,2026-08-19T05:53:09.944994+00:00,8c7e18eba1488dd5a7d4bdb00d4da0a75e895717,27579a5b-d52e-4b3a-b266-e21f946cedaf
213,8,1.1958732604980469,2026-08-19T05:53:09.944994+00:00,8c7e18eba1488dd5a7d4bdb00d4da0a75e895717,27579a5b-d52e-4b3a-b266-e21f946cedaf
214,1,1.1594221591949463,2026-08-19T05:53:09.944994+00:00,8c7e18eba1488dd5a7d4bdb00d4da0a75e895717,27579a5b-d52e-4b3a-b266-e21f946cedaf
214,2,1.1143798828125,2026-08-19T05:53:09.944994+00:00,8c7e18eba1488dd5a7d4bdb00d4da0a75e895717,27579a5b-d52e-4b3a-b266-e21f946cedaf
214,3,1.1647392511367798,2026-08-19T05:53:09.944994+00:00,8c7e18eba1488dd5a7d4bdb00d4da0a75e895717,27579a5b-d52e-4b3a-b266-e21f946cedaf
214,4,1.3582335710525513,2026-08-19T05:53:09.944994+00:00,8c7e18eba1488dd5a7d4bdb00d4da0a75e895717,27579a5b-d52e-4b3a-b266-e21f946cedaf
214,5,1.1884186267852783,2026-08-19T05:53:09.944994+00:00,8c7e18eba1488dd5a7d4bdb00d4da0a75e895717,27579a5b-d52e-4b3a-b266-e21f946cedaf
214,6,1.186374306678772,2026-08-19T05:53:09.944994+00:00,8c7e18eba1488dd5a7d4bdb00d4da0a75e895717,27579a5b-d52e-4b3a-b266-e21f946cedaf
214,7,1.1598563194274902,2026-08-19T05:53:09.944994+00:00,8c7e18eba1488dd5a7d4bdb00d4da0a75e895717,27579a5b-d52e-4b3a-b266-e21f946cedaf
214,8,1.2000901699066162,2026-08-19T05:53:09.944994+00:00,8c7e18eba1488dd5a7d4bdb00d4da0a75e895717,27579a5b-d52e-4b3a-b266-e21f946cedaf
215,1,1.2175536155700684,2026-08-19T05:53:09.944994+00:00,8c7e18eba1488dd5a7d4bdb00d4da0a75e895717,27579a5b-d52e-4b3a-b266-e21f946cedaf
215,2,1.1838170289993286,2026-08-19T05:53:09.944994+00:00,8c7e18eba1488dd5a7d4bdb00d4da0a75e895717,27579a5b-d52e-4b3a-b266-e21f946cedaf
215,3,1.2215360403060913,2026-08-19T05:53:09.944994+00:00,8c7e18eba1488dd5a7d4bdb00d4da0a75e895717,27579a5b-d52e-4b3a-b266-e21f946cedaf
215,4,1.3664627075195312,2026-08-19T05:53:09.944994+00:00,8c7e18eba1488dd5a7d4bdb00d4da0a75e895717,27579a5b-d52e-4b3a-b266-e21f946cedaf
215,5,1.239271879196167,2026-08-19T05:53:09.944994+00:00,8c7e18eba1488dd5a7d4bdb00d4da0a75e895717,27579a5b-d52e-4b3a-b266-e21f946cedaf
215,6,1.2377406358718872,2026-08-19T05:53:09.944994+00:00,8c7e18eba1488dd5a7d4bdb00d4da0a75e895717,27579a5b-d52e-4b3a-b266-e21f946cedaf
215,7,1.217878818511963,2026-08-19T05:53:09.944994+00:00,8c7e18eba1488dd5a7d4bdb00d4da0a75e895717,27579a5b-d52e-4b3a-b266-e21f946cedaf
215,8,1.2480138540267944,2026-08-19T05:53:09.944994+00:00,8c7e18eba1488dd5a7d4bdb00d4da0a75e895717,27579a5b-d52e-4b3a-b266-e21f946cedaf
216,1,1.0231937170028687,2026-08-19T05:53:09.944994+00:00,8c7e18eba1488dd5a7d4bdb00d4da0a75e895717,27579a5b-d52e-4b3a-b266-e21f946cedaf
216,2,1.019597053527832,2026-08-19T05:53:09.944994+00:00,8c7e18eba1488dd5a7d4bdb00d4da0a75e895717,27579a5b-d52e-4b3a-b266-e21f946cedaf
216,3,1.0236183404922485,2026-08-19T05:53:09.944994+00:00,8c7e18eba1488dd5a7d4bdb00d4da0a75e895717,27579a5b-d52e-4b3a-b266-e21f946cedaf
216,4,1.0390691757202148,2026-08-19T05:53:09.944994+00:00,8c7e18eba1488dd5a7d4bdb00d4da0a75e895717,27579a5b-d52e-4b3a-b266-e21f946cedaf
216,5,1.025509238243103,2026-08-19T05:53:09.944994+00:00,8c7e18eba1488dd5a7d4bdb00d4da0a75e895717,27579a5b-d52e-4b3a-b266-e21f946cedaf
216,6,1.0253459215164185,2026-08-19T05:53:09.944994+00:00,8c7e18eba1488dd5a7d4bdb00d4da0a75e895717,27579a5b-d52e-4b3a-b266-e21f946cedaf
216,7,1.023228406906128,2026-08-19T05:53:09.944994+00:00,8c7e18eba1488dd5a7d4bdb00d4da0a75e895717,27579a5b-d52e-4b3a-b266-e21f946cedaf
216,8,1.026441216468811,2026-08-19T05:53:09.944994+00:00,8c7e18eba1488dd5a7d4bdb00d4da0a75e895717,27579a5b-d52e-4b3a-b266-e21f946cedaf
217,1,0.0,2026-08-19T05:53:09.944994+00:00,8c7e18eba1488dd5a7d4bdb00d4da0a75e895717,27579a5b-d52e-4b3a-b266-e21f946cedaf
217,2,0.0,2026-08-19T05:53:09.944994+00:00,8c7e18eba1488dd5a7d4bdb00d4da0a75e895717,27579a5b-d52e-4b3a-b266-e21f946cedaf
217,3,0.0,2026-08-19T05:53:09.944994+00:00,8c7e18eba1488dd5a7d4bdb00d4da0a75e895717,27579a5b-d52e-4b3a-b266-e21f946cedaf
217,4,0.0,2026-08-19T05:53:09.944994+00:00,8c7e18eba1488dd5a7d4bdb00d4da0a75e895717,27579a5b-d52e-4b3a-b266-e21f946cedaf
217,5,0.0,2026-08-19T05:53:09.944994+00:00,8c7e18eba1488dd5a7d4bdb00d4da0a75e895717,27579a5b-d52e-4b3a-b266-e21f946cedaf
217,6,0.0,2026-08-19T05:53:09.944994+00:00,8c7e18eba1488dd5a7d4bdb00d4da0a75e895717,27579a5b-d52e-4b3a-b266-e21f946cedaf
217,7,0.0,2026-08-19T05:53:09.944994+00:00,8c7e18eba1488dd5a7d4bdb00d4da0a75e895717,27579a5b-d52e-4b3a-b266-e21f946cedaf
217,8,0.0,2026-08-19T05:53:09.944994+00:00,8c7e18eba1488dd5a7d4bdb00d4da0a75e895717,27579a5b-d52e-4b3a-b266-e21f946cedaf
218,1,0.0,2026-08-19T05:53:09.944994+00:00,8c7e18eba1488dd5a7d4bdb00d4da0a75e895717,27579a5b-d52e-4b3a-b266-e21f946cedaf
218,2,0.0,2026-08-19T05:53:09.944994+00:00,8c7e18eba1488dd5a7d4bdb00d4da0a75e895717,27579a5b-d52e-4b3a-b266-e21f946cedaf
218,3,0.0,2026-08-19T05:53:09.944994+00:00,8c7e18eba1488dd5a7d4bdb00d4da0a75e895717,27579a5b-d52e-4b3a-b266-e21f946cedaf
218,4,0.0,2026-08-19T05:53:09.944994+00:00,8c7e18eba1488dd5a7d4bdb00d4da0a75e895717,27579a5b-d52e-4b3a-b266-e21f946cedaf
218,5,0.0,2026-08-19T05:53:09.944994+00:00,8c7e18eba1488dd5a7d4bdb00d4da0a75e895717,27579a5b-d52e-4b3a-b266-e21f946cedaf
218,6,0.0,2026-08-19T05:53:09.944994+00:00,8c7e18eba1488dd5a7d4bdb00d4da0a75e895717,27579a5b-d52e-4b3a-b266-e21f946cedaf
218,7,0.0,2026-08-19T05:53:09.944994+00:00,8c7e18eba1488dd5a7d4bdb00d4da0a75e895717,27579a5b-d52e-4b3a-b266-e21f946cedaf
218,8,0.0,2026-08-19T05:53:09.944994+00:00,8c7e18eba1488dd5a7d4bdb00d4da0a75e895717,27579a5b-d52e-4b3a-b266-e21f946cedaf
219,1,0.0,2026-08-19T05:53:09.944994+00:00,8c7e18eba1488dd5a7d4bdb00d4da0a75e895717,27579a5b-d52e-4b3a-b266-e21f946cedaf
219,2,0.0,2026-08-19T05:53:09.944994+00:00,8c7e18eba1488dd5a7d4bdb00d4da0a75e895717,27579a5b-d52e-4b3a-b266-e21f946cedaf
219,3,0.0,2026-08-19T05:53:09.944994+00:00,8c7e18eba1488dd5a7d4bdb00d4da0a75e895717,27579a5b-d52e-4b3a-b266-e21f946cedaf
219,4,0.0,2026-08-19T05:53:09.944994+00:00,8c7e18eba1488dd5a7d4bdb00d4da0a75e895717,27579a5b-d52e-4b3a-b266-e21f946cedaf
219,5,0.0,2026-08-19T05:53:09.944994+00:00,8c7e18eba1488dd5a7d4bdb00d4da0a75e895717,27579a5b-d52e-4b3a-b266-e21f946cedaf
219,6,0.0,2026-08-19T05:53:09.944994+00:00,8c7e18eba1488dd5a7d4bdb00d4da0a75e895717,27579a5b-d52e-4b3a-b266-e21f946cedaf
219,7,0.0,2026-08-19T05:53:09.944994+00:00,8c7e18eba1488dd5a7d4bdb00d4da0a75e895717,27579a5b-d52e-4b3a-b266-e21f946cedaf
219,8,0.0,2026-08-19T05:53:09.944994+00:00,8c7e18eba1488dd5a7d4bdb00d4da0a75e895717,27579a5b-d52e-4b3a-b266-e21f946cedaf
220,1,0.0,2026-08-19T05:53:09.944994+00:00,8c7e18eba1488dd5a7d4bdb00d4da0a75e895717,27579a5b-d52e-4b3a-b266-e21f946cedaf
220,2,0.0,2026-08-19T05:53:09.944994+00:00,8c7e18eba1488dd5a7d4bdb00d4da0a75e895717,27579a5b-d52e-4b3a-b266-e21f946cedaf
220,3,0.0,2026-08-19T05:53:09.944994+00:00,8c7e18eba1488dd5a7d4bdb00d4da0a75e895717,27579a5b-d52e-4b3a-b266-e21f946cedaf
220,4,0.0,2026-08-19T05:53:09.944994+00:00,8c7e18eba1488dd5a7d4bdb00d4da0a75e895717,27579a5b-d52e-4b3a-b266-e21f946cedaf
220,5,0.0,2026-08-19T05:53:09.944994+00:00,8c7e18eba1488dd5a7d4bdb00d4da0a75e895717,27579a5b-d52e-4b3a-b266-e21f946cedaf
220,6,0.0,2026-08-19T05:53:09.944994+00:00,8c7e18eba1488dd5a7d4bdb00d4da0a75e895717,27579a5b-d52e-4b3a-b266-e21f946cedaf
220,7,0.0,2026-08-19T05:53:09.944994+00:00,8c7e18eba1488dd5a7d4bdb00d4da0a75e895717,27579a5b-d52e-4b3a-b266-e21f946cedaf
220,8,0.0,2026-08-19T05:53:09.944994+00:00,8c7e18eba1488dd5a7d4bdb00d4da0a75e895717,27579a5b-d52e-4b3a-b266-e21f946cedaf
221,1,0.0,2026-08-19T05:53:09.944994+00:00,8c7e18eba1488dd5a7d4bdb00d4da0a75e895717,27579a5b-d52e-4b3a-b266-e21f946cedaf
221,2,0.0,2026-08-19T05:53:09.944994+00:00,8c7e18eba1488dd5a7d4bdb00d4da0a75e895717,27579a5b-d52e-4b3a-b266-e21f946cedaf
221,3,0.0,2026-08-19T05:53:09.944994+00:00,8c7e18eba1488dd5a7d4bdb00d4da0a75e895717,27579a5b-d52e-4b3a-b266-e21f946cedaf
221,4,0.0,2026-08-19T05:53:09.944994+00:00,8c7e18eba1488dd5a7d4bdb00d4da0a75e895717,27579a5b-d52e-4b3a-b266-e21f946cedaf
221,5,0.0,2026-08-19T05:53:09.944994+00:00,8c7e18eba1488dd5a7d4bdb00d4da0a75e895717,27579a5b-d52e-4b3a-b266-e21f946cedaf
221,6,0.0,2026-08-19T05:53:09.944994+00:00,8c7e18eba1488dd5a7d4bdb00d4da0a75e895717,27579a5b-d52e-4b3a-b266-e21f946cedaf
221,7,0.0,2026-08-19T05:53:09.944994+00:00,8c7e18eba1488dd5a7d4bdb00d4da0a75e895717,27579a5b-d52e-4b3a-b266-e21f946cedaf
221,8,0.0,2026-08-19T05:53:09.944994+00:00,8c7e18eba1488dd5a7d4bdb00d4da0a75e895717,27579a5b-d52e-4b3a-b266-e21f946cedaf
222,1,2.0968470573425293,2026-08-19T05:53:09.944994+00:00,8c7e18eba1488dd5a7d4bdb00d4da0a75e895717,27579a5b-d52e-4b3a-b266-e21f946cedaf
222,2,1.9289731979370117,2026-08-19T05:53:09.944994+00:00,8c7e18eba1488dd5a7d4bdb00d4da0a75e895717,27579a5b-d52e-4b3a-b266-e21f946cedaf
222,3,2.116663932800293,2026-08-19T05:53:09.944994+00:00,8c7e18eba1488dd5a7d4bdb00d4da0a75e895717,27579a5b-d52e-4b3a-b266-e21f946cedaf
222,4,2.837822914123535,2026-08-19T05:53:09.944994+00:00,8c7e18eba1488dd5a7d4bdb00d4da0a75e895717,27579a5b-d52e-4b3a-b266-e21f946cedaf
222,5,2.2049179077148438,2026-08-19T05:53:09.944994+00:00,8c7e18eba1488dd5a7d4bdb00d4da0a75e895717,27579a5b-d52e-4b3a-b266-e21f946cedaf
222,6,2.197298765182495,2026-08-19T05:53:09.944994+00:00,8c7e18eba1488dd5a7d4bdb00d4da0a75e895717,27579a5b-d52e-4b3a-b266-e21f946cedaf
222,7,2.0984649658203125,2026-08-19T05:53:09.944994+00:00,8c7e18eba1488dd5a7d4bdb00d4da0a75e895717,27579a5b-d52e-4b3a-b266-e21f946cedaf
222,8,2.2484183311462402,2026-08-19T05:53:09.944994+00:00,8c7e18eba1488dd5a7d4bdb00d4da0a75e895717,27579a5b-d52e-4b3a-b266-e21f946cedaf
223,1,1.7885833978652954,2026-08-19T05:53:09.944994+00:00,8c7e18eba1488dd5a7d4bdb00d4da0a75e895717,27579a5b-d52e-4b3a-b266-e21f946cedaf
223,2,1.6792057752609253,2026-08-19T05:53:09.944994+00:00,8c7e18eba1488dd5a7d4bdb00d4da0a75e895717,27579a5b-d52e-4b3a-b266-e21f946cedaf
223,3,1.8014951944351196,2026-08-19T05:53:09.944994+00:00,8c7e18eba1488dd5a7d4bdb00d4da0a75e895717,27579a5b-d52e-4b3a-b266-e21f946cedaf
223,4,2.271365165710449,2026-08-19T05:53:09.944994+00:00,8c7e18eba1488dd5a7d4bdb00d4da0a75e895717,27579a5b-d52e-4b3a-b266-e21f946cedaf
223,5,1.8589969873428345,2026-08-19T05:53:09.944994+00:00,8c7e18eba1488dd5a7d4bdb00d4da0a75e895717,27579a5b-d52e-4b3a-b266-e21f946cedaf
223,6,1.8540326356887817,2026-08-19T05:53:09.944994+00:00,8c7e18eba1488dd5a7d4bdb00d4da0a75e895717,27579a5b-d52e-4b3a-b266-e21f946cedaf
223,7,1.789637804031372,2026-08-19T05:53:09.944994+00:00,8c7e18eba1488dd5a7d4bdb00d4da0a75e895717,27579a5b-d52e-4b3a-b266-e21f946cedaf
223,8,1.8873393535614014,2026-08-19T05:53:09.944994+00:00,8c7e18eba1488dd5a7d4bdb00d4da0a75e895717,27579a5b-d52e-4b3a-b266-e21f946cedaf
224,1,1.5451936721801758,2026-08-19T05:53:09.944994+00:00,8c7e18eba1488dd5a7d4bdb00d4da0a75e895717,27579a5b-d52e-4b3a-b266-e21f946cedaf
224,2,1.4471251964569092,2026-08-19T05:53:09.944994+00:00,8c7e18eba1488dd5a7d4bdb00d4da0a75e895717,27579a5b-d52e-4b3a-b266-e21f946cedaf
224,3,1.5567705631256104,2026-08-19T05:53:09.944994+00:00,8c7e18eba1488dd5a7d4bdb00d4da0a75e895717,27579a5b-d52e-4b3a-b266-e21f946cedaf
224,4,1.9780573844909668,2026-08-19T05:53:09.944994+00:00,8c7e18eba1488dd5a7d4bdb00d4da0a75e895717,27579a5b-d52e-4b3a-b266-e21f946cedaf
224,5,1.6083266735076904,2026-08-19T05:53:09.944994+00:00,8c7e18eba1488dd5a7d4bdb00d4da0a75e895717,27579a5b-d52e-4b3a-b266-e21f946cedaf
224,6,1.6038756370544434,2026-08-19T05:53:09.944994+00:00,8c7e18eba1488dd5a7d4bdb00d4da0a75e895717,27579a5b-d52e-4b3a-b266-e21f946cedaf
224,7,1.5461390018463135,2026-08-19T05:53:09.944994+00:00,8c7e18eba1488dd5a7d4bdb00d4da0a75e895717,27579a5b-d52e-4b3a-b266-e21f946cedaf
224,8,1.6337385177612305,2026-08-19T05:53:09.944994+00:00,8c7e18eba1488dd5a7d4bdb00d4da0a75e895717,27579a5b-d52e-4b3a-b266-e21f946cedaf
225,1,0.0,2026-08-19T05:53:09.944994+00:00,8c7e18eba1488dd5a7d4bdb00d4da0a75e895717,27579a5b-d52e-4b3a-b266-e21f946cedaf
225,2,0.0,2026-08-19T05:53:09.944994+00:00,8c7e18eba1488dd5a7d4bdb00d4da0a75e895717,27579a5b-d52e-4b3a-b266-e21f946cedaf
225,3,0.0,2026-08-19T05:53:09.944994+00:00,8c7e18eba1488dd5a7d4bdb00d4da0a75e895717,27579a5b-d52e-4b3a-b266-e21f946cedaf
225,4,0.0,2026-08-19T05:53:09.944994+00:00,8c7e18eba1488dd5a7d4bdb00d4da0a75e895717,27579a5b-d52e-4b3a-b266-e21f946cedaf
225,5,0.0,2026-08-19T05:53:09.944994+00:00,8c7e18eba1488dd5a7d4bdb00d4da0a75e895717,27579a5b-d52e-4b3a-b266-e21f946cedaf
225,6,0.0,2026-08-19T05:53:09.944994+00:00,8c7e18eba1488dd5a7d4bdb00d4da0a75e895717,27579a5b-d52e-4b3a-b266-e21f946cedaf
225,7,0.0,2026-08-19T05:53:09.944994+00:00,8c7e18eba1488dd5a7d4bdb00d4da0a75e895717,27579a5b-d52e-4b3a-b266-e21f946cedaf
225,8,0.0,2026-08-19T05:53:09.944994+00:00,8c7e18eba1488dd5a7d4bdb00d4da0a75e895717,27579a5b-d52e-4b3a-b266-e21f946cedaf
226,1,3.8397560119628906,2026-08-19T05:53:09.944994+00:00,8c7e18eba1488dd5a7d4bdb00d4da0a75e895717,27579a5b-d52e-4b3a-b266-e21f946cedaf
226,2,3.4727535247802734,2026-08-19T05:53:09.944994+00:00,8c7e18eba1488dd5a7d4bdb00d4da0a75e895717,27579a5b-d52e-4b3a-b266-e21f946cedaf
226,3,3.4671149253845215,2026-08-19T05:53:09.944994+00:00,8c7e18eba1488dd5a7d4bdb00d4da0a75e895717,27579a5b-d52e-4b3a-b266-e21f946cedaf
226,4,3.4643726348876953,2026-08-19T05:53:09.944994+00:00,8c7e18eba1488dd5a7d4bdb00d4da0a75e895717,27579a5b-d52e-4b3a-b266-e21f946cedaf
226,5,4.596196174621582,2026-08-19T05:53:09.944994+00:00,8c7e18eba1488dd5a7d4bdb00d4da0a75e895717,27579a5b-d52e-4b3a-b266-e21f946cedaf
226,6,3.796165943145752,2026-08-19T05:53:09.944994+00:00,8c7e18eba1488dd5a7d4bdb00d4da0a75e895717,27579a5b-d52e-4b3a-b266-e21f946cedaf
226,7,3.4141292572021484,2026-08-19T05:53:09.944994+00:00,8c7e18eba1488dd5a7d4bdb00d4da0a75e895717,27579a5b-d52e-4b3a-b266-e21f946cedaf
226,8,2.799666404724121,2026-08-19T05:53:09.944994+00:00,8c7e18eba1488dd5a7d4bdb00d4da0a75e895717,27579a5b-d52e-4b3a-b266-e21f946cedaf
227,1,0.0,2026-08-19T05:53:09.944994+00:00,8c7e18eba1488dd5a7d4bdb00d4da0a75e895717,27579a5b-d52e-4b3a-b266-e21f946cedaf
227,2,0.0,2026-08-19T05:53:09.944994+00:00,8c7e18eba1488dd5a7d4bdb00d4da0a75e895717,27579a5b-d52e-4b3a-b266-e21f946cedaf
227,3,0.0,2026-08-19T05:53:09.944994+00:00,8c7e18eba1488dd5a7d4bdb00d4da0a75e895717,27579a5b-d52e-4b3a-b266-e21f946cedaf
227,4,0.0,2026-08-19T05:53:09.944994+00:00,8c7e18eba1488dd5a7d4bdb00d4da0a75e895717,27579a5b-d52e-4b3a-b266-e21f946cedaf
227,5,0.0,2026-08-19T05:53:09.944994+00:00,8c7e18eba1488dd5a7d4bdb00d4da0a75e895717,27579a5b-d52e-4b3a-b266-e21f946cedaf
227,6,0.0,2026-08-19T05:53:09.944994+00:00,8c7e18eba1488dd5a7d4bdb00d4da0a75e895717,27579a5b-d52e-4b3a-b266-e21f946cedaf
227,7,0.0,2026-08-19T05:53:09.944994+00:00,8c7e18eba1488dd5a7d4bdb00d4da0a75e895717,27579a5b-d52e-4b3a-b266-e21f946cedaf
227,8,0.0,2026-08-19T05:53:09.944994+00:00,8c7e18eba1488dd5a7d4bdb00d4da0a75e895717,27579a5b-d52e-4b3a-b266-e21f946cedaf
228,1,0.0,2026-08-19T05:53:09.944994+00:00,8c7e18eba1488dd5a7d4bdb00d4da0a75e895717,27579a5b-d52e-4b3a-b266-e21f946cedaf
228,2,0.0,2026-08-19T05:53:09.944994+00:00,8c7e18eba1488dd5a7d4bdb00d4da0a75e895717,27579a5b-d52e-4b3a-b266-e21f946cedaf
228,3,0.0,2026-08-19T05:53:09.944994+00:00,8c7e18eba1488dd5a7d4bdb00d4da0a75e895717,27579a5b-d52e-4b3a-b266-e21f946cedaf
228,4,0.0,2026-08-19T05:53:09.944994+00:00,8c7e18eba1488dd5a7d4bdb00d4da0a75e895717,27579a5b-d52e-4b3a-b266-e21f946cedaf
228,5,0.0,2026-08-19T05:53:09.944994+00:00,8c7e18eba1488dd5a7d4bdb00d4da0a75e895717,27579a5b-d52e-4b3a-b266-e21f946cedaf
228,6,0.0,2026-08-19T05:53:09.944994+00:00,8c7e18eba1488dd5a7d4bdb00d4da0a75e895717,27579a5b-d52e-4b3a-b266-e21f946cedaf
228,7,0.0,2026-08-19T05:53:09.944994+00:00,8c7e18eba1488dd5a7d4bdb00d4da0a75e895717,27579a5b-d52e-4b3a-b266-e21f946cedaf
228,8,0.0,2026-08-19T05:53:09.944994+00:00,8c7e18eba1488dd5a7d4bdb00d4da0a75e895717,27579a5b-d52e-4b3a-b266-e21f946cedaf
229,1,4.419328212738037,2026-08-19T05:53:09.944994+00:00,8c7e18eba1488dd5a7d4bdb00d4da0a75e895717,27579a5b-d52e-4b3a-b266-e21f946cedaf
229,2,4.003212928771973,2026-08-19T05:53:09.944994+00:00,8c7e18eba1488dd5a7d4bdb00d4da0a75e895717,27579a5b-d52e-4b3a-b266-e21f946cedaf
229,3,4.043606758117676,2026-08-19T05:53:09.944994+00:00,8c7e18eba1488dd5a7d4bdb00d4da0a75e895717,27579a5b-d52e-4b3a-b266-e21f946cedaf
229,4,4.0156707763671875,2026-08-19T05:53:09.944994+00:00,8c7e18eba1488dd5a7d4bdb00d4da0a75e895717,27579a5b-d52e-4b3a-b266-e21f946cedaf
229,5,5.338074207305908,2026-08-19T05:53:09.944994+00:00,8c7e18eba1488dd5a7d4bdb00d4da0a75e895717,27579a5b-d52e-4b3a-b266-e21f946cedaf
229,6,4.402774333953857,2026-08-19T05:53:09.944994+00:00,8c7e18eba1488dd5a7d4bdb00d4da0a75e895717,27579a5b-d52e-4b3a-b266-e21f946cedaf
229,7,3.9933981895446777,2026-08-19T05:53:09.944994+00:00,8c7e18eba1488dd5a7d4bdb00d4da0a75e895717,27579a5b-d52e-4b3a-b266-e21f946cedaf
229,8,3.2399024963378906,2026-08-19T05:53:09.944994+00:00,8c7e18eba1488dd5a7d4bdb00d4da0a75e895717,27579a5b-d52e-4b3a-b266-e21f946cedaf
230,1,4.033114910125732,2026-08-19T05:53:09.944994+00:00,8c7e18eba1488dd5a7d4bdb00d4da0a75e895717,27579a5b-d52e-4b3a-b266-e21f946cedaf
230,2,3.645904541015625,2026-08-19T05:53:09.944994+00:00,8c7e18eba1488dd5a7d4bdb00d4da0a75e895717,27579a5b-d52e-4b3a-b266-e21f946cedaf
230,3,3.6808953285217285,2026-08-19T05:53:09.944994+00:00,8c7e18eba1488dd5a7d4bdb00d4da0a75e895717,27579a5b-d52e-4b3a-b266-e21f946cedaf
230,4,3.6564583778381348,2026-08-19T05:53:09.944994+00:00,8c7e18eba1488dd5a7d4bdb00d4da0a75e895717,27579a5b-d52e-4b3a-b266-e21f946cedaf
230,5,4.896800994873047,2026-08-19T05:53:09.944994+00:00,8c7e18eba1488dd5a7d4bdb00d4da0a75e895717,27579a5b-d52e-4b3a-b266-e21f946cedaf
230,6,4.016423225402832,2026-08-19T05:53:09.944994+00:00,8c7e18eba1488dd5a7d4bdb00d4da0a75e895717,27579a5b-d52e-4b3a-b266-e21f946cedaf
230,7,3.6341257095336914,2026-08-19T05:53:09.944994+00:00,8c7e18eba1488dd5a7d4bdb00d4da0a75e895717,27579a5b-d52e-4b3a-b266-e21f946cedaf
230,8,2.9481701850891113,2026-08-19T05:53:09.944994+00:00,8c7e18eba1488dd5a7d4bdb00d4da0a75e895717,27579a5b-d52e-4b3a-b266-e21f946cedaf
231,1,4.604886531829834,2026-08-19T05:53:09.944994+00:00,8c7e18eba1488dd5a7d4bdb00d4da0a75e895717,27579a5b-d52e-4b3a-b266-e21f946cedaf
231,2,4.177046775817871,2026-08-19T05:53:09.944994+00:00,8c7e18eba1488dd5a7d4bdb00d4da0a75e895717,27579a5b-d52e-4b3a-b266-e21f946cedaf
231,3,4.24243688583374,2026-08-19T05:53:09.944994+00:00,8c7e18eba1488dd5a7d4bdb00d4da0a75e895717,27579a5b-d52e-4b3a-b266-e21f946cedaf
231,4,4.201170444488525,2026-08-19T05:53:09.944994+00:00,8c7e18eba1488dd5a7d4bdb00d4da0a75e895717,27579a5b-d52e-4b3a-b266-e21f946cedaf
231,5,5.588512897491455,2026-08-19T05:53:09.944994+00:00,8c7e18eba1488dd5a7d4bdb00d4da0a75e895717,27579a5b-d52e-4b3a-b266-e21f946cedaf
231,6,4.604974269866943,2026-08-19T05:53:09.944994+00:00,8c7e18eba1488dd5a7d4bdb00d4da0a75e895717,27579a5b-d52e-4b3a-b266-e21f946cedaf
231,7,4.196167469024658,2026-08-19T05:53:09.944994+00:00,8c7e18eba1488dd5a7d4bdb00d4da0a75e895717,27579a5b-d52e-4b3a-b266-e21f946cedaf
231,8,3.4002528190612793,2026-08-19T05:53:09.944994+00:00,8c7e18eba1488dd5a7d4bdb00d4da0a75e895717,27579a5b-d52e-4b3a-b266-e21f946cedaf
232,1,3.6523892879486084,2026-08-19T05:53:09.944994+00:00,8c7e18eba1488dd5a7d4bdb00d4da0a75e895717,27579a5b-d52e-4b3a-b266-e21f946cedaf
232,2,3.2236592769622803,2026-08-19T05:53:09.944994+00:00,8c7e18eba1488dd5a7d4bdb00d4da0a75e895717,27579a5b-d52e-4b3a-b266-e21f946cedaf
232,3,3.270679235458374,2026-08-19T05:53:09.944994+00:00,8c7e18eba1488dd5a7d4bdb00d4da0a75e895717,27579a5b-d52e-4b3a-b266-e21f946cedaf
232,4,3.2389867305755615,2026-08-19T05:53:09.944994+00:00,8c7e18eba1488dd5a7d4bdb00d4da0a75e895717,27579a5b-d52e-4b3a-b266-e21f946cedaf
232,5,4.603127956390381,2026-08-19T05:53:09.944994+00:00,8c7e18eba1488dd5a7d4bdb00d4da0a75e895717,27579a5b-d52e-4b3a-b266-e21f946cedaf
232,6,3.6389992237091064,2026-08-19T05:53:09.944994+00:00,8c7e18eba1488dd5a7d4bdb00d4da0a75e895717,27579a5b-d52e-4b3a-b266-e21f946cedaf
232,7,3.21996808052063,2026-08-19T05:53:09.944994+00:00,8c7e18eba1488dd5a7d4bdb00d4da0a75e895717,27579a5b-d52e-4b3a-b266-e21f946cedaf
232,8,2.4341838359832764,2026-08-19T05:53:09.944994+00:00,8c7e18eba1488dd5a7d4bdb00d4da0a75e895717,27579a5b-d52e-4b3a-b266-e21f946cedaf
233,1,3.7946760654449463,2026-08-19T05:53:09.944994+00:00,8c7e18eba1488dd5a7d4bdb00d4da0a75e895717,27579a5b-d52e-4b3a-b266-e21f946cedaf
233,2,3.373098134994507,2026-08-19T05:53:09.944994+00:00,8c7e18eba1488dd5a7d4bdb00d4da0a75e895717,27579a5b-d52e-4b3a-b266-e21f946cedaf
233,3,3.409180164337158,2026-08-19T05:53:09.944994+00:00,8c7e18eba1488dd5a7d4bdb00d4da0a75e895717,27579a5b-d52e-4b3a-b266-e21f946cedaf
233,4,3.383368730545044,2026-08-19T05:53:09.944994+00:00,8c7e18eba1488dd5a7d4bdb00d4da0a75e895717,27579a5b-d52e-4b3a-b266-e21f946cedaf
233,5,4.713877201080322,2026-08-19T05:53:09.944994+00:00,8c7e18eba1488dd5a7d4bdb00d4da0a75e895717,27579a5b-d52e-4b3a-b266-e21f946cedaf
233,6,3.7742693424224854,2026-08-19T05:53:09.944994+00:00,8c7e18eba1488dd5a7d4bdb00d4da0a75e895717,27579a5b-d52e-4b3a-b266-e21f946cedaf
233,7,3.35707426071167,2026-08-19T05:53:09.944994+00:00,8c7e18eba1488dd5a7d4bdb00d4da0a75e895717,27579a5b-d52e-4b3a-b266-e21f946cedaf
233,8,2.594327449798584,2026-08-19T05:53:09.944994+00:00,8c7e18eba1488dd5a7d4bdb00d4da0a75e895717,27579a5b-d52e-4b3a-b266-e21f946cedaf
234,1,1.0001356601715088,2026-08-19T05:53:09.944994+00:00,8c7e18eba1488dd5a7d4bdb00d4da0a75e895717,27579a5b-d52e-4b3a-b266-e21f946cedaf
234,2,0.9999295473098755,2026-08-19T05:53:09.944994+00:00,8c7e18eba1488dd5a7d4bdb00d4da0a75e895717,27579a5b-d52e-4b3a-b266-e21f946cedaf
234,3,0.9999927878379822,2026-08-19T05:53:09.944994+00:00,8c7e18eba1488dd5a7d4bdb00d4da0a75e895717,27579a5b-d52e-4b3a-b266-e21f946cedaf
234,4,0.999954879283905,2026-08-19T05:53:09.944994+00:00,8c7e18eba1488dd5a7d4bdb00d4da0a75e895717,27579a5b-d52e-4b3a-b266-e21f946cedaf
234,5,1.0005747079849243,2026-08-19T05:53:09.944994+00:00,8c7e18eba1488dd5a7d4bdb00d4da0a75e895717,27579a5b-d52e-4b3a-b266-e21f946cedaf
234,6,1.0001546144485474,2026-08-19T05:53:09.944994+00:00,8c7e18eba1488dd5a7d4bdb00d4da0a75e895717,27579a5b-d52e-4b3a-b266-e21f946cedaf
234,7,0.9999741315841675,2026-08-19T05:53:09.944994+00:00,8c7e18eba1488dd5a7d4bdb00d4da0a75e895717,27579a5b-d52e-4b3a-b266-e21f946cedaf
234,8,0.9994759559631348,2026-08-19T05:53:09.944994+00:00,8c7e18eba1488dd5a7d4bdb00d4da0a75e895717,27579a5b-d52e-4b3a-b266-e21f946cedaf
235,1,0.0,2026-08-19T05:53:09.944994+00:00,8c7e18eba1488dd5a7d4bdb00d4da0a75e895717,27579a5b-d52e-4b3a-b266-e21f946cedaf
235,2,0.0,2026-08-19T05:53:09.944994+00:00,8c7e18eba1488dd5a7d4bdb00d4da0a75e895717,27579a5b-d52e-4b3a-b266-e21f946cedaf
235,3,0.0,2026-08-19T05:53:09.944994+00:00,8c7e18eba1488dd5a7d4bdb00d4da0a75e895717,27579a5b-d52e-4b3a-b266-e21f946cedaf
235,4,0.0,2026-08-19T05:53:09.944994+00:00,8c7e18eba1488dd5a7d4bdb00d4da0a75e895717,27579a5b-d52e-4b3a-b266-e21f946cedaf
235,5,0.0,2026-08-19T05:53:09.944994+00:00,8c7e18eba1488dd5a7d4bdb00d4da0a75e895717,27579a5b-d52e-4b3a-b266-e21f946cedaf
235,6,0.0,2026-08-19T05:53:09.944994+00:00,8c7e18eba1488dd5a7d4bdb00d4da0a75e895717,27579a5b-d52e-4b3a-b266-e21f946cedaf
235,7,0.0,2026-08-19T05:53:09.944994+00:00,8c7e18eba1488dd5a7d4bdb00d4da0a75e895717,27579a5b-d52e-4b3a-b266-e21f946cedaf
235,8,0.0,2026-08-19T05:53:09.944994+00:00,8c7e18eba1488dd5a7d4bdb00d4da0a75e895717,27579a5b-d52e-4b3a-b266-e21f946cedaf
236,1,4.574914932250977,2026-08-19T05:53:09.944994+00:00,8c7e18eba1488dd5a7d4bdb00d4da0a75e895717,27579a5b-d52e-4b3a-b266-e21f946cedaf
236,2,4.2709479331970215,2026-08-19T05:53:09.944994+00:00,8c7e18eba1488dd5a7d4bdb00d4da0a75e895717,27579a5b-d52e-4b3a-b266-e21f946cedaf
236,3,4.452989101409912,2026-08-19T05:53:09.944994+00:00,8c7e18eba1488dd5a7d4bdb00d4da0a75e895717,27579a5b-d52e-4b3a-b266-e21f946cedaf
236,4,4.3515143394470215,2026-08-19T05:53:09.944994+00:00,8c7e18eba1488dd5a7d4bdb00d4da0a75e895717,27579a5b-d52e-4b3a-b266-e21f946cedaf
236,5,5.436512470245361,2026-08-19T05:53:09.944994+00:00,8c7e18eba1488dd5a7d4bdb00d4da0a75e895717,27579a5b-d52e-4b3a-b266-e21f946cedaf
236,6,4.669600009918213,2026-08-19T05:53:09.944994+00:00,8c7e18eba1488dd5a7d4bdb00d4da0a75e895717,27579a5b-d52e-4b3a-b266-e21f946cedaf
236,7,4.448126792907715,2026-08-19T05:53:09.944994+00:00,8c7e18eba1488dd5a7d4bdb00d4da0a75e895717,27579a5b-d52e-4b3a-b266-e21f946cedaf
236,8,3.703930139541626,2026-08-19T05:53:09.944994+00:00,8c7e18eba1488dd5a7d4bdb00d4da0a75e895717,27579a5b-d52e-4b3a-b266-e21f946cedaf
237,1,4.44732141494751,2026-08-19T05:53:09.944994+00:00,8c7e18eba1488dd5a7d4bdb00d4da0a75e895717,27579a5b-d52e-4b3a-b266-e21f946cedaf
237,2,4.1594557762146,2026-08-19T05:53:09.944994+00:00,8c7e18eba1488dd5a7d4bdb00d4da0a75e895717,27579a5b-d52e-4b3a-b266-e21f946cedaf
237,3,4.329188346862793,2026-08-19T05:53:09.944994+00:00,8c7e18eba1488dd5a7d4bdb00d4da0a75e895717,27579a5b-d52e-4b3a-b266-e21f946cedaf
237,4,4.2345194816589355,2026-08-19T05:53:09.944994+00:00,8c7e18eba1488dd5a7d4bdb00d4da0a75e895717,27579a5b-d52e-4b3a-b266-e21f946cedaf
237,5,5.260900020599365,2026-08-19T05:53:09.944994+00:00,8c7e18eba1488dd5a7d4bdb00d4da0a75e895717,27579a5b-d52e-4b3a-b266-e21f946cedaf
237,6,4.5351667404174805,2026-08-19T05:53:09.944994+00:00,8c7e18eba1488dd5a7d4bdb00d4da0a75e895717,27579a5b-d52e-4b3a-b266-e21f946cedaf
237,7,4.324066162109375,2026-08-19T05:53:09.944994+00:00,8c7e18eba1488dd5a7d4bdb00d4da0a75e895717,27579a5b-d52e-4b3a-b266-e21f946cedaf
237,8,3.62361741065979,2026-08-19T05:53:09.944994+00:00,8c7e18eba1488dd5a7d4bdb00d4da0a75e895717,27579a5b-d52e-4b3a-b266-e21f946cedaf
238,1,0.0,2026-08-19T05:53:09.944994+00:00,8c7e18eba1488dd5a7d4bdb00d4da0a75e895717,27579a5b-d52e-4b3a-b266-e21f946cedaf
238,2,0.0,2026-08-19T05:53:09.944994+00:00,8c7e18eba1488dd5a7d4bdb00d4da0a75e895717,27579a5b-d52e-4b3a-b266-e21f946cedaf
238,3,0.0,2026-08-19T05:53:09.944994+00:00,8c7e18eba1488dd5a7d4bdb00d4da0a75e895717,27579a5b-d52e-4b3a-b266-e21f946cedaf
238,4,0.0,2026-08-19T05:53:09.944994+00:00,8c7e18eba1488dd5a7d4bdb00d4da0a75e895717,27579a5b-d52e-4b3a-b266-e21f946cedaf
238,5,0.0,2026-08-19T05:53:09.944994+00:00,8c7e18eba1488dd5a7d4bdb00d4da0a75e895717,27579a5b-d52e-4b3a-b266-e21f946cedaf
238,6,0.0,2026-08-19T05:53:09.944994+00:00,8c7e18eba1488dd5a7d4bdb00d4da0a75e895717,27579a5b-d52e-4b3a-b266-e21f946cedaf
238,7,0.0,2026-08-19T05:53:09.944994+00:00,8c7e18eba1488dd5a7d4bdb00d4da0a75e895717,27579a5b-d52e-4b3a-b266-e21f946cedaf
238,8,0.0,2026-08-19T05:53:09.944994+00:00,8c7e18eba1488dd5a7d4bdb00d4da0a75e895717,27579a5b-d52e-4b3a-b266-e21f946cedaf
239,1,0.0,2026-08-19T05:53:09.944994+00:00,8c7e18eba1488dd5a7d4bdb00d4da0a75e895717,27579a5b-d52e-4b3a-b266-e21f946cedaf
239,2,0.0,2026-08-19T05:53:09.944994+00:00,8c7e18eba1488dd5a7d4bdb00d4da0a75e895717,27579a5b-d52e-4b3a-b266-e21f946cedaf
239,3,0.0,2026-08-19T05:53:09.944994+00:00,8c7e18eba1488dd5a7d4bdb00d4da0a75e895717,27579a5b-d52e-4b3a-b266-e21f946cedaf
239,4,0.0,2026-08-19T05:53:09.944994+00:00,8c7e18eba1488dd5a7d4bdb00d4da0a75e895717,27579a5b-d52e-4b3a-b266-e21f946cedaf
239,5,0.0,2026-08-19T05:53:09.944994+00:00,8c7e18eba1488dd5a7d4bdb00d4da0a75e895717,27579a5b-d52e-4b3a-b266-e21f946cedaf
239,6,0.0,2026-08-19T05:53:09.944994+00:00,8c7e18eba1488dd5a7d4bdb00d4da0a75e895717,27579a5b-d52e-4b3a-b266-e21f946cedaf
239,7,0.0,2026-08-19T05:53:09.944994+00:00,8c7e18eba1488dd5a7d4bdb00d4da0a75e895717,27579a5b-d52e-4b3a-b266-e21f946cedaf
239,8,0.0,2026-08-19T05:53:09.944994+00:00,8c7e18eba1488dd5a7d4bdb00d4da0a75e895717,27579a5b-d52e-4b3a-b266-e21f946cedaf
240,1,0.0,2026-08-19T05:53:09.944994+00:00,8c7e18eba1488dd5a7d4bdb00d4da0a75e895717,27579a5b-d52e-4b3a-b266-e21f946cedaf
240,2,0.0,2026-08-19T05:53:09.944994+00:00,8c7e18eba1488dd5a7d4bdb00d4da0a75e895717,27579a5b-d52e-4b3a-b266-e21f946cedaf
240,3,0.0,2026-08-19T05:53:09.944994+00:00,8c7e18eba1488dd5a7d4bdb00d4da0a75e895717,27579a5b-d52e-4b3a-b266-e21f946cedaf
240,4,0.0,2026-08-19T05:53:09.944994+00:00,8c7e18eba1488dd5a7d4bdb00d4da0a75e895717,27579a5b-d52e-4b3a-b266-e21f946cedaf
240,5,0.0,2026-08-19T05:53:09.944994+00:00,8c7e18eba1488dd5a7d4bdb00d4da0a75e895717,27579a5b-d52e-4b3a-b266-e21f946cedaf
240,6,0.0,2026-08-19T05:53:09.944994+00:00,8c7e18eba1488dd5a7d4bdb00d4da0a75e895717,27579a5b-d52e-4b3a-b266-e21f946cedaf
240,7,0.0,2026-08-19T05:53:09.944994+00:00,8c7e18eba1488dd5a7d4bdb00d4da0a75e895717,27579a5b-d52e-4b3a-b266-e21f946cedaf
240,8,0.0,2026-08-19T05:53:09.944994+00:00,8c7e18eba1488dd5a7d4bdb00d4da0a75e895717,27579a5b-d52e-4b3a-b266-e21f946cedaf
241,1,0.0,2026-08-19T05:53:09.944994+00:00,8c7e18eba1488dd5a7d4bdb00d4da0a75e895717,27579a5b-d52e-4b3a-b266-e21f946cedaf
241,2,0.0,2026-08-19T05:53:09.944994+00:00,8c7e18eba1488dd5a7d4bdb00d4da0a75e895717,27579a5b-d52e-4b3a-b266-e21f946cedaf
241,3,0.0,2026-08-19T05:53:09.944994+00:00,8c7e18eba1488dd5a7d4bdb00d4da0a75e895717,27579a5b-d52e-4b3a-b266-e21f946cedaf
241,4,0.0,2026-08-19T05:53:09.944994+00:00,8c7e18eba1488dd5a7d4bdb00d4da0a75e895717,27579a5b-d52e-4b3a-b266-e21f946cedaf
241,5,0.0,2026-08-19T05:53:09.944994+00:00,8c7e18eba1488dd5a7d4bdb00d4da0a75e895717,27579a5b-d52e-4b3a-b266-e21f946cedaf
241,6,0.0,2026-08-19T05:53:09.944994+00:00,8c7e18eba1488dd5a7d4bdb00d4da0a75e895717,27579a5b-d52e-4b3a-b266-e21f946cedaf
241,7,0.0,2026-08-19T05:53:09.944994+00:00,8c7e18eba1488dd5a7d4bdb00d4da0a75e895717,27579a5b-d52e-4b3a-b266-e21f946cedaf
241,8,0.0,2026-08-19T05:53:09.944994+00:00,8c7e18eba1488dd5a7d4bdb00d4da0a75e895717,27579a5b-d52e-4b3a-b266-e21f946cedaf
242,1,1.1417508125305176,2026-08-19T05:53:09.944994+00:00,8c7e18eba1488dd5a7d4bdb00d4da0a75e895717,27579a5b-d52e-4b3a-b266-e21f946cedaf
242,2,1.1190675497055054,2026-08-19T05:53:09.944994+00:00,8c7e18eba1488dd5a7d4bdb00d4da0a75e895717,27579a5b-d52e-4b3a-b266-e21f946cedaf
242,3,1.1364079713821411,2026-08-19T05:53:09.944994+00:00,8c7e18eba1488dd5a7d4bdb00d4da0a75e895717,27579a5b-d52e-4b3a-b266-e21f946cedaf
242,4,1.1268194913864136,2026-08-19T05:53:09.944994+00:00,8c7e18eba1488dd5a7d4bdb00d4da0a75e895717,27579a5b-d52e-4b3a-b266-e21f946cedaf
242,5,1.209399938583374,2026-08-19T05:53:09.944994+00:00,8c7e18eba1488dd5a7d4bdb00d4da0a75e895717,27579a5b-d52e-4b3a-b266-e21f946cedaf
242,6,1.1513866186141968,2026-08-19T05:53:09.944994+00:00,8c7e18eba1488dd5a7d4bdb00d4da0a75e895717,27579a5b-d52e-4b3a-b266-e21f946cedaf
242,7,1.1367735862731934,2026-08-19T05:53:09.944994+00:00,8c7e18eba1488dd5a7d4bdb00d4da0a75e895717,27579a5b-d52e-4b3a-b266-e21f946cedaf
242,8,1.0751417875289917,2026-08-19T05:53:09.944994+00:00,8c7e18eba1488dd5a7d4bdb00d4da0a75e895717,27579a5b-d52e-4b3a-b266-e21f946cedaf
243,1,1.017552137374878,2026-08-19T05:53:09.944994+00:00,8c7e18eba1488dd5a7d4bdb00d4da0a75e895717,27579a5b-d52e-4b3a-b266-e21f946cedaf
243,2,1.0147433280944824,2026-08-19T05:53:09.944994+00:00,8c7e18eba1488dd5a7d4bdb00d4da0a75e895717,27579a5b-d52e-4b3a-b266-e21f946cedaf
243,3,1.016890525817871,2026-08-19T05:53:09.944994+00:00,8c7e18eba1488dd5a7d4bdb00d4da0a75e895717,27579a5b-d52e-4b3a-b266-e21f946cedaf
243,4,1.0157032012939453,2026-08-19T05:53:09.944994+00:00,8c7e18eba1488dd5a7d4bdb00d4da0a75e895717,27579a5b-d52e-4b3a-b266-e21f946cedaf
243,5,1.0259286165237427,2026-08-19T05:53:09.944994+00:00,8c7e18eba1488dd5a7d4bdb00d4da0a75e895717,27579a5b-d52e-4b3a-b266-e21f946cedaf
243,6,1.0187451839447021,2026-08-19T05:53:09.944994+00:00,8c7e18eba1488dd5a7d4bdb00d4da0a75e895717,27579a5b-d52e-4b3a-b266-e21f946cedaf
243,7,1.0169358253479004,2026-08-19T05:53:09.944994+00:00,8c7e18eba1488dd5a7d4bdb00d4da0a75e895717,27579a5b-d52e-4b3a-b266-e21f946cedaf
243,8,1.0093042850494385,2026-08-19T05:53:09.944994+00:00,8c7e18eba1488dd5a7d4bdb00d4da0a75e895717,27579a5b-d52e-4b3a-b266-e21f946cedaf
244,1,1.0339370965957642,2026-08-19T05:53:09.944994+00:00,8c7e18eba1488dd5a7d4bdb00d4da0a75e895717,27579a5b-d52e-4b3a-b266-e21f946cedaf
244,2,1.0285063982009888,2026-08-19T05:53:09.944994+00:00,8c7e18eba1488dd5a7d4bdb00d4da0a75e895717,27579a5b-d52e-4b3a-b266-e21f946cedaf
244,3,1.0326579809188843,2026-08-19T05:53:09.944994+00:00,8c7e18eba1488dd5a7d4bdb00d4da0a75e895717,27579a5b-d52e-4b3a-b266-e21f946cedaf
244,4,1.0303623676300049,2026-08-19T05:53:09.944994+00:00,8c7e18eba1488dd5a7d4bdb00d4da0a75e895717,27579a5b-d52e-4b3a-b266-e21f946cedaf
244,5,1.050133228302002,2026-08-19T05:53:09.944994+00:00,8c7e18eba1488dd5a7d4bdb00d4da0a75e895717,27579a5b-d52e-4b3a-b266-e21f946cedaf
244,6,1.0362440347671509,2026-08-19T05:53:09.944994+00:00,8c7e18eba1488dd5a7d4bdb00d4da0a75e895717,27579a5b-d52e-4b3a-b266-e21f946cedaf
244,7,1.0327454805374146,2026-08-19T05:53:09.944994+00:00,8c7e18eba1488dd5a7d4bdb00d4da0a75e895717,27579a5b-d52e-4b3a-b266-e21f946cedaf
244,8,1.017989993095398,2026-08-19T05:53:09.944994+00:00,8c7e18eba1488dd5a7d4bdb00d4da0a75e895717,27579a5b-d52e-4b3a-b266-e21f946cedaf
245,1,1.0012630224227905,2026-08-19T05:53:09.944994+00:00,8c7e18eba1488dd5a7d4bdb00d4da0a75e895717,27579a5b-d52e-4b3a-b266-e21f946cedaf
245,2,1.0010608434677124,2026-08-19T05:53:09.944994+00:00,8c7e18eba1488dd5a7d4bdb00d4da0a75e895717,27579a5b-d52e-4b3a-b266-e21f946cedaf
245,3,1.0012153387069702,2026-08-19T05:53:09.944994+00:00,8c7e18eba1488dd5a7d4bdb00d4da0a75e895717,27579a5b-d52e-4b3a-b266-e21f946cedaf
245,4,1.0011299848556519,2026-08-19T05:53:09.944994+00:00,8c7e18eba1488dd5a7d4bdb00d4da0a75e895717,27579a5b-d52e-4b3a-b266-e21f946cedaf
245,5,1.0018657445907593,2026-08-19T05:53:09.944994+00:00,8c7e18eba1488dd5a7d4bdb00d4da0a75e895717,27579a5b-d52e-4b3a-b266-e21f946cedaf
245,6,1.001348853111267,2026-08-19T05:53:09.944994+00:00,8c7e18eba1488dd5a7d4bdb00d4da0a75e895717,27579a5b-d52e-4b3a-b266-e21f946cedaf
245,7,1.0012186765670776,2026-08-19T05:53:09.944994+00:00,8c7e18eba1488dd5a7d4bdb00d4da0a75e895717,27579a5b-d52e-4b3a-b266-e21f946cedaf
245,8,1.0006694793701172,2026-08-19T05:53:09.944994+00:00,8c7e18eba1488dd5a7d4bdb00d4da0a75e895717,27579a5b-d52e-4b3a-b266-e21f946cedaf
246,1,1.388545036315918,2026-08-19T05:53:09.944994+00:00,8c7e18eba1488dd5a7d4bdb00d4da0a75e895717,27579a5b-d52e-4b3a-b266-e21f946cedaf
246,2,1.324143886566162,2026-08-19T05:53:09.944994+00:00,8c7e18eba1488dd5a7d4bdb00d4da0a75e895717,27579a5b-d52e-4b3a-b266-e21f946cedaf
246,3,1.3733760118484497,2026-08-19T05:53:09.944994+00:00,8c7e18eba1488dd5a7d4bdb00d4da0a75e895717,27579a5b-d52e-4b3a-b266-e21f946cedaf
246,4,1.3461530208587646,2026-08-19T05:53:09.944994+00:00,8c7e18eba1488dd5a7d4bdb00d4da0a75e895717,27579a5b-d52e-4b3a-b266-e21f946cedaf
246,5,1.5806105136871338,2026-08-19T05:53:09.944994+00:00,8c7e18eba1488dd5a7d4bdb00d4da0a75e895717,27579a5b-d52e-4b3a-b266-e21f946cedaf
246,6,1.4159024953842163,2026-08-19T05:53:09.944994+00:00,8c7e18eba1488dd5a7d4bdb00d4da0a75e895717,27579a5b-d52e-4b3a-b266-e21f946cedaf
246,7,1.374414086341858,2026-08-19T05:53:09.944994+00:00,8c7e18eba1488dd5a7d4bdb00d4da0a75e895717,27579a5b-d52e-4b3a-b266-e21f946cedaf
246,8,1.199432373046875,2026-08-19T05:53:09.944994+00:00,8c7e18eba1488dd5a7d4bdb00d4da0a75e895717,27579a5b-d52e-4b3a-b266-e21f946cedaf
247,1,0.0,2026-08-19T05:53:09.944994+00:00,8c7e18eba1488dd5a7d4bdb00d4da0a75e895717,27579a5b-d52e-4b3a-b266-e21f946cedaf
247,2,0.0,2026-08-19T05:53:09.944994+00:00,8c7e18eba1488dd5a7d4bdb00d4da0a75e895717,27579a5b-d52e-4b3a-b266-e21f946cedaf
247,3,0.0,2026-08-19T05:53:09.944994+00:00,8c7e18eba1488dd5a7d4bdb00d4da0a75e895717,27579a5b-d52e-4b3a-b266-e21f946cedaf
247,4,0.0,2026-08-19T05:53:09.944994+00:00,8c7e18eba1488dd5a7d4bdb00d4da0a75e895717,27579a5b-d52e-4b3a-b266-e21f946cedaf
247,5,0.0,2026-08-19T05:53:09.944994+00:00,8c7e18eba1488dd5a7d4bdb00d4da0a75e895717,27579a5b-d52e-4b3a-b266-e21f946cedaf
247,6,0.0,2026-08-19T05:53:09.944994+00:00,8c7e18eba1488dd5a7d4bdb00d4da0a75e895717,27579a5b-d52e-4b3a-b266-e21f946cedaf
247,7,0.0,2026-08-19T05:53:09.944994+00:00,8c7e18eba1488dd5a7d4bdb00d4da0a75e895717,27579a5b-d52e-4b3a-b266-e21f946cedaf
247,8,0.0,2026-08-19T05:53:09.944994+00:00,8c7e18eba1488dd5a7d4bdb00d4da0a75e895717,27579a5b-d52e-4b3a-b266-e21f946cedaf
248,1,3.987086772918701,2026-08-19T05:53:09.944994+00:00,8c7e18eba1488dd5a7d4bdb00d4da0a75e895717,27579a5b-d52e-4b3a-b266-e21f946cedaf
248,2,3.7450640201568604,2026-08-19T05:53:09.944994+00:00,8c7e18eba1488dd5a7d4bdb00d4da0a75e895717,27579a5b-d52e-4b3a-b266-e21f946cedaf
248,3,3.9300808906555176,2026-08-19T05:53:09.944994+00:00,8c7e18eba1488dd5a7d4bdb00d4da0a75e895717,27579a5b-d52e-4b3a-b266-e21f946cedaf
248,4,3.827775239944458,2026-08-19T05:53:09.944994+00:00,8c7e18eba1488dd5a7d4bdb00d4da0a75e895717,27579a5b-d52e-4b3a-b266-e21f946cedaf
248,5,4.708878517150879,2026-08-19T05:53:09.944994+00:00,8c7e18eba1488dd5a7d4bdb00d4da0a75e895717,27579a5b-d52e-4b3a-b266-e21f946cedaf
248,6,4.089897632598877,2026-08-19T05:53:09.944994+00:00,8c7e18eba1488dd5a7d4bdb00d4da0a75e895717,27579a5b-d52e-4b3a-b266-e21f946cedaf
248,7,3.9339818954467773,2026-08-19T05:53:09.944994+00:00,8c7e18eba1488dd5a7d4bdb00d4da0a75e895717,27579a5b-d52e-4b3a-b266-e21f946cedaf
248,8,3.2763917446136475,2026-08-19T05:53:09.944994+00:00,8c7e18eba1488dd5a7d4bdb00d4da0a75e895717,27579a5b-d52e-4b3a-b266-e21f946cedaf
249,1,1.6347453594207764,2026-08-19T05:53:09.944994+00:00,8c7e18eba1488dd5a7d4bdb00d4da0a75e895717,27579a5b-d52e-4b3a-b266-e21f946cedaf
249,2,1.5382663011550903,2026-08-19T05:53:09.944994+00:00,8c7e18eba1488dd5a7d4bdb00d4da0a75e895717,27579a5b-d52e-4b3a-b266-e21f946cedaf
249,3,1.61202073097229,2026-08-19T05:53:09.944994+00:00,8c7e18eba1488dd5a7d4bdb00d4da0a75e895717,27579a5b-d52e-4b3a-b266-e21f946cedaf
249,4,1.5712379217147827,2026-08-19T05:53:09.944994+00:00,8c7e18eba1488dd5a7d4bdb00d4da0a75e895717,27579a5b-d52e-4b3a-b266-e21f946cedaf
249,5,1.922478437423706,2026-08-19T05:53:09.944994+00:00,8c7e18eba1488dd5a7d4bdb00d4da0a75e895717,27579a5b-d52e-4b3a-b266-e21f946cedaf
249,6,1.6757296323776245,2026-08-19T05:53:09.944994+00:00,8c7e18eba1488dd5a7d4bdb00d4da0a75e895717,27579a5b-d52e-4b3a-b266-e21f946cedaf
249,7,1.61357581615448,2026-08-19T05:53:09.944994+00:00,8c7e18eba1488dd5a7d4bdb00d4da0a75e895717,27579a5b-d52e-4b3a-b266-e21f946cedaf
249,8,1.3514360189437866,2026-08-19T05:53:09.944994+00:00,8c7e18eba1488dd5a7d4bdb00d4da0a75e895717,27579a5b-d52e-4b3a-b266-e21f946cedaf
250,1,3.266587734222412,2026-08-19T05:53:09.944994+00:00,8c7e18eba1488dd5a7d4bdb00d4da0a75e895717,27579a5b-d52e-4b3a-b266-e21f946cedaf
250,2,3.561892509460449,2026-08-19T05:53:09.944994+00:00,8c7e18eba1488dd5a7d4bdb00d4da0a75e895717,27579a5b-d52e-4b3a-b266-e21f946cedaf
250,3,3.694117546081543,2026-08-19T05:53:09.944994+00:00,8c7e18eba1488dd5a7d4bdb00d4da0a75e895717,27579a5b-d52e-4b3a-b266-e21f946cedaf
250,4,2.6304526329040527,2026-08-19T05:53:09.944994+00:00,8c7e18eba1488dd5a7d4bdb00d4da0a75e895717,27579a5b-d52e-4b3a-b266-e21f946cedaf
250,5,3.3196115493774414,2026-08-19T05:53:09.944994+00:00,8c7e18eba1488dd5a7d4bdb00d4da0a75e895717,27579a5b-d52e-4b3a-b266-e21f946cedaf
250,6,4.194854736328125,2026-08-19T05:53:09.944994+00:00,8c7e18eba1488dd5a7d4bdb00d4da0a75e895717,27579a5b-d52e-4b3a-b266-e21f946cedaf
250,7,3.9781384468078613,2026-08-19T05:53:09.944994+00:00,8c7e18eba1488dd5a7d4bdb00d4da0a75e895717,27579a5b-d52e-4b3a-b266-e21f946cedaf
250,8,3.6602864265441895,2026-08-19T05:53:09.944994+00:00,8c7e18eba1488dd5a7d4bdb00d4da0a75e895717,27579a5b-d52e-4b3a-b266-e21f946cedaf
251,1,0.0,2026-08-19T05:53:09.944994+00:00,8c7e18eba1488dd5a7d4bdb00d4da0a75e895717,27579a5b-d52e-4b3a-b266-e21f946cedaf
251,2,0.0,2026-08-19T05:53:09.944994+00:00,8c7e18eba1488dd5a7d4bdb00d4da0a75e895717,27579a5b-d52e-4b3a-b266-e21f946cedaf
251,3,0.0,2026-08-19T05:53:09.944994+00:00,8c7e18eba1488dd5a7d4bdb00d4da0a75e895717,27579a5b-d52e-4b3a-b266-e21f946cedaf
251,4,0.0,2026-08-19T05:53:09.944994+00:00,8c7e18eba1488dd5a7d4bdb00d4da0a75e895717,27579a5b-d52e-4b3a-b266-e21f946cedaf
251,5,0.0,2026-08-19T05:53:09.944994+00:00,8c7e18eba1488dd5a7d4bdb00d4da0a75e895717,27579a5b-d52e-4b3a-b266-e21f946cedaf
251,6,0.0,2026-08-19T05:53:09.944994+00:00,8c7e18eba1488dd5a7d4bdb00d4da0a75e895717,27579a5b-d52e-4b3a-b266-e21f946cedaf
251,7,0.0,2026-08-19T05:53:09.944994+00:00,8c7e18eba1488dd5a7d4bdb00d4da0a75e895717,27579a5b-d52e-4b3a-b266-e21f946cedaf
251,8,0.0,2026-08-19T05:53:09.944994+00:00,8c7e18eba1488dd5a7d4bdb00d4da0a75e895717,27579a5b-d52e-4b3a-b266-e21f946cedaf
252,1,0.0,2026-08-19T05:53:09.944994+00:00,8c7e18eba1488dd5a7d4bdb00d4da0a75e895717,27579a5b-d52e-4b3a-b266-e21f946cedaf
252,2,0.0,2026-08-19T05:53:09.944994+00:00,8c7e18eba1488dd5a7d4bdb00d4da0a75e895717,27579a5b-d52e-4b3a-b266-e21f946cedaf
252,3,0.0,2026-08-19T05:53:09.944994+00:00,8c7e18eba1488dd5a7d4bdb00d4da0a75e895717,27579a5b-d52e-4b3a-b266-e21f946cedaf
252,4,0.0,2026-08-19T05:53:09.944994+00:00,8c7e18eba1488dd5a7d4bdb00d4da0a75e895717,27579a5b-d52e-4b3a-b266-e21f946cedaf
252,5,0.0,2026-08-19T05:53:09.944994+00:00,8c7e18eba1488dd5a7d4bdb00d4da0a75e895717,27579a5b-d52e-4b3a-b266-e21f946cedaf
252,6,0.0,2026-08-19T05:53:09.944994+00:00,8c7e18eba1488dd5a7d4bdb00d4da0a75e895717,27579a5b-d52e-4b3a-b266-e21f946cedaf
252,7,0.0,2026-08-19T05:53:09.944994+00:00,8c7e18eba1488dd5a7d4bdb00d4da0a75e895717,27579a5b-d52e-4b3a-b266-e21f946cedaf
252,8,0.0,2026-08-19T05:53:09.944994+00:00,8c7e18eba1488dd5a7d4bdb00d4da0a75e895717,27579a5b-d52e-4b3a-b266-e21f946cedaf
253,1,0.0,2026-08-19T05:53:09.944994+00:00,8c7e18eba1488dd5a7d4bdb00d4da0a75e895717,27579a5b-d52e-4b3a-b266-e21f946cedaf
253,2,4.061580657958984,2026-08-19T05:53:09.944994+00:00,8c7e18eba1488dd5a7d4bdb00d4da0a75e895717,27579a5b-d52e-4b3a-b266-e21f946cedaf
253,3,4.21088171005249,2026-08-19T05:53:09.944994+00:00,8c7e18eba1488dd5a7d4bdb00d4da0a75e895717,27579a5b-d52e-4b3a-b266-e21f946cedaf
253,4,3.1997907161712646,2026-08-19T05:53:09.944994+00:00,8c7e18eba1488dd5a7d4bdb00d4da0a75e895717,27579a5b-d52e-4b3a-b266-e21f946cedaf
253,5,3.8582231998443604,2026-08-19T05:53:09.944994+00:00,8c7e18eba1488dd5a7d4bdb00d4da0a75e895717,27579a5b-d52e-4b3a-b266-e21f946cedaf
253,6,4.716530799865723,2026-08-19T05:53:09.944994+00:00,8c7e18eba1488dd5a7d4bdb00d4da0a75e895717,27579a5b-d52e-4b3a-b266-e21f946cedaf
253,7,4.521292686462402,2026-08-19T05:53:09.944994+00:00,8c7e18eba1488dd5a7d4bdb00d4da0a75e895717,27579a5b-d52e-4b3a-b266-e21f946cedaf
253,8,4.184539794921875,2026-08-19T05:53:09.944994+00:00,8c7e18eba1488dd5a7d4bdb00d4da0a75e895717,27579a5b-d52e-4b3a-b266-e21f946cedaf
254,1,3.5603270530700684,2026-08-19T05:53:09.944994+00:00,8c7e18eba1488dd5a7d4bdb00d4da0a75e895717,27579a5b-d52e-4b3a-b266-e21f946cedaf
254,2,3.77498197555542,2026-08-19T05:53:09.944994+00:00,8c7e18eba1488dd5a7d4bdb00d4da0a75e895717,27579a5b-d52e-4b3a-b266-e21f946cedaf
254,3,3.9710378646850586,2026-08-19T05:53:09.944994+00:00,8c7e18eba1488dd5a7d4bdb00d4da0a75e895717,27579a5b-d52e-4b3a-b266-e21f946cedaf
254,4,2.8839244842529297,2026-08-19T05:53:09.944994+00:00,8c7e18eba1488dd5a7d4bdb00d4da0a75e895717,27579a5b-d52e-4b3a-b266-e21f946cedaf
254,5,3.6077117919921875,2026-08-19T05:53:09.944994+00:00,8c7e18eba1488dd5a7d4bdb00d4da0a75e895717,27579a5b-d52e-4b3a-b266-e21f946cedaf
254,6,4.5370965003967285,2026-08-19T05:53:09.944994+00:00,8c7e18eba1488dd5a7d4bdb00d4da0a75e895717,27579a5b-d52e-4b3a-b266-e21f946cedaf
254,7,4.359153747558594,2026-08-19T05:53:09.944994+00:00,8c7e18eba1488dd5a7d4bdb00d4da0a75e895717,27579a5b-d52e-4b3a-b266-e21f946cedaf
254,8,3.9527249336242676,2026-08-19T05:53:09.944994+00:00,8c7e18eba1488dd5a7d4bdb00d4da0a75e895717,27579a5b-d52e-4b3a-b266-e21f946cedaf
255,1,0.9990618228912354,2026-08-19T05:53:09.944994+00:00,8c7e18eba1488dd5a7d4bdb00d4da0a75e895717,27579a5b-d52e-4b3a-b266-e21f946cedaf
255,2,0.9992959499359131,2026-08-19T05:53:09.944994+00:00,8c7e18eba1488dd5a7d4bdb00d4da0a75e895717,27579a5b-d52e-4b3a-b266-e21f946cedaf
255,3,0.9996912479400635,2026-08-19T05:53:09.944994+00:00,8c7e18eba1488dd5a7d4bdb00d4da0a75e895717,27579a5b-d52e-4b3a-b266-e21f946cedaf
255,4,0.9976086020469666,2026-08-19T05:53:09.944994+00:00,8c7e18eba1488dd5a7d4bdb00d4da0a75e895717,27579a5b-d52e-4b3a-b266-e21f946cedaf
255,5,0.999139666557312,2026-08-19T05:53:09.944994+00:00,8c7e18eba1488dd5a7d4bdb00d4da0a75e895717,27579a5b-d52e-4b3a-b266-e21f946cedaf
255,6,1.0005093812942505,2026-08-19T05:53:09.944994+00:00,8c7e18eba1488dd5a7d4bdb00d4da0a75e895717,27579a5b-d52e-4b3a-b266-e21f946cedaf
255,7,1.0003838539123535,2026-08-19T05:53:09.944994+00:00,8c7e18eba1488dd5a7d4bdb00d4da0a75e895717,27579a5b-d52e-4b3a-b266-e21f946cedaf
255,8,0.9996775388717651,2026-08-19T05:53:09.944994+00:00,8c7e18eba1488dd5a7d4bdb00d4da0a75e895717,27579a5b-d52e-4b3a-b266-e21f946cedaf
256,1,0.8145323395729065,2026-08-19T05:53:09.944994+00:00,8c7e18eba1488dd5a7d4bdb00d4da0a75e895717,27579a5b-d52e-4b3a-b266-e21f946cedaf
256,2,0.8341583609580994,2026-08-19T05:53:09.944994+00:00,8c7e18eba1488dd5a7d4bdb00d4da0a75e895717,27579a5b-d52e-4b3a-b266-e21f946cedaf
256,3,0.8861473202705383,2026-08-19T05:53:09.944994+00:00,8c7e18eba1488dd5a7d4bdb00d4da0a75e895717,27579a5b-d52e-4b3a-b266-e21f946cedaf
256,4,0.6417406797409058,2026-08-19T05:53:09.944994+00:00,8c7e18eba1488dd5a7d4bdb00d4da0a75e895717,27579a5b-d52e-4b3a-b266-e21f946cedaf
256,5,0.8230578303337097,2026-08-19T05:53:09.944994+00:00,8c7e18eba1488dd5a7d4bdb00d4da0a75e895717,27579a5b-d52e-4b3a-b266-e21f946cedaf
256,6,0.987449586391449,2026-08-19T05:53:09.944994+00:00,8c7e18eba1488dd5a7d4bdb00d4da0a75e895717,27579a5b-d52e-4b3a-b266-e21f946cedaf
256,7,0.9765097498893738,2026-08-19T05:53:09.944994+00:00,8c7e18eba1488dd5a7d4bdb00d4da0a75e895717,27579a5b-d52e-4b3a-b266-e21f946cedaf
256,8,0.8860073685646057,2026-08-19T05:53:09.944994+00:00,8c7e18eba1488dd5a7d4bdb00d4da0a75e895717,27579a5b-d52e-4b3a-b266-e21f946cedaf
257,1,3.22542405128479,2026-08-19T05:53:09.944994+00:00,8c7e18eba1488dd5a7d4bdb00d4da0a75e895717,27579a5b-d52e-4b3a-b266-e21f946cedaf
257,2,3.4859654903411865,2026-08-19T05:53:09.944994+00:00,8c7e18eba1488dd5a7d4bdb00d4da0a75e895717,27579a5b-d52e-4b3a-b266-e21f946cedaf
257,3,3.661555528640747,2026-08-19T05:53:09.944994+00:00,8c7e18eba1488dd5a7d4bdb00d4da0a75e895717,27579a5b-d52e-4b3a-b266-e21f946cedaf
257,4,2.529066801071167,2026-08-19T05:53:09.944994+00:00,8c7e18eba1488dd5a7d4bdb00d4da0a75e895717,27579a5b-d52e-4b3a-b266-e21f946cedaf
257,5,3.2776966094970703,2026-08-19T05:53:09.944994+00:00,8c7e18eba1488dd5a7d4bdb00d4da0a75e895717,27579a5b-d52e-4b3a-b266-e21f946cedaf
257,6,4.217963218688965,2026-08-19T05:53:09.944994+00:00,8c7e18eba1488dd5a7d4bdb00d4da0a75e895717,27579a5b-d52e-4b3a-b266-e21f946cedaf
257,7,4.017606735229492,2026-08-19T05:53:09.944994+00:00,8c7e18eba1488dd5a7d4bdb00d4da0a75e895717,27579a5b-d52e-4b3a-b266-e21f946cedaf
257,8,3.6352670192718506,2026-08-19T05:53:09.944994+00:00,8c7e18eba1488dd5a7d4bdb00d4da0a75e895717,27579a5b-d52e-4b3a-b266-e21f946cedaf
258,1,3.2147741317749023,2026-08-19T05:53:09.944994+00:00,8c7e18eba1488dd5a7d4bdb00d4da0a75e895717,27579a5b-d52e-4b3a-b266-e21f946cedaf
258,2,3.453157424926758,2026-08-19T05:53:09.944994+00:00,8c7e18eba1488dd5a7d4bdb00d4da0a75e895717,27579a5b-d52e-4b3a-b266-e21f946cedaf
258,3,3.625455856323242,2026-08-19T05:53:09.944994+00:00,8c7e18eba1488dd5a7d4bdb00d4da0a75e895717,27579a5b-d52e-4b3a-b266-e21f946cedaf
258,4,2.5636777877807617,2026-08-19T05:53:09.944994+00:00,8c7e18eba1488dd5a7d4bdb00d4da0a75e895717,27579a5b-d52e-4b3a-b266-e21f946cedaf
258,5,3.2632904052734375,2026-08-19T05:53:09.944994+00:00,8c7e18eba1488dd5a7d4bdb00d4da0a75e895717,27579a5b-d52e-4b3a-b266-e21f946cedaf
258,6,4.1636576652526855,2026-08-19T05:53:09.944994+00:00,8c7e18eba1488dd5a7d4bdb00d4da0a75e895717,27579a5b-d52e-4b3a-b266-e21f946cedaf
258,7,3.9744176864624023,2026-08-19T05:53:09.944994+00:00,8c7e18eba1488dd5a7d4bdb00d4da0a75e895717,27579a5b-d52e-4b3a-b266-e21f946cedaf
258,8,3.602309226989746,2026-08-19T05:53:09.944994+00:00,8c7e18eba1488dd5a7d4bdb00d4da0a75e895717,27579a5b-d52e-4b3a-b266-e21f946cedaf
259,1,0.0,2026-08-19T05:53:09.944994+00:00,8c7e18eba1488dd5a7d4bdb00d4da0a75e895717,27579a5b-d52e-4b3a-b266-e21f946cedaf
259,2,0.0,2026-08-19T05:53:09.944994+00:00,8c7e18eba1488dd5a7d4bdb00d4da0a75e895717,27579a5b-d52e-4b3a-b266-e21f946cedaf
259,3,0.0,2026-08-19T05:53:09.944994+00:00,8c7e18eba1488dd5a7d4bdb00d4da0a75e895717,27579a5b-d52e-4b3a-b266-e21f946cedaf
259,4,0.0,2026-08-19T05:53:09.944994+00:00,8c7e18eba1488dd5a7d4bdb00d4da0a75e895717,27579a5b-d52e-4b3a-b266-e21f946cedaf
259,5,0.0,2026-08-19T05:53:09.944994+00:00,8c7e18eba1488dd5a7d4bdb00d4da0a75e895717,27579a5b-d52e-4b3a-b266-e21f946cedaf
259,6,0.0,2026-08-19T05:53:09.944994+00:00,8c7e18eba1488dd5a7d4bdb00d4da0a75e895717,27579a5b-d52e-4b3a-b266-e21f946cedaf
259,7,0.0,2026-08-19T05:53:09.944994+00:00,8c7e18eba1488dd5a7d4bdb00d4da0a75e895717,27579a5b-d52e-4b3a-b266-e21f946cedaf
259,8,0.0,2026-08-19T05:53:09.944994+00:00,8c7e18eba1488dd5a7d4bdb00d4da0a75e895717,27579a5b-d52e-4b3a-b266-e21f946cedaf
260,1,0.0,2026-08-19T05:53:09.944994+00:00,8c7e18eba1488dd5a7d4bdb00d4da0a75e895717,27579a5b-d52e-4b3a-b266-e21f946cedaf
260,2,0.0,2026-08-19T05:53:09.944994+00:00,8c7e18eba1488dd5a7d4bdb00d4da0a75e895717,27579a5b-d52e-4b3a-b266-e21f946cedaf
260,3,0.0,2026-08-19T05:53:09.944994+00:00,8c7e18eba1488dd5a7d4bdb00d4da0a75e895717,27579a5b-d52e-4b3a-b266-e21f946cedaf
260,4,0.0,2026-08-19T05:53:09.944994+00:00,8c7e18eba1488dd5a7d4bdb00d4da0a75e895717,27579a5b-d52e-4b3a-b266-e21f946cedaf
260,5,0.0,2026-08-19T05:53:09.944994+00:00,8c7e18eba1488dd5a7d4bdb00d4da0a75e895717,27579a5b-d52e-4b3a-b266-e21f946cedaf
260,6,0.0,2026-08-19T05:53:09.944994+00:00,8c7e18eba1488dd5a7d4bdb00d4da0a75e895717,27579a5b-d52e-4b3a-b266-e21f946cedaf
260,7,0.0,2026-08-19T05:53:09.944994+00:00,8c7e18eba1488dd5a7d4bdb00d4da0a75e895717,27579a5b-d52e-4b3a-b266-e21f946cedaf
260,8,0.0,2026-08-19T05:53:09.944994+00:00,8c7e18eba1488dd5a7d4bdb00d4da0a75e895717,27579a5b-d52e-4b3a-b266-e21f946cedaf
261,1,3.9462170600891113,2026-08-19T05:53:09.944994+00:00,8c7e18eba1488dd5a7d4bdb00d4da0a75e895717,27579a5b-d52e-4b3a-b266-e21f946cedaf
261,2,3.8220701217651367,2026-08-19T05:53:09.944994+00:00,8c7e18eba1488dd5a7d4bdb00d4da0a75e895717,27579a5b-d52e-4b3a-b266-e21f946cedaf
261,3,4.063419818878174,2026-08-19T05:53:09.944994+00:00,8c7e18eba1488dd5a7d4bdb00d4da0a75e895717,27579a5b-d52e-4b3a-b266-e21f946cedaf
261,4,3.5487847328186035,2026-08-19T05:53:09.944994+00:00,8c7e18eba1488dd5a7d4bdb00d4da0a75e895717,27579a5b-d52e-4b3a-b266-e21f946cedaf
261,5,3.9510979652404785,2026-08-19T05:53:09.944994+00:00,8c7e18eba1488dd5a7d4bdb00d4da0a75e895717,27579a5b-d52e-4b3a-b266-e21f946cedaf
261,6,4.438523292541504,2026-08-19T05:53:09.944994+00:00,8c7e18eba1488dd5a7d4bdb00d4da0a75e895717,27579a5b-d52e-4b3a-b266-e21f946cedaf
261,7,4.4783735275268555,2026-08-19T05:53:09.944994+00:00,8c7e18eba1488dd5a7d4bdb00d4da0a75e895717,27579a5b-d52e-4b3a-b266-e21f946cedaf
261,8,4.095834732055664,2026-08-19T05:53:09.944994+00:00,8c7e18eba1488dd5a7d4bdb00d4da0a75e895717,27579a5b-d52e-4b3a-b266-e21f946cedaf
262,1,1.580360770225525,2026-08-19T05:53:09.944994+00:00,8c7e18eba1488dd5a7d4bdb00d4da0a75e895717,27579a5b-d52e-4b3a-b266-e21f946cedaf
262,2,1.4913793802261353,2026-08-19T05:53:09.944994+00:00,8c7e18eba1488dd5a7d4bdb00d4da0a75e895717,27579a5b-d52e-4b3a-b266-e21f946cedaf
262,3,1.6023778915405273,2026-08-19T05:53:09.944994+00:00,8c7e18eba1488dd5a7d4bdb00d4da0a75e895717,27579a5b-d52e-4b3a-b266-e21f946cedaf
262,4,1.426215410232544,2026-08-19T05:53:09.944994+00:00,8c7e18eba1488dd5a7d4bdb00d4da0a75e895717,27579a5b-d52e-4b3a-b266-e21f946cedaf
262,5,1.5784376859664917,2026-08-19T05:53:09.944994+00:00,8c7e18eba1488dd5a7d4bdb00d4da0a75e895717,27579a5b-d52e-4b3a-b266-e21f946cedaf
262,6,1.7448712587356567,2026-08-19T05:53:09.944994+00:00,8c7e18eba1488dd5a7d4bdb00d4da0a75e895717,27579a5b-d52e-4b3a-b266-e21f946cedaf
262,7,1.786746621131897,2026-08-19T05:53:09.944994+00:00,8c7e18eba1488dd5a7d4bdb00d4da0a75e895717,27579a5b-d52e-4b3a-b266-e21f946cedaf
262,8,1.6216847896575928,2026-08-19T05:53:09.944994+00:00,8c7e18eba1488dd5a7d4bdb00d4da0a75e895717,27579a5b-d52e-4b3a-b266-e21f946cedaf
263,1,1.3970961570739746,2026-08-19T05:53:09.944994+00:00,8c7e18eba1488dd5a7d4bdb00d4da0a75e895717,27579a5b-d52e-4b3a-b266-e21f946cedaf
263,2,1.333624243736267,2026-08-19T05:53:09.944994+00:00,8c7e18eba1488dd5a7d4bdb00d4da0a75e895717,27579a5b-d52e-4b3a-b266-e21f946cedaf
263,3,1.4128013849258423,2026-08-19T05:53:09.944994+00:00,8c7e18eba1488dd5a7d4bdb00d4da0a75e895717,27579a5b-d52e-4b3a-b266-e21f946cedaf
263,4,1.2871416807174683,2026-08-19T05:53:09.944994+00:00,8c7e18eba1488dd5a7d4bdb00d4da0a75e895717,27579a5b-d52e-4b3a-b266-e21f946cedaf
263,5,1.3957244157791138,2026-08-19T05:53:09.944994+00:00,8c7e18eba1488dd5a7d4bdb00d4da0a75e895717,27579a5b-d52e-4b3a-b266-e21f946cedaf
263,6,1.5144444704055786,2026-08-19T05:53:09.944994+00:00,8c7e18eba1488dd5a7d4bdb00d4da0a75e895717,27579a5b-d52e-4b3a-b266-e21f946cedaf
263,7,1.5443147420883179,2026-08-19T05:53:09.944994+00:00,8c7e18eba1488dd5a7d4bdb00d4da0a75e895717,27579a5b-d52e-4b3a-b266-e21f946cedaf
263,8,1.426573395729065,2026-08-19T05:53:09.944994+00:00,8c7e18eba1488dd5a7d4bdb00d4da0a75e895717,27579a5b-d52e-4b3a-b266-e21f946cedaf
264,1,1.4354151487350464,2026-08-19T05:53:09.944994+00:00,8c7e18eba1488dd5a7d4bdb00d4da0a75e895717,27579a5b-d52e-4b3a-b266-e21f946cedaf
264,2,1.3697839975357056,2026-08-19T05:53:09.944994+00:00,8c7e18eba1488dd5a7d4bdb00d4da0a75e895717,27579a5b-d52e-4b3a-b266-e21f946cedaf
264,3,1.4516545534133911,2026-08-19T05:53:09.944994+00:00,8c7e18eba1488dd5a7d4bdb00d4da0a75e895717,27579a5b-d52e-4b3a-b266-e21f946cedaf
264,4,1.3217201232910156,2026-08-19T05:53:09.944994+00:00,8c7e18eba1488dd5a7d4bdb00d4da0a75e895717,27579a5b-d52e-4b3a-b266-e21f946cedaf
264,5,1.433996558189392,2026-08-19T05:53:09.944994+00:00,8c7e18eba1488dd5a7d4bdb00d4da0a75e895717,27579a5b-d52e-4b3a-b266-e21f946cedaf
264,6,1.5567551851272583,2026-08-19T05:53:09.944994+00:00,8c7e18eba1488dd5a7d4bdb00d4da0a75e895717,27579a5b-d52e-4b3a-b266-e21f946cedaf
264,7,1.5876415967941284,2026-08-19T05:53:09.944994+00:00,8c7e18eba1488dd5a7d4bdb00d4da0a75e895717,27579a5b-d52e-4b3a-b266-e21f946cedaf
264,8,1.4658949375152588,2026-08-19T05:53:09.944994+00:00,8c7e18eba1488dd5a7d4bdb00d4da0a75e895717,27579a5b-d52e-4b3a-b266-e21f946cedaf
265,1,1.106317162513733,2026-08-19T05:53:09.944994+00:00,8c7e18eba1488dd5a7d4bdb00d4da0a75e895717,27579a5b-d52e-4b3a-b266-e21f946cedaf
265,2,1.064734697341919,2026-08-19T05:53:09.944994+00:00,8c7e18eba1488dd5a7d4bdb00d4da0a75e895717,27579a5b-d52e-4b3a-b266-e21f946cedaf
265,3,1.1166062355041504,2026-08-19T05:53:09.944994+00:00,8c7e18eba1488dd5a7d4bdb00d4da0a75e895717,27579a5b-d52e-4b3a-b266-e21f946cedaf
265,4,1.0342823266983032,2026-08-19T05:53:09.944994+00:00,8c7e18eba1488dd5a7d4bdb00d4da0a75e895717,27579a5b-d52e-4b3a-b266-e21f946cedaf
265,5,1.1054184436798096,2026-08-19T05:53:09.944994+00:00,8c7e18eba1488dd5a7d4bdb00d4da0a75e895717,27579a5b-d52e-4b3a-b266-e21f946cedaf
265,6,1.1831958293914795,2026-08-19T05:53:09.944994+00:00,8c7e18eba1488dd5a7d4bdb00d4da0a75e895717,27579a5b-d52e-4b3a-b266-e21f946cedaf
265,7,1.202764868736267,2026-08-19T05:53:09.944994+00:00,8c7e18eba1488dd5a7d4bdb00d4da0a75e895717,27579a5b-d52e-4b3a-b266-e21f946cedaf
265,8,1.1256287097930908,2026-08-19T05:53:09.944994+00:00,8c7e18eba1488dd5a7d4bdb00d4da0a75e895717,27579a5b-d52e-4b3a-b266-e21f946cedaf
266,1,0.0,2026-08-19T05:53:09.944994+00:00,8c7e18eba1488dd5a7d4bdb00d4da0a75e895717,27579a5b-d52e-4b3a-b266-e21f946cedaf
266,2,0.0,2026-08-19T05:53:09.944994+00:00,8c7e18eba1488dd5a7d4bdb00d4da0a75e895717,27579a5b-d52e-4b3a-b266-e21f946cedaf
266,3,0.0,2026-08-19T05:53:09.944994+00:00,8c7e18eba1488dd5a7d4bdb00d4da0a75e895717,27579a5b-d52e-4b3a-b266-e21f946cedaf
266,4,0.0,2026-08-19T05:53:09.944994+00:00,8c7e18eba1488dd5a7d4bdb00d4da0a75e895717,27579a5b-d52e-4b3a-b266-e21f946cedaf
266,5,0.0,2026-08-19T05:53:09.944994+00:00,8c7e18eba1488dd5a7d4bdb00d4da0a75e895717,27579a5b-d52e-4b3a-b266-e21f946cedaf
266,6,1.578794240951538,2026-08-19T05:53:09.944994+00:00,8c7e18eba1488dd5a7d4bdb00d4da0a75e895717,27579a5b-d52e-4b3a-b266-e21f946cedaf
266,7,1.6099212169647217,2026-08-19T05:53:09.944994+00:00,8c7e18eba1488dd5a7d4bdb00d4da0a75e895717,27579a5b-d52e-4b3a-b266-e21f946cedaf
266,8,1.487227439880371,2026-08-19T05:53:09.944994+00:00,8c7e18eba1488dd5a7d4bdb00d4da0a75e895717,27579a5b-d52e-4b3a-b266-e21f946cedaf
267,1,0.0,2026-08-19T05:53:09.944994+00:00,8c7e18eba1488dd5a7d4bdb00d4da0a75e895717,27579a5b-d52e-4b3a-b266-e21f946cedaf
267,2,0.0,2026-08-19T05:53:09.944994+00:00,8c7e18eba1488dd5a7d4bdb00d4da0a75e895717,27579a5b-d52e-4b3a-b266-e21f946cedaf
267,3,0.0,2026-08-19T05:53:09.944994+00:00,8c7e18eba1488dd5a7d4bdb00d4da0a75e895717,27579a5b-d52e-4b3a-b266-e21f946cedaf
267,4,0.0,2026-08-19T05:53:09.944994+00:00,8c7e18eba1488dd5a7d4bdb00d4da0a75e895717,27579a5b-d52e-4b3a-b266-e21f946cedaf
267,5,0.0,2026-08-19T05:53:09.944994+00:00,8c7e18eba1488dd5a7d4bdb00d4da0a75e895717,27579a5b-d52e-4b3a-b266-e21f946cedaf
267,6,0.0,2026-08-19T05:53:09.944994+00:00,8c7e18eba1488dd5a7d4bdb00d4da0a75e895717,27579a5b-d52e-4b3a-b266-e21f946cedaf
267,7,0.0,2026-08-19T05:53:09.944994+00:00,8c7e18eba1488dd5a7d4bdb00d4da0a75e895717,27579a5b-d52e-4b3a-b266-e21f946cedaf
267,8,0.0,2026-08-19T05:53:09.944994+00:00,8c7e18eba1488dd5a7d4bdb00d4da0a75e895717,27579a5b-d52e-4b3a-b266-e21f946cedaf
268,1,1.4051878452301025,2026-08-19T05:53:09.944994+00:00,8c7e18eba1488dd5a7d4bdb00d4da0a75e895717,27579a5b-d52e-4b3a-b266-e21f946cedaf
268,2,1.335465669631958,2026-08-19T05:53:09.944994+00:00,8c7e18eba1488dd5a7d4bdb00d4da0a75e895717,27579a5b-d52e-4b3a-b266-e21f946cedaf
268,3,1.4224395751953125,2026-08-19T05:53:09.944994+00:00,8c7e18eba1488dd5a7d4bdb00d4da0a75e895717,27579a5b-d52e-4b3a-b266-e21f946cedaf
268,4,1.2844055891036987,2026-08-19T05:53:09.944994+00:00,8c7e18eba1488dd5a7d4bdb00d4da0a75e895717,27579a5b-d52e-4b3a-b266-e21f946cedaf
268,5,1.4036810398101807,2026-08-19T05:53:09.944994+00:00,8c7e18eba1488dd5a7d4bdb00d4da0a75e895717,27579a5b-d52e-4b3a-b266-e21f946cedaf
268,6,1.534091830253601,2026-08-19T05:53:09.944994+00:00,8c7e18eba1488dd5a7d4bdb00d4da0a75e895717,27579a5b-d52e-4b3a-b266-e21f946cedaf
268,7,1.5669037103652954,2026-08-19T05:53:09.944994+00:00,8c7e18eba1488dd5a7d4bdb00d4da0a75e895717,27579a5b-d52e-4b3a-b266-e21f946cedaf
268,8,1.4375678300857544,2026-08-19T05:53:09.944994+00:00,8c7e18eba1488dd5a7d4bdb00d4da0a75e895717,27579a5b-d52e-4b3a-b266-e21f946cedaf
269,1,1.493468999862671,2026-08-19T05:53:09.944994+00:00,8c7e18eba1488dd5a7d4bdb00d4da0a75e895717,27579a5b-d52e-4b3a-b266-e21f946cedaf
269,2,1.4347727298736572,2026-08-19T05:53:09.944994+00:00,8c7e18eba1488dd5a7d4bdb00d4da0a75e895717,27579a5b-d52e-4b3a-b266-e21f946cedaf
269,3,1.6074910163879395,2026-08-19T05:53:09.944994+00:00,8c7e18eba1488dd5a7d4bdb00d4da0a75e895717,27579a5b-d52e-4b3a-b266-e21f946cedaf
269,4,1.1227272748947144,2026-08-19T05:53:09.944994+00:00,8c7e18eba1488dd5a7d4bdb00d4da0a75e895717,27579a5b-d52e-4b3a-b266-e21f946cedaf
269,5,1.5027413368225098,2026-08-19T05:53:09.944994+00:00,8c7e18eba1488dd5a7d4bdb00d4da0a75e895717,27579a5b-d52e-4b3a-b266-e21f946cedaf
269,6,1.8741860389709473,2026-08-19T05:53:09.944994+00:00,8c7e18eba1488dd5a7d4bdb00d4da0a75e895717,27579a5b-d52e-4b3a-b266-e21f946cedaf
269,7,1.8995921611785889,2026-08-19T05:53:09.944994+00:00,8c7e18eba1488dd5a7d4bdb00d4da0a75e895717,27579a5b-d52e-4b3a-b266-e21f946cedaf
269,8,1.6255854368209839,2026-08-19T05:53:09.944994+00:00,8c7e18eba1488dd5a7d4bdb00d4da0a75e895717,27579a5b-d52e-4b3a-b266-e21f946cedaf
270,1,1.0744762420654297,2026-08-19T05:53:09.944994+00:00,8c7e18eba1488dd5a7d4bdb00d4da0a75e895717,27579a5b-d52e-4b3a-b266-e21f946cedaf
270,2,1.0636857748031616,2026-08-19T05:53:09.944994+00:00,8c7e18eba1488dd5a7d4bdb00d4da0a75e895717,27579a5b-d52e-4b3a-b266-e21f946cedaf
270,3,1.0771461725234985,2026-08-19T05:53:09.944994+00:00,8c7e18eba1488dd5a7d4bdb00d4da0a75e895717,27579a5b-d52e-4b3a-b266-e21f946cedaf
270,4,1.0557835102081299,2026-08-19T05:53:09.944994+00:00,8c7e18eba1488dd5a7d4bdb00d4da0a75e895717,27579a5b-d52e-4b3a-b266-e21f946cedaf
270,5,1.0742430686950684,2026-08-19T05:53:09.944994+00:00,8c7e18eba1488dd5a7d4bdb00d4da0a75e895717,27579a5b-d52e-4b3a-b266-e21f946cedaf
270,6,1.094425916671753,2026-08-19T05:53:09.944994+00:00,8c7e18eba1488dd5a7d4bdb00d4da0a75e895717,27579a5b-d52e-4b3a-b266-e21f946cedaf
270,7,1.0995041131973267,2026-08-19T05:53:09.944994+00:00,8c7e18eba1488dd5a7d4bdb00d4da0a75e895717,27579a5b-d52e-4b3a-b266-e21f946cedaf
270,8,1.0794874429702759,2026-08-19T05:53:09.944994+00:00,8c7e18eba1488dd5a7d4bdb00d4da0a75e895717,27579a5b-d52e-4b3a-b266-e21f946cedaf
271,1,2.37332820892334,2026-08-19T05:53:09.944994+00:00,8c7e18eba1488dd5a7d4bdb00d4da0a75e895717,27579a5b-d52e-4b3a-b266-e21f946cedaf
271,2,2.180047035217285,2026-08-19T05:53:09.944994+00:00,8c7e18eba1488dd5a7d4bdb00d4da0a75e895717,27579a5b-d52e-4b3a-b266-e21f946cedaf
271,3,2.4211525917053223,2026-08-19T05:53:09.944994+00:00,8c7e18eba1488dd5a7d4bdb00d4da0a75e895717,27579a5b-d52e-4b3a-b266-e21f946cedaf
271,4,2.0385005474090576,2026-08-19T05:53:09.944994+00:00,8c7e18eba1488dd5a7d4bdb00d4da0a75e895717,27579a5b-d52e-4b3a-b266-e21f946cedaf
271,5,2.3691511154174805,2026-08-19T05:53:09.944994+00:00,8c7e18eba1488dd5a7d4bdb00d4da0a75e895717,27579a5b-d52e-4b3a-b266-e21f946cedaf
271,6,2.73067045211792,2026-08-19T05:53:09.944994+00:00,8c7e18eba1488dd5a7d4bdb00d4da0a75e895717,27579a5b-d52e-4b3a-b266-e21f946cedaf
271,7,2.8216304779052734,2026-08-19T05:53:09.944994+00:00,8c7e18eba1488dd5a7d4bdb00d4da0a75e895717,27579a5b-d52e-4b3a-b266-e21f946cedaf
271,8,2.463090658187866,2026-08-19T05:53:09.944994+00:00,8c7e18eba1488dd5a7d4bdb00d4da0a75e895717,27579a5b-d52e-4b3a-b266-e21f946cedaf
272,1,1.042967677116394,2026-08-19T05:53:09.944994+00:00,8c7e18eba1488dd5a7d4bdb00d4da0a75e895717,27579a5b-d52e-4b3a-b266-e21f946cedaf
272,2,1.0367422103881836,2026-08-19T05:53:09.944994+00:00,8c7e18eba1488dd5a7d4bdb00d4da0a75e895717,27579a5b-d52e-4b3a-b266-e21f946cedaf
272,3,1.0445079803466797,2026-08-19T05:53:09.944994+00:00,8c7e18eba1488dd5a7d4bdb00d4da0a75e895717,27579a5b-d52e-4b3a-b266-e21f946cedaf
272,4,1.0321831703186035,2026-08-19T05:53:09.944994+00:00,8c7e18eba1488dd5a7d4bdb00d4da0a75e895717,27579a5b-d52e-4b3a-b266-e21f946cedaf
272,5,1.0428330898284912,2026-08-19T05:53:09.944994+00:00,8c7e18eba1488dd5a7d4bdb00d4da0a75e895717,27579a5b-d52e-4b3a-b266-e21f946cedaf
272,6,1.0544772148132324,2026-08-19T05:53:09.944994+00:00,8c7e18eba1488dd5a7d4bdb00d4da0a75e895717,27579a5b-d52e-4b3a-b266-e21f946cedaf
272,7,1.0574069023132324,2026-08-19T05:53:09.944994+00:00,8c7e18eba1488dd5a7d4bdb00d4da0a75e895717,27579a5b-d52e-4b3a-b266-e21f946cedaf
272,8,1.0458587408065796,2026-08-19T05:53:09.944994+00:00,8c7e18eba1488dd5a7d4bdb00d4da0a75e895717,27579a5b-d52e-4b3a-b266-e21f946cedaf
273,1,0.0,2026-08-19T05:53:09.944994+00:00,8c7e18eba1488dd5a7d4bdb00d4da0a75e895717,27579a5b-d52e-4b3a-b266-e21f946cedaf
273,2,0.0,2026-08-19T05:53:09.944994+00:00,8c7e18eba1488dd5a7d4bdb00d4da0a75e895717,27579a5b-d52e-4b3a-b266-e21f946cedaf
273,3,0.0,2026-08-19T05:53:09.944994+00:00,8c7e18eba1488dd5a7d4bdb00d4da0a75e895717,27579a5b-d52e-4b3a-b266-e21f946cedaf
273,4,0.0,2026-08-19T05:53:09.944994+00:00,8c7e18eba1488dd5a7d4bdb00d4da0a75e895717,27579a5b-d52e-4b3a-b266-e21f946cedaf
273,5,0.0,2026-08-19T05:53:09.944994+00:00,8c7e18eba1488dd5a7d4bdb00d4da0a75e895717,27579a5b-d52e-4b3a-b266-e21f946cedaf
273,6,0.0,2026-08-19T05:53:09.944994+00:00,8c7e18eba1488dd5a7d4bdb00d4da0a75e895717,27579a5b-d52e-4b3a-b266-e21f946cedaf
273,7,0.0,2026-08-19T05:53:09.944994+00:00,8c7e18eba1488dd5a7d4bdb00d4da0a75e895717,27579a5b-d52e-4b3a-b266-e21f946cedaf
273,8,0.0,2026-08-19T05:53:09.944994+00:00,8c7e18eba1488dd5a7d4bdb00d4da0a75e895717,27579a5b-d52e-4b3a-b266-e21f946cedaf
274,1,0.0,2026-08-19T05:53:09.944994+00:00,8c7e18eba1488dd5a7d4bdb00d4da0a75e895717,27579a5b-d52e-4b3a-b266-e21f946cedaf
274,2,0.0,2026-08-19T05:53:09.944994+00:00,8c7e18eba1488dd5a7d4bdb00d4da0a75e895717,27579a5b-d52e-4b3a-b266-e21f946cedaf
274,3,0.0,2026-08-19T05:53:09.944994+00:00,8c7e18eba1488dd5a7d4bdb00d4da0a75e895717,27579a5b-d52e-4b3a-b266-e21f946cedaf
274,4,0.0,2026-08-19T05:53:09.944994+00:00,8c7e18eba1488dd5a7d4bdb00d4da0a75e895717,27579a5b-d52e-4b3a-b266-e21f946cedaf
274,5,0.0,2026-08-19T05:53:09.944994+00:00,8c7e18eba1488dd5a7d4bdb00d4da0a75e895717,27579a5b-d52e-4b3a-b266-e21f946cedaf
274,6,0.0,2026-08-19T05:53:09.944994+00:00,8c7e18eba1488dd5a7d4bdb00d4da0a75e895717,27579a5b-d52e-4b3a-b266-e21f946cedaf
274,7,0.0,2026-08-19T05:53:09.944994+00:00,8c7e18eba1488dd5a7d4bdb00d4da0a75e895717,27579a5b-d52e-4b3a-b266-e21f946cedaf
274,8,0.0,2026-08-19T05:53:09.944994+00:00,8c7e18eba1488dd5a7d4bdb00d4da0a75e895717,27579a5b-d52e-4b3a-b266-e21f946cedaf
275,1,0.0,2026-08-19T05:53:09.944994+00:00,8c7e18eba1488dd5a7d4bdb00d4da0a75e895717,27579a5b-d52e-4b3a-b266-e21f946cedaf
275,2,0.0,2026-08-19T05:53:09.944994+00:00,8c7e18eba1488dd5a7d4bdb00d4da0a75e895717,27579a5b-d52e-4b3a-b266-e21f946cedaf
275,3,0.0,2026-08-19T05:53:09.944994+00:00,8c7e18eba1488dd5a7d4bdb00d4da0a75e895717,27579a5b-d52e-4b3a-b266-e21f946cedaf
275,4,0.0,2026-08-19T05:53:09.944994+00:00,8c7e18eba1488dd5a7d4bdb00d4da0a75e895717,27579a5b-d52e-4b3a-b266-e21f946cedaf
275,5,0.0,2026-08-19T05:53:09.944994+00:00,8c7e18eba1488dd5a7d4bdb00d4da0a75e895717,27579a5b-d52e-4b3a-b266-e21f946cedaf
275,6,0.0,2026-08-19T05:53:09.944994+00:00,8c7e18eba1488dd5a7d4bdb00d4da0a75e895717,27579a5b-d52e-4b3a-b266-e21f946cedaf
275,7,0.0,2026-08-19T05:53:09.944994+00:00,8c7e18eba1488dd5a7d4bdb00d4da0a75e895717,27579a5b-d52e-4b3a-b266-e21f946cedaf
275,8,0.0,2026-08-19T05:53:09.944994+00:00,8c7e18eba1488dd5a7d4bdb00d4da0a75e895717,27579a5b-d52e-4b3a-b266-e21f946cedaf
276,1,0.0,2026-08-19T05:53:09.944994+00:00,8c7e18eba1488dd5a7d4bdb00d4da0a75e895717,27579a5b-d52e-4b3a-b266-e21f946cedaf
276,2,0.0,2026-08-19T05:53:09.944994+00:00,8c7e18eba1488dd5a7d4bdb00d4da0a75e895717,27579a5b-d52e-4b3a-b266-e21f946cedaf
276,3,0.0,2026-08-19T05:53:09.944994+00:00,8c7e18eba1488dd5a7d4bdb00d4da0a75e895717,27579a5b-d52e-4b3a-b266-e21f946cedaf
276,4,0.0,2026-08-19T05:53:09.944994+00:00,8c7e18eba1488dd5a7d4bdb00d4da0a75e895717,27579a5b-d52e-4b3a-b266-e21f946cedaf
276,5,0.0,2026-08-19T05:53:09.944994+00:00,8c7e18eba1488dd5a7d4bdb00d4da0a75e895717,27579a5b-d52e-4b3a-b266-e21f946cedaf
276,6,0.0,2026-08-19T05:53:09.944994+00:00,8c7e18eba1488dd5a7d4bdb00d4da0a75e895717,27579a5b-d52e-4b3a-b266-e21f946cedaf
276,7,0.0,2026-08-19T05:53:09.944994+00:00,8c7e18eba1488dd5a7d4bdb00d4da0a75e895717,27579a5b-d52e-4b3a-b266-e21f946cedaf
276,8,0.0,2026-08-19T05:53:09.944994+00:00,8c7e18eba1488dd5a7d4bdb00d4da0a75e895717,27579a5b-d52e-4b3a-b266-e21f946cedaf
277,1,0.0,2026-08-19T05:53:09.944994+00:00,8c7e18eba1488dd5a7d4bdb00d4da0a75e895717,27579a5b-d52e-4b3a-b266-e21f946cedaf
277,2,0.0,2026-08-19T05:53:09.944994+00:00,8c7e18eba1488dd5a7d4bdb00d4da0a75e895717,27579a5b-d52e-4b3a-b266-e21f946cedaf
277,3,0.0,2026-08-19T05:53:09.944994+00:00,8c7e18eba1488dd5a7d4bdb00d4da0a75e895717,27579a5b-d52e-4b3a-b266-e21f946cedaf
277,4,0.0,2026-08-19T05:53:09.944994+00:00,8c7e18eba1488dd5a7d4bdb00d4da0a75e895717,27579a5b-d52e-4b3a-b266-e21f946cedaf
277,5,0.0,2026-08-19T05:53:09.944994+00:00,8c7e18eba1488dd5a7d4bdb00d4da0a75e895717,27579a5b-d52e-4b3a-b266-e21f946cedaf
277,6,0.0,2026-08-19T05:53:09.944994+00:00,8c7e18eba1488dd5a7d4bdb00d4da0a75e895717,27579a5b-d52e-4b3a-b266-e21f946cedaf
277,7,0.0,2026-08-19T05:53:09.944994+00:00,8c7e18eba1488dd5a7d4bdb00d4da0a75e895717,27579a5b-d52e-4b3a-b266-e21f946cedaf
277,8,0.0,2026-08-19T05:53:09.944994+00:00,8c7e18eba1488dd5a7d4bdb00d4da0a75e895717,27579a5b-d52e-4b3a-b266-e21f946cedaf
278,1,0.0,2026-08-19T05:53:09.944994+00:00,8c7e18eba1488dd5a7d4bdb00d4da0a75e895717,27579a5b-d52e-4b3a-b266-e21f946cedaf
278,2,0.0,2026-08-19T05:53:09.944994+00:00,8c7e18eba1488dd5a7d4bdb00d4da0a75e895717,27579a5b-d52e-4b3a-b266-e21f946cedaf
278,3,0.0,2026-08-19T05:53:09.944994+00:00,8c7e18eba1488dd5a7d4bdb00d4da0a75e895717,27579a5b-d52e-4b3a-b266-e21f946cedaf
278,4,0.0,2026-08-19T05:53:09.944994+00:00,8c7e18eba1488dd5a7d4bdb00d4da0a75e895717,27579a5b-d52e-4b3a-b266-e21f946cedaf
278,5,0.0,2026-08-19T05:53:09.944994+00:00,8c7e18eba1488dd5a7d4bdb00d4da0a75e895717,27579a5b-d52e-4b3a-b266-e21f946cedaf
278,6,0.0,2026-08-19T05:53:09.944994+00:00,8c7e18eba1488dd5a7d4bdb00d4da0a75e895717,27579a5b-d52e-4b3a-b266-e21f946cedaf
278,7,0.0,2026-08-19T05:53:09.944994+00:00,8c7e18eba1488dd5a7d4bdb00d4da0a75e895717,27579a5b-d52e-4b3a-b266-e21f946cedaf
278,8,0.0,2026-08-19T05:53:09.944994+00:00,8c7e18eba1488dd5a7d4bdb00d4da0a75e895717,27579a5b-d52e-4b3a-b266-e21f946cedaf
279,1,0.0,2026-08-19T05:53:09.944994+00:00,8c7e18eba1488dd5a7d4bdb00d4da0a75e895717,27579a5b-d52e-4b3a-b266-e21f946cedaf
279,2,0.0,2026-08-19T05:53:09.944994+00:00,8c7e18eba1488dd5a7d4bdb00d4da0a75e895717,27579a5b-d52e-4b3a-b266-e21f946cedaf
279,3,0.0,2026-08-19T05:53:09.944994+00:00,8c7e18eba1488dd5a7d4bdb00d4da0a75e895717,27579a5b-d52e-4b3a-b266-e21f946cedaf
279,4,0.0,2026-08-19T05:53:09.944994+00:00,8c7e18eba1488dd5a7d4bdb00d4da0a75e895717,27579a5b-d52e-4b3a-b266-e21f946cedaf
279,5,0.0,2026-08-19T05:53:09.944994+00:00,8c7e18eba1488dd5a7d4bdb00d4da0a75e895717,27579a5b-d52e-4b3a-b266-e21f946cedaf
279,6,0.0,2026-08-19T05:53:09.944994+00:00,8c7e18eba1488dd5a7d4bdb00d4da0a75e895717,27579a5b-d52e-4b3a-b266-e21f946cedaf
279,7,0.0,2026-08-19T05:53:09.944994+00:00,8c7e18eba1488dd5a7d4bdb00d4da0a75e895717,27579a5b-d52e-4b3a-b266-e21f946cedaf
279,8,0.0,2026-08-19T05:53:09.944994+00:00,8c7e18eba1488dd5a7d4bdb00d4da0a75e895717,27579a5b-d52e-4b3a-b266-e21f946cedaf
280,1,0.0,2026-08-19T05:53:09.944994+00:00,8c7e18eba1488dd5a7d4bdb00d4da0a75e895717,27579a5b-d52e-4b3a-b266-e21f946cedaf
280,2,0.0,2026-08-19T05:53:09.944994+00:00,8c7e18eba1488dd5a7d4bdb00d4da0a75e895717,27579a5b-d52e-4b3a-b266-e21f946cedaf
280,3,0.0,2026-08-19T05:53:09.944994+00:00,8c7e18eba1488dd5a7d4bdb00d4da0a75e895717,27579a5b-d52e-4b3a-b266-e21f946cedaf
280,4,0.0,2026-08-19T05:53:09.944994+00:00,8c7e18eba1488dd5a7d4bdb00d4da0a75e895717,27579a5b-d52e-4b3a-b266-e21f946cedaf
280,5,0.0,2026-08-19T05:53:09.944994+00:00,8c7e18eba1488dd5a7d4bdb00d4da0a75e895717,27579a5b-d52e-4b3a-b266-e21f946cedaf
280,6,0.0,2026-08-19T05:53:09.944994+00:00,8c7e18eba1488dd5a7d4bdb00d4da0a75e895717,27579a5b-d52e-4b3a-b266-e21f946cedaf
280,7,0.0,2026-08-19T05:53:09.944994+00:00,8c7e18eba1488dd5a7d4bdb00d4da0a75e895717,27579a5b-d52e-4b3a-b266-e21f946cedaf
280,8,0.0,2026-08-19T05:53:09.944994+00:00,8c7e18eba1488dd5a7d4bdb00d4da0a75e895717,27579a5b-d52e-4b3a-b266-e21f946cedaf
281,1,0.0,2026-08-19T05:53:09.944994+00:00,8c7e18eba1488dd5a7d4bdb00d4da0a75e895717,27579a5b-d52e-4b3a-b266-e21f946cedaf
281,2,0.0,2026-08-19T05:53:09.944994+00:00,8c7e18eba1488dd5a7d4bdb00d4da0a75e895717,27579a5b-d52e-4b3a-b266-e21f946cedaf
281,3,0.0,2026-08-19T05:53:09.944994+00:00,8c7e18eba1488dd5a7d4bdb00d4da0a75e895717,27579a5b-d52e-4b3a-b266-e21f946cedaf
281,4,0.0,2026-08-19T05:53:09.944994+00:00,8c7e18eba1488dd5a7d4bdb00d4da0a75e895717,27579a5b-d52e-4b3a-b266-e21f946cedaf
281,5,0.0,2026-08-19T05:53:09.944994+00:00,8c7e18eba1488dd5a7d4bdb00d4da0a75e895717,27579a5b-d52e-4b3a-b266-e21f946cedaf
281,6,0.0,2026-08-19T05:53:09.944994+00:00,8c7e18eba1488dd5a7d4bdb00d4da0a75e895717,27579a5b-d52e-4b3a-b266-e21f946cedaf
281,7,0.0,2026-08-19T05:53:09.944994+00:00,8c7e18eba1488dd5a7d4bdb00d4da0a75e895717,27579a5b-d52e-4b3a-b266-e21f946cedaf
281,8,0.0,2026-08-19T05:53:09.944994+00:00,8c7e18eba1488dd5a7d4bdb00d4da0a75e895717,27579a5b-d52e-4b3a-b266-e21f946cedaf
282,1,0.0,2026-08-19T05:53:09.944994+00:00,8c7e18eba1488dd5a7d4bdb00d4da0a75e895717,27579a5b-d52e-4b3a-b266-e21f946cedaf
282,2,0.0,2026-08-19T05:53:09.944994+00:00,8c7e18eba1488dd5a7d4bdb00d4da0a75e895717,27579a5b-d52e-4b3a-b266-e21f946cedaf
282,3,0.0,2026-08-19T05:53:09.944994+00:00,8c7e18eba1488dd5a7d4bdb00d4da0a75e895717,27579a5b-d52e-4b3a-b266-e21f946cedaf
282,4,0.0,2026-08-19T05:53:09.944994+00:00,8c7e18eba1488dd5a7d4bdb00d4da0a75e895717,27579a5b-d52e-4b3a-b266-e21f946cedaf
282,5,0.0,2026-08-19T05:53:09.944994+00:00,8c7e18eba1488dd5a7d4bdb00d4da0a75e895717,27579a5b-d52e-4b3a-b266-e21f946cedaf
282,6,0.0,2026-08-19T05:53:09.944994+00:00,8c7e18eba1488dd5a7d4bdb00d4da0a75e895717,27579a5b-d52e-4b3a-b266-e21f946cedaf
282,7,0.0,2026-08-19T05:53:09.944994+00:00,8c7e18eba1488dd5a7d4bdb00d4da0a75e895717,27579a5b-d52e-4b3a-b266-e21f946cedaf
282,8,0.0,2026-08-19T05:53:09.944994+00:00,8c7e18eba1488dd5a7d4bdb00d4da0a75e895717,27579a5b-d52e-4b3a-b266-e21f946cedaf
283,1,0.0,2026-08-19T05:53:09.944994+00:00,8c7e18eba1488dd5a7d4bdb00d4da0a75e895717,27579a5b-d52e-4b3a-b266-e21f946cedaf
283,2,0.0,2026-08-19T05:53:09.944994+00:00,8c7e18eba1488dd5a7d4bdb00d4da0a75e895717,27579a5b-d52e-4b3a-b266-e21f946cedaf
283,3,0.0,2026-08-19T05:53:09.944994+00:00,8c7e18eba1488dd5a7d4bdb00d4da0a75e895717,27579a5b-d52e-4b3a-b266-e21f946cedaf
283,4,0.0,2026-08-19T05:53:09.944994+00:00,8c7e18eba1488dd5a7d4bdb00d4da0a75e895717,27579a5b-d52e-4b3a-b266-e21f946cedaf
283,5,0.0,2026-08-19T05:53:09.944994+00:00,8c7e18eba1488dd5a7d4bdb00d4da0a75e895717,27579a5b-d52e-4b3a-b266-e21f946cedaf
283,6,0.0,2026-08-19T05:53:09.944994+00:00,8c7e18eba1488dd5a7d4bdb00d4da0a75e895717,27579a5b-d52e-4b3a-b266-e21f946cedaf
283,7,0.0,2026-08-19T05:53:09.944994+00:00,8c7e18eba1488dd5a7d4bdb00d4da0a75e895717,27579a5b-d52e-4b3a-b266-e21f946cedaf
283,8,0.0,2026-08-19T05:53:09.944994+00:00,8c7e18eba1488dd5a7d4bdb00d4da0a75e895717,27579a5b-d52e-4b3a-b266-e21f946cedaf
284,1,0.0,2026-08-19T05:53:09.944994+00:00,8c7e18eba1488dd5a7d4bdb00d4da0a75e895717,27579a5b-d52e-4b3a-b266-e21f946cedaf
284,2,0.0,2026-08-19T05:53:09.944994+00:00,8c7e18eba1488dd5a7d4bdb00d4da0a75e895717,27579a5b-d52e-4b3a-b266-e21f946cedaf
284,3,0.0,2026-08-19T05:53:09.944994+00:00,8c7e18eba1488dd5a7d4bdb00d4da0a75e895717,27579a5b-d52e-4b3a-b266-e21f946cedaf
284,4,0.0,2026-08-19T05:53:09.944994+00:00,8c7e18eba1488dd5a7d4bdb00d4da0a75e895717,27579a5b-d52e-4b3a-b266-e21f946cedaf
284,5,0.0,2026-08-19T05:53:09.944994+00:00,8c7e18eba1488dd5a7d4bdb00d4da0a75e895717,27579a5b-d52e-4b3a-b266-e21f946cedaf
284,6,0.0,2026-08-19T05:53:09.944994+00:00,8c7e18eba1488dd5a7d4bdb00d4da0a75e895717,27579a5b-d52e-4b3a-b266-e21f946cedaf
284,7,0.0,2026-08-19T05:53:09.944994+00:00,8c7e18eba1488dd5a7d4bdb00d4da0a75e895717,27579a5b-d52e-4b3a-b266-e21f946cedaf
284,8,0.0,2026-08-19T05:53:09.944994+00:00,8c7e18eba1488dd5a7d4bdb00d4da0a75e895717,27579a5b-d52e-4b3a-b266-e21f946cedaf
285,1,0.0,2026-08-19T05:53:09.944994+00:00,8c7e18eba1488dd5a7d4bdb00d4da0a75e895717,27579a5b-d52e-4b3a-b266-e21f946cedaf
285,2,0.0,2026-08-19T05:53:09.944994+00:00,8c7e18eba1488dd5a7d4bdb00d4da0a75e895717,27579a5b-d52e-4b3a-b266-e21f946cedaf
285,3,0.0,2026-08-19T05:53:09.944994+00:00,8c7e18eba1488dd5a7d4bdb00d4da0a75e895717,27579a5b-d52e-4b3a-b266-e21f946cedaf
285,4,0.0,2026-08-19T05:53:09.944994+00:00,8c7e18eba1488dd5a7d4bdb00d4da0a75e895717,27579a5b-d52e-4b3a-b266-e21f946cedaf
285,5,0.0,2026-08-19T05:53:09.944994+00:00,8c7e18eba1488dd5a7d4bdb00d4da0a75e895717,27579a5b-d52e-4b3a-b266-e21f946cedaf
285,6,0.0,2026-08-19T05:53:09.944994+00:00,8c7e18eba1488dd5a7d4bdb00d4da0a75e895717,27579a5b-d52e-4b3a-b266-e21f946cedaf
285,7,0.0,2026-08-19T05:53:09.944994+00:00,8c7e18eba1488dd5a7d4bdb00d4da0a75e895717,27579a5b-d52e-4b3a-b266-e21f946cedaf
285,8,0.0,2026-08-19T05:53:09.944994+00:00,8c7e18eba1488dd5a7d4bdb00d4da0a75e895717,27579a5b-d52e-4b3a-b266-e21f946cedaf
286,1,0.0,2026-08-19T05:53:09.944994+00:00,8c7e18eba1488dd5a7d4bdb00d4da0a75e895717,27579a5b-d52e-4b3a-b266-e21f946cedaf
286,2,0.0,2026-08-19T05:53:09.944994+00:00,8c7e18eba1488dd5a7d4bdb00d4da0a75e895717,27579a5b-d52e-4b3a-b266-e21f946cedaf
286,3,0.0,2026-08-19T05:53:09.944994+00:00,8c7e18eba1488dd5a7d4bdb00d4da0a75e895717,27579a5b-d52e-4b3a-b266-e21f946cedaf
286,4,0.0,2026-08-19T05:53:09.944994+00:00,8c7e18eba1488dd5a7d4bdb00d4da0a75e895717,27579a5b-d52e-4b3a-b266-e21f946cedaf
286,5,0.0,2026-08-19T05:53:09.944994+00:00,8c7e18eba1488dd5a7d4bdb00d4da0a75e895717,27579a5b-d52e-4b3a-b266-e21f946cedaf
286,6,0.0,2026-08-19T05:53:09.944994+00:00,8c7e18eba1488dd5a7d4bdb00d4da0a75e895717,27579a5b-d52e-4b3a-b266-e21f946cedaf
286,7,0.0,2026-08-19T05:53:09.944994+00:00,8c7e18eba1488dd5a7d4bdb00d4da0a75e895717,27579a5b-d52e-4b3a-b266-e21f946cedaf
286,8,0.0,2026-08-19T05:53:09.944994+00:00,8c7e18eba1488dd5a7d4bdb00d4da0a75e895717,27579a5b-d52e-4b3a-b266-e21f946cedaf
287,1,0.0,2026-08-19T05:53:09.944994+00:00,8c7e18eba1488dd5a7d4bdb00d4da0a75e895717,27579a5b-d52e-4b3a-b266-e21f946cedaf
287,2,0.0,2026-08-19T05:53:09.944994+00:00,8c7e18eba1488dd5a7d4bdb00d4da0a75e895717,27579a5b-d52e-4b3a-b266-e21f946cedaf
287,3,0.0,2026-08-19T05:53:09.944994+00:00,8c7e18eba1488dd5a7d4bdb00d4da0a75e895717,27579a5b-d52e-4b3a-b266-e21f946cedaf
287,4,0.0,2026-08-19T05:53:09.944994+00:00,8c7e18eba1488dd5a7d4bdb00d4da0a75e895717,27579a5b-d52e-4b3a-b266-e21f946cedaf
287,5,0.0,2026-08-19T05:53:09.944994+00:00,8c7e18eba1488dd5a7d4bdb00d4da0a75e895717,27579a5b-d52e-4b3a-b266-e21f946cedaf
287,6,0.0,2026-08-19T05:53:09.944994+00:00,8c7e18eba1488dd5a7d4bdb00d4da0a75e895717,27579a5b-d52e-4b3a-b266-e21f946cedaf
287,7,0.0,2026-08-19T05:53:09.944994+00:00,8c7e18eba1488dd5a7d4bdb00d4da0a75e895717,27579a5b-d52e-4b3a-b266-e21f946cedaf
287,8,0.0,2026-08-19T05:53:09.944994+00:00,8c7e18eba1488dd5a7d4bdb00d4da0a75e895717,27579a5b-d52e-4b3a-b266-e21f946cedaf
288,1,0.0,2026-08-19T05:53:09.944994+00:00,8c7e18eba1488dd5a7d4bdb00d4da0a75e895717,27579a5b-d52e-4b3a-b266-e21f946cedaf
288,2,0.0,2026-08-19T05:53:09.944994+00:00,8c7e18eba1488dd5a7d4bdb00d4da0a75e895717,27579a5b-d52e-4b3a-b266-e21f946cedaf
288,3,0.0,2026-08-19T05:53:09.944994+00:00,8c7e18eba1488dd5a7d4bdb00d4da0a75e895717,27579a5b-d52e-4b3a-b266-e21f946cedaf
288,4,0.0,2026-08-19T05:53:09.944994+00:00,8c7e18eba1488dd5a7d4bdb00d4da0a75e895717,27579a5b-d52e-4b3a-b266-e21f946cedaf
288,5,0.0,2026-08-19T05:53:09.944994+00:00,8c7e18eba1488dd5a7d4bdb00d4da0a75e895717,27579a5b-d52e-4b3a-b266-e21f946cedaf
288,6,0.0,2026-08-19T05:53:09.944994+00:00,8c7e18eba1488dd5a7d4bdb00d4da0a75e895717,27579a5b-d52e-4b3a-b266-e21f946cedaf
288,7,0.0,2026-08-19T05:53:09.944994+00:00,8c7e18eba1488dd5a7d4bdb00d4da0a75e895717,27579a5b-d52e-4b3a-b266-e21f946cedaf
288,8,0.0,2026-08-19T05:53:09.944994+00:00,8c7e18eba1488dd5a7d4bdb00d4da0a75e895717,27579a5b-d52e-4b3a-b266-e21f946cedaf
289,1,0.0,2026-08-19T05:53:09.944994+00:00,8c7e18eba1488dd5a7d4bdb00d4da0a75e895717,27579a5b-d52e-4b3a-b266-e21f946cedaf
289,2,0.0,2026-08-19T05:53:09.944994+00:00,8c7e18eba1488dd5a7d4bdb00d4da0a75e895717,27579a5b-d52e-4b3a-b266-e21f946cedaf
289,3,0.0,2026-08-19T05:53:09.944994+00:00,8c7e18eba1488dd5a7d4bdb00d4da0a75e895717,27579a5b-d52e-4b3a-b266-e21f946cedaf
289,4,0.0,2026-08-19T05:53:09.944994+00:00,8c7e18eba1488dd5a7d4bdb00d4da0a75e895717,27579a5b-d52e-4b3a-b266-e21f946cedaf
289,5,0.0,2026-08-19T05:53:09.944994+00:00,8c7e18eba1488dd5a7d4bdb00d4da0a75e895717,27579a5b-d52e-4b3a-b266-e21f946cedaf
289,6,0.0,2026-08-19T05:53:09.944994+00:00,8c7e18eba1488dd5a7d4bdb00d4da0a75e895717,27579a5b-d52e-4b3a-b266-e21f946cedaf
289,7,0.0,2026-08-19T05:53:09.944994+00:00,8c7e18eba1488dd5a7d4bdb00d4da0a75e895717,27579a5b-d52e-4b3a-b266-e21f946cedaf
289,8,0.0,2026-08-19T05:53:09.944994+00:00,8c7e18eba1488dd5a7d4bdb00d4da0a75e895717,27579a5b-d52e-4b3a-b266-e21f946cedaf
290,1,0.0,2026-08-19T05:53:09.944994+00:00,8c7e18eba1488dd5a7d4bdb00d4da0a75e895717,27579a5b-d52e-4b3a-b266-e21f946cedaf
290,2,0.0,2026-08-19T05:53:09.944994+00:00,8c7e18eba1488dd5a7d4bdb00d4da0a75e895717,27579a5b-d52e-4b3a-b266-e21f946cedaf
290,3,0.0,2026-08-19T05:53:09.944994+00:00,8c7e18eba1488dd5a7d4bdb00d4da0a75e895717,27579a5b-d52e-4b3a-b266-e21f946cedaf
290,4,0.0,2026-08-19T05:53:09.944994+00:00,8c7e18eba1488dd5a7d4bdb00d4da0a75e895717,27579a5b-d52e-4b3a-b266-e21f946cedaf
290,5,0.0,2026-08-19T05:53:09.944994+00:00,8c7e18eba1488dd5a7d4bdb00d4da0a75e895717,27579a5b-d52e-4b3a-b266-e21f946cedaf
290,6,0.0,2026-08-19T05:53:09.944994+00:00,8c7e18eba1488dd5a7d4bdb00d4da0a75e895717,27579a5b-d52e-4b3a-b266-e21f946cedaf
290,7,0.0,2026-08-19T05:53:09.944994+00:00,8c7e18eba1488dd5a7d4bdb00d4da0a75e895717,27579a5b-d52e-4b3a-b266-e21f946cedaf
290,8,0.0,2026-08-19T05:53:09.944994+00:00,8c7e18eba1488dd5a7d4bdb00d4da0a75e895717,27579a5b-d52e-4b3a-b266-e21f946cedaf
291,1,0.0,2026-08-19T05:53:09.944994+00:00,8c7e18eba1488dd5a7d4bdb00d4da0a75e895717,27579a5b-d52e-4b3a-b266-e21f946cedaf
291,2,0.0,2026-08-19T05:53:09.944994+00:00,8c7e18eba1488dd5a7d4bdb00d4da0a75e895717,27579a5b-d52e-4b3a-b266-e21f946cedaf
291,3,0.0,2026-08-19T05:53:09.944994+00:00,8c7e18eba1488dd5a7d4bdb00d4da0a75e895717,27579a5b-d52e-4b3a-b266-e21f946cedaf
291,4,0.0,2026-08-19T05:53:09.944994+00:00,8c7e18eba1488dd5a7d4bdb00d4da0a75e895717,27579a5b-d52e-4b3a-b266-e21f946cedaf
291,5,0.0,2026-08-19T05:53:09.944994+00:00,8c7e18eba1488dd5a7d4bdb00d4da0a75e895717,27579a5b-d52e-4b3a-b266-e21f946cedaf
291,6,0.0,2026-08-19T05:53:09.944994+00:00,8c7e18eba1488dd5a7d4bdb00d4da0a75e895717,27579a5b-d52e-4b3a-b266-e21f946cedaf
291,7,0.0,2026-08-19T05:53:09.944994+00:00,8c7e18eba1488dd5a7d4bdb00d4da0a75e895717,27579a5b-d52e-4b3a-b266-e21f946cedaf
291,8,0.0,2026-08-19T05:53:09.944994+00:00,8c7e18eba1488dd5a7d4bdb00d4da0a75e895717,27579a5b-d52e-4b3a-b266-e21f946cedaf
292,1,0.0,2026-08-19T05:53:09.944994+00:00,8c7e18eba1488dd5a7d4bdb00d4da0a75e895717,27579a5b-d52e-4b3a-b266-e21f946cedaf
292,2,0.0,2026-08-19T05:53:09.944994+00:00,8c7e18eba1488dd5a7d4bdb00d4da0a75e895717,27579a5b-d52e-4b3a-b266-e21f946cedaf
292,3,0.0,2026-08-19T05:53:09.944994+00:00,8c7e18eba1488dd5a7d4bdb00d4da0a75e895717,27579a5b-d52e-4b3a-b266-e21f946cedaf
292,4,0.0,2026-08-19T05:53:09.944994+00:00,8c7e18eba1488dd5a7d4bdb00d4da0a75e895717,27579a5b-d52e-4b3a-b266-e21f946cedaf
292,5,0.0,2026-08-19T05:53:09.944994+00:00,8c7e18eba1488dd5a7d4bdb00d4da0a75e895717,27579a5b-d52e-4b3a-b266-e21f946cedaf
292,6,0.0,2026-08-19T05:53:09.944994+00:00,8c7e18eba1488dd5a7d4bdb00d4da0a75e895717,27579a5b-d52e-4b3a-b266-e21f946cedaf
292,7,0.0,2026-08-19T05:53:09.944994+00:00,8c7e18eba1488dd5a7d4bdb00d4da0a75e895717,27579a5b-d52e-4b3a-b266-e21f946cedaf
292,8,0.0,2026-08-19T05:53:09.944994+00:00,8c7e18eba1488dd5a7d4bdb00d4da0a75e895717,27579a5b-d52e-4b3a-b266-e21f946cedaf
293,1,0.0,2026-08-19T05:53:09.944994+00:00,8c7e18eba1488dd5a7d4bdb00d4da0a75e895717,27579a5b-d52e-4b3a-b266-e21f946cedaf
293,2,0.0,2026-08-19T05:53:09.944994+00:00,8c7e18eba1488dd5a7d4bdb00d4da0a75e895717,27579a5b-d52e-4b3a-b266-e21f946cedaf
293,3,0.0,2026-08-19T05:53:09.944994+00:00,8c7e18eba1488dd5a7d4bdb00d4da0a75e895717,27579a5b-d52e-4b3a-b266-e21f946cedaf
293,4,0.0,2026-08-19T05:53:09.944994+00:00,8c7e18eba1488dd5a7d4bdb00d4da0a75e895717,27579a5b-d52e-4b3a-b266-e21f946cedaf
293,5,0.0,2026-08-19T05:53:09.944994+00:00,8c7e18eba1488dd5a7d4bdb00d4da0a75e895717,27579a5b-d52e-4b3a-b266-e21f946cedaf
293,6,0.0,2026-08-19T05:53:09.944994+00:00,8c7e18eba1488dd5a7d4bdb00d4da0a75e895717,27579a5b-d52e-4b3a-b266-e21f946cedaf
293,7,0.0,2026-08-19T05:53:09.944994+00:00,8c7e18eba1488dd5a7d4bdb00d4da0a75e895717,27579a5b-d52e-4b3a-b266-e21f946cedaf
293,8,0.0,2026-08-19T05:53:09.944994+00:00,8c7e18eba1488dd5a7d4bdb00d4da0a75e895717,27579a5b-d52e-4b3a-b266-e21f946cedaf
294,1,0.0,2026-08-19T05:53:09.944994+00:00,8c7e18eba1488dd5a7d4bdb00d4da0a75e895717,27579a5b-d52e-4b3a-b266-e21f946cedaf
294,2,0.0,2026-08-19T05:53:09.944994+00:00,8c7e18eba1488dd5a7d4bdb00d4da0a75e895717,27579a5b-d52e-4b3a-b266-e21f946cedaf
294,3,0.0,2026-08-19T05:53:09.944994+00:00,8c7e18eba1488dd5a7d4bdb00d4da0a75e895717,27579a5b-d52e-4b3a-b266-e21f946cedaf
294,4,0.0,2026-08-19T05:53:09.944994+00:00,8c7e18eba1488dd5a7d4bdb00d4da0a75e895717,27579a5b-d52e-4b3a-b266-e21f946cedaf
294,5,0.0,2026-08-19T05:53:09.944994+00:00,8c7e18eba1488dd5a7d4bdb00d4da0a75e895717,27579a5b-d52e-4b3a-b266-e21f946cedaf
294,6,0.0,2026-08-19T05:53:09.944994+00:00,8c7e18eba1488dd5a7d4bdb00d4da0a75e895717,27579a5b-d52e-4b3a-b266-e21f946cedaf
294,7,0.0,2026-08-19T05:53:09.944994+00:00,8c7e18eba1488dd5a7d4bdb00d4da0a75e895717,27579a5b-d52e-4b3a-b266-e21f946cedaf
294,8,0.0,2026-08-19T05:53:09.944994+00:00,8c7e18eba1488dd5a7d4bdb00d4da0a75e895717,27579a5b-d52e-4b3a-b266-e21f946cedaf
295,1,0.0,2026-08-19T05:53:09.944994+00:00,8c7e18eba1488dd5a7d4bdb00d4da0a75e895717,27579a5b-d52e-4b3a-b266-e21f946cedaf
295,2,0.0,2026-08-19T05:53:09.944994+00:00,8c7e18eba1488dd5a7d4bdb00d4da0a75e895717,27579a5b-d52e-4b3a-b266-e21f946cedaf
295,3,0.0,2026-08-19T05:53:09.944994+00:00,8c7e18eba1488dd5a7d4bdb00d4da0a75e895717,27579a5b-d52e-4b3a-b266-e21f946cedaf
295,4,0.0,2026-08-19T05:53:09.944994+00:00,8c7e18eba1488dd5a7d4bdb00d4da0a75e895717,27579a5b-d52e-4b3a-b266-e21f946cedaf
295,5,0.0,2026-08-19T05:53:09.944994+00:00,8c7e18eba1488dd5a7d4bdb00d4da0a75e895717,27579a5b-d52e-4b3a-b266-e21f946cedaf
295,6,0.0,2026-08-19T05:53:09.944994+00:00,8c7e18eba1488dd5a7d4bdb00d4da0a75e895717,27579a5b-d52e-4b3a-b266-e21f946cedaf
295,7,0.0,2026-08-19T05:53:09.944994+00:00,8c7e18eba1488dd5a7d4bdb00d4da0a75e895717,27579a5b-d52e-4b3a-b266-e21f946cedaf
295,8,0.0,2026-08-19T05:53:09.944994+00:00,8c7e18eba1488dd5a7d4bdb00d4da0a75e895717,27579a5b-d52e-4b3a-b266-e21f946cedaf
296,1,0.0,2026-08-19T05:53:09.944994+00:00,8c7e18eba1488dd5a7d4bdb00d4da0a75e895717,27579a5b-d52e-4b3a-b266-e21f946cedaf
296,2,0.0,2026-08-19T05:53:09.944994+00:00,8c7e18eba1488dd5a7d4bdb00d4da0a75e895717,27579a5b-d52e-4b3a-b266-e21f946cedaf
296,3,0.0,2026-08-19T05:53:09.944994+00:00,8c7e18eba1488dd5a7d4bdb00d4da0a75e895717,27579a5b-d52e-4b3a-b266-e21f946cedaf
296,4,0.0,2026-08-19T05:53:09.944994+00:00,8c7e18eba1488dd5a7d4bdb00d4da0a75e895717,27579a5b-d52e-4b3a-b266-e21f946cedaf
296,5,0.0,2026-08-19T05:53:09.944994+00:00,8c7e18eba1488dd5a7d4bdb00d4da0a75e895717,27579a5b-d52e-4b3a-b266-e21f946cedaf
296,6,0.0,2026-08-19T05:53:09.944994+00:00,8c7e18eba1488dd5a7d4bdb00d4da0a75e895717,27579a5b-d52e-4b3a-b266-e21f946cedaf
296,7,0.0,2026-08-19T05:53:09.944994+00:00,8c7e18eba1488dd5a7d4bdb00d4da0a75e895717,27579a5b-d52e-4b3a-b266-e21f946cedaf
296,8,0.0,2026-08-19T05:53:09.944994+00:00,8c7e18eba1488dd5a7d4bdb00d4da0a75e895717,27579a5b-d52e-4b3a-b266-e21f946cedaf
297,1,0.0,2026-08-19T05:53:09.944994+00:00,8c7e18eba1488dd5a7d4bdb00d4da0a75e895717,27579a5b-d52e-4b3a-b266-e21f946cedaf
297,2,0.0,2026-08-19T05:53:09.944994+00:00,8c7e18eba1488dd5a7d4bdb00d4da0a75e895717,27579a5b-d52e-4b3a-b266-e21f946cedaf
297,3,0.0,2026-08-19T05:53:09.944994+00:00,8c7e18eba1488dd5a7d4bdb00d4da0a75e895717,27579a5b-d52e-4b3a-b266-e21f946cedaf
297,4,0.0,2026-08-19T05:53:09.944994+00:00,8c7e18eba1488dd5a7d4bdb00d4da0a75e895717,27579a5b-d52e-4b3a-b266-e21f946cedaf
297,5,0.0,2026-08-19T05:53:09.944994+00:00,8c7e18eba1488dd5a7d4bdb00d4da0a75e895717,27579a5b-d52e-4b3a-b266-e21f946cedaf
297,6,0.0,2026-08-19T05:53:09.944994+00:00,8c7e18eba1488dd5a7d4bdb00d4da0a75e895717,27579a5b-d52e-4b3a-b266-e21f946cedaf
297,7,0.0,2026-08-19T05:53:09.944994+00:00,8c7e18eba1488dd5a7d4bdb00d4da0a75e895717,27579a5b-d52e-4b3a-b266-e21f946cedaf
297,8,0.0,2026-08-19T05:53:09.944994+00:00,8c7e18eba1488dd5a7d4bdb00d4da0a75e895717,27579a5b-d52e-4b3a-b266-e21f946cedaf
298,1,0.0,2026-08-19T05:53:09.944994+00:00,8c7e18eba1488dd5a7d4bdb00d4da0a75e895717,27579a5b-d52e-4b3a-b266-e21f946cedaf
298,2,0.0,2026-08-19T05:53:09.944994+00:00,8c7e18eba1488dd5a7d4bdb00d4da0a75e895717,27579a5b-d52e-4b3a-b266-e21f946cedaf
298,3,0.0,2026-08-19T05:53:09.944994+00:00,8c7e18eba1488dd5a7d4bdb00d4da0a75e895717,27579a5b-d52e-4b3a-b266-e21f946cedaf
298,4,0.0,2026-08-19T05:53:09.944994+00:00,8c7e18eba1488dd5a7d4bdb00d4da0a75e895717,27579a5b-d52e-4b3a-b266-e21f946cedaf
298,5,0.0,2026-08-19T05:53:09.944994+00:00,8c7e18eba1488dd5a7d4bdb00d4da0a75e895717,27579a5b-d52e-4b3a-b266-e21f946cedaf
298,6,0.0,2026-08-19T05:53:09.944994+00:00,8c7e18eba1488dd5a7d4bdb00d4da0a75e895717,27579a5b-d52e-4b3a-b266-e21f946cedaf
298,7,0.0,2026-08-19T05:53:09.944994+00:00,8c7e18eba1488dd5a7d4bdb00d4da0a75e895717,27579a5b-d52e-4b3a-b266-e21f946cedaf
298,8,0.0,2026-08-19T05:53:09.944994+00:00,8c7e18eba1488dd5a7d4bdb00d4da0a75e895717,27579a5b-d52e-4b3a-b266-e21f946cedaf
299,1,0.0,2026-08-19T05:53:09.944994+00:00,8c7e18eba1488dd5a7d4bdb00d4da0a75e895717,27579a5b-d52e-4b3a-b266-e21f946cedaf
299,2,0.0,2026-08-19T05:53:09.944994+00:00,8c7e18eba1488dd5a7d4bdb00d4da0a75e895717,27579a5b-d52e-4b3a-b266-e21f946cedaf
299,3,0.0,2026-08-19T05:53:09.944994+00:00,8c7e18eba1488dd5a7d4bdb00d4da0a75e895717,27579a5b-d52e-4b3a-b266-e21f946cedaf
299,4,0.0,2026-08-19T05:53:09.944994+00:00,8c7e18eba1488dd5a7d4bdb00d4da0a75e895717,27579a5b-d52e-4b3a-b266-e21f946cedaf
299,5,0.0,2026-08-19T05:53:09.944994+00:00,8c7e18eba1488dd5a7d4bdb00d4da0a75e895717,27579a5b-d52e-4b3a-b266-e21f946cedaf
299,6,0.0,2026-08-19T05:53:09.944994+00:00,8c7e18eba1488dd5a7d4bdb00d4da0a75e895717,27579a5b-d52e-4b3a-b266-e21f946cedaf
299,7,0.0,2026-08-19T05:53:09.944994+00:00,8c7e18eba1488dd5a7d4bdb00d4da0a75e895717,27579a5b-d52e-4b3a-b266-e21f946cedaf
299,8,0.0,2026-08-19T05:53:09.944994+00:00,8c7e18eba1488dd5a7d4bdb00d4da0a75e895717,27579a5b-d52e-4b3a-b266-e21f946cedaf
300,1,0.0,2026-08-19T05:53:09.944994+00:00,8c7e18eba1488dd5a7d4bdb00d4da0a75e895717,27579a5b-d52e-4b3a-b266-e21f946cedaf
300,2,0.0,2026-08-19T05:53:09.944994+00:00,8c7e18eba1488dd5a7d4bdb00d4da0a75e895717,27579a5b-d52e-4b3a-b266-e21f946cedaf
300,3,0.0,2026-08-19T05:53:09.944994+00:00,8c7e18eba1488dd5a7d4bdb00d4da0a75e895717,27579a5b-d52e-4b3a-b266-e21f946cedaf
300,4,0.0,2026-08-19T05:53:09.944994+00:00,8c7e18eba1488dd5a7d4bdb00d4da0a75e895717,27579a5b-d52e-4b3a-b266-e21f946cedaf
300,5,0.0,2026-08-19T05:53:09.944994+00:00,8c7e18eba1488dd5a7d4bdb00d4da0a75e895717,27579a5b-d52e-4b3a-b266-e21f946cedaf
300,6,0.0,2026-08-19T05:53:09.944994+00:00,8c7e18eba1488dd5a7d4bdb00d4da0a75e895717,27579a5b-d52e-4b3a-b266-e21f946cedaf
300,7,0.0,2026-08-19T05:53:09.944994+00:00,8c7e18eba1488dd5a7d4bdb00d4da0a75e895717,27579a5b-d52e-4b3a-b266-e21f946cedaf
300,8,0.0,2026-08-19T05:53:09.944994+00:00,8c7e18eba1488dd5a7d4bdb00d4da0a75e895717,27579a5b-d52e-4b3a-b266-e21f946cedaf
301,1,0.0,2026-08-19T05:53:09.944994+00:00,8c7e18eba1488dd5a7d4bdb00d4da0a75e895717,27579a5b-d52e-4b3a-b266-e21f946cedaf
301,2,0.0,2026-08-19T05:53:09.944994+00:00,8c7e18eba1488dd5a7d4bdb00d4da0a75e895717,27579a5b-d52e-4b3a-b266-e21f946cedaf
301,3,0.0,2026-08-19T05:53:09.944994+00:00,8c7e18eba1488dd5a7d4bdb00d4da0a75e895717,27579a5b-d52e-4b3a-b266-e21f946cedaf
301,4,0.0,2026-08-19T05:53:09.944994+00:00,8c7e18eba1488dd5a7d4bdb00d4da0a75e895717,27579a5b-d52e-4b3a-b266-e21f946cedaf
301,5,0.0,2026-08-19T05:53:09.944994+00:00,8c7e18eba1488dd5a7d4bdb00d4da0a75e895717,27579a5b-d52e-4b3a-b266-e21f946cedaf
301,6,0.0,2026-08-19T05:53:09.944994+00:00,8c7e18eba1488dd5a7d4bdb00d4da0a75e895717,27579a5b-d52e-4b3a-b266-e21f946cedaf
301,7,0.0,2026-08-19T05:53:09.944994+00:00,8c7e18eba1488dd5a7d4bdb00d4da0a75e895717,27579a5b-d52e-4b3a-b266-e21f946cedaf
301,8,0.0,2026-08-19T05:53:09.944994+00:00,8c7e18eba1488dd5a7d4bdb00d4da0a75e895717,27579a5b-d52e-4b3a-b266-e21f946cedaf
302,1,0.0,2026-08-19T05:53:09.944994+00:00,8c7e18eba1488dd5a7d4bdb00d4da0a75e895717,27579a5b-d52e-4b3a-b266-e21f946cedaf
302,2,0.0,2026-08-19T05:53:09.944994+00:00,8c7e18eba1488dd5a7d4bdb00d4da0a75e895717,27579a5b-d52e-4b3a-b266-e21f946cedaf
302,3,0.0,2026-08-19T05:53:09.944994+00:00,8c7e18eba1488dd5a7d4bdb00d4da0a75e895717,27579a5b-d52e-4b3a-b266-e21f946cedaf
302,4,0.0,2026-08-19T05:53:09.944994+00:00,8c7e18eba1488dd5a7d4bdb00d4da0a75e895717,27579a5b-d52e-4b3a-b266-e21f946cedaf
302,5,0.0,2026-08-19T05:53:09.944994+00:00,8c7e18eba1488dd5a7d4bdb00d4da0a75e895717,27579a5b-d52e-4b3a-b266-e21f946cedaf
302,6,0.0,2026-08-19T05:53:09.944994+00:00,8c7e18eba1488dd5a7d4bdb00d4da0a75e895717,27579a5b-d52e-4b3a-b266-e21f946cedaf
302,7,0.0,2026-08-19T05:53:09.944994+00:00,8c7e18eba1488dd5a7d4bdb00d4da0a75e895717,27579a5b-d52e-4b3a-b266-e21f946cedaf
302,8,0.0,2026-08-19T05:53:09.944994+00:00,8c7e18eba1488dd5a7d4bdb00d4da0a75e895717,27579a5b-d52e-4b3a-b266-e21f946cedaf
303,1,0.0,2026-08-19T05:53:09.944994+00:00,8c7e18eba1488dd5a7d4bdb00d4da0a75e895717,27579a5b-d52e-4b3a-b266-e21f946cedaf
303,2,0.0,2026-08-19T05:53:09.944994+00:00,8c7e18eba1488dd5a7d4bdb00d4da0a75e895717,27579a5b-d52e-4b3a-b266-e21f946cedaf
303,3,0.0,2026-08-19T05:53:09.944994+00:00,8c7e18eba1488dd5a7d4bdb00d4da0a75e895717,27579a5b-d52e-4b3a-b266-e21f946cedaf
303,4,0.0,2026-08-19T05:53:09.944994+00:00,8c7e18eba1488dd5a7d4bdb00d4da0a75e895717,27579a5b-d52e-4b3a-b266-e21f946cedaf
303,5,0.0,2026-08-19T05:53:09.944994+00:00,8c7e18eba1488dd5a7d4bdb00d4da0a75e895717,27579a5b-d52e-4b3a-b266-e21f946cedaf
303,6,0.0,2026-08-19T05:53:09.944994+00:00,8c7e18eba1488dd5a7d4bdb00d4da0a75e895717,27579a5b-d52e-4b3a-b266-e21f946cedaf
303,7,0.0,2026-08-19T05:53:09.944994+00:00,8c7e18eba1488dd5a7d4bdb00d4da0a75e895717,27579a5b-d52e-4b3a-b266-e21f946cedaf
303,8,0.0,2026-08-19T05:53:09.944994+00:00,8c7e18eba1488dd5a7d4bdb00d4da0a75e895717,27579a5b-d52e-4b3a-b266-e21f946cedaf
304,1,0.0,2026-08-19T05:53:09.944994+00:00,8c7e18eba1488dd5a7d4bdb00d4da0a75e895717,27579a5b-d52e-4b3a-b266-e21f946cedaf
304,2,0.0,2026-08-19T05:53:09.944994+00:00,8c7e18eba1488dd5a7d4bdb00d4da0a75e895717,27579a5b-d52e-4b3a-b266-e21f946cedaf
304,3,0.0,2026-08-19T05:53:09.944994+00:00,8c7e18eba1488dd5a7d4bdb00d4da0a75e895717,27579a5b-d52e-4b3a-b266-e21f946cedaf
304,4,0.0,2026-08-19T05:53:09.944994+00:00,8c7e18eba1488dd5a7d4bdb00d4da0a75e895717,27579a5b-d52e-4b3a-b266-e21f946cedaf
304,5,0.0,2026-08-19T05:53:09.944994+00:00,8c7e18eba1488dd5a7d4bdb00d4da0a75e895717,27579a5b-d52e-4b3a-b266-e21f946cedaf
304,6,0.0,2026-08-19T05:53:09.944994+00:00,8c7e18eba1488dd5a7d4bdb00d4da0a75e895717,27579a5b-d52e-4b3a-b266-e21f946cedaf
304,7,0.0,2026-08-19T05:53:09.944994+00:00,8c7e18eba1488dd5a7d4bdb00d4da0a75e895717,27579a5b-d52e-4b3a-b266-e21f946cedaf
304,8,0.0,2026-08-19T05:53:09.944994+00:00,8c7e18eba1488dd5a7d4bdb00d4da0a75e895717,27579a5b-d52e-4b3a-b266-e21f946cedaf
305,1,0.0,2026-08-19T05:53:09.944994+00:00,8c7e18eba1488dd5a7d4bdb00d4da0a75e895717,27579a5b-d52e-4b3a-b266-e21f946cedaf
305,2,0.0,2026-08-19T05:53:09.944994+00:00,8c7e18eba1488dd5a7d4bdb00d4da0a75e895717,27579a5b-d52e-4b3a-b266-e21f946cedaf
305,3,0.0,2026-08-19T05:53:09.944994+00:00,8c7e18eba1488dd5a7d4bdb00d4da0a75e895717,27579a5b-d52e-4b3a-b266-e21f946cedaf
305,4,0.0,2026-08-19T05:53:09.944994+00:00,8c7e18eba1488dd5a7d4bdb00d4da0a75e895717,27579a5b-d52e-4b3a-b266-e21f946cedaf
305,5,0.0,2026-08-19T05:53:09.944994+00:00,8c7e18eba1488dd5a7d4bdb00d4da0a75e895717,27579a5b-d52e-4b3a-b266-e21f946cedaf
305,6,0.0,2026-08-19T05:53:09.944994+00:00,8c7e18eba1488dd5a7d4bdb00d4da0a75e895717,27579a5b-d52e-4b3a-b266-e21f946cedaf
305,7,0.0,2026-08-19T05:53:09.944994+00:00,8c7e18eba1488dd5a7d4bdb00d4da0a75e895717,27579a5b-d52e-4b3a-b266-e21f946cedaf
305,8,0.0,2026-08-19T05:53:09.944994+00:00,8c7e18eba1488dd5a7d4bdb00d4da0a75e895717,27579a5b-d52e-4b3a-b266-e21f946cedaf
306,1,0.0,2026-08-19T05:53:09.944994+00:00,8c7e18eba1488dd5a7d4bdb00d4da0a75e895717,27579a5b-d52e-4b3a-b266-e21f946cedaf
306,2,0.0,2026-08-19T05:53:09.944994+00:00,8c7e18eba1488dd5a7d4bdb00d4da0a75e895717,27579a5b-d52e-4b3a-b266-e21f946cedaf
306,3,0.0,2026-08-19T05:53:09.944994+00:00,8c7e18eba1488dd5a7d4bdb00d4da0a75e895717,27579a5b-d52e-4b3a-b266-e21f946cedaf
306,4,0.0,2026-08-19T05:53:09.944994+00:00,8c7e18eba1488dd5a7d4bdb00d4da0a75e895717,27579a5b-d52e-4b3a-b266-e21f946cedaf
306,5,0.0,2026-08-19T05:53:09.944994+00:00,8c7e18eba1488dd5a7d4bdb00d4da0a75e895717,27579a5b-d52e-4b3a-b266-e21f946cedaf
306,6,0.0,2026-08-19T05:53:09.944994+00:00,8c7e18eba1488dd5a7d4bdb00d4da0a75e895717,27579a5b-d52e-4b3a-b266-e21f946cedaf
306,7,0.0,2026-08-19T05:53:09.944994+00:00,8c7e18eba1488dd5a7d4bdb00d4da0a75e895717,27579a5b-d52e-4b3a-b266-e21f946cedaf
306,8,0.0,2026-08-19T05:53:09.944994+00:00,8c7e18eba1488dd5a7d4bdb00d4da0a75e895717,27579a5b-d52e-4b3a-b266-e21f946cedaf
307,1,0.0,2026-08-19T05:53:09.944994+00:00,8c7e18eba1488dd5a7d4bdb00d4da0a75e895717,27579a5b-d52e-4b3a-b266-e21f946cedaf
307,2,0.0,2026-08-19T05:53:09.944994+00:00,8c7e18eba1488dd5a7d4bdb00d4da0a75e895717,27579a5b-d52e-4b3a-b266-e21f946cedaf
307,3,0.0,2026-08-19T05:53:09.944994+00:00,8c7e18eba1488dd5a7d4bdb00d4da0a75e895717,27579a5b-d52e-4b3a-b266-e21f946cedaf
307,4,0.0,2026-08-19T05:53:09.944994+00:00,8c7e18eba1488dd5a7d4bdb00d4da0a75e895717,27579a5b-d52e-4b3a-b266-e21f946cedaf
307,5,0.0,2026-08-19T05:53:09.944994+00:00,8c7e18eba1488dd5a7d4bdb00d4da0a75e895717,27579a5b-d52e-4b3a-b266-e21f946cedaf
307,6,0.0,2026-08-19T05:53:09.944994+00:00,8c7e18eba1488dd5a7d4bdb00d4da0a75e895717,27579a5b-d52e-4b3a-b266-e21f946cedaf
307,7,0.0,2026-08-19T05:53:09.944994+00:00,8c7e18eba1488dd5a7d4bdb00d4da0a75e895717,27579a5b-d52e-4b3a-b266-e21f946cedaf
307,8,0.0,2026-08-19T05:53:09.944994+00:00,8c7e18eba1488dd5a7d4bdb00d4da0a75e895717,27579a5b-d52e-4b3a-b266-e21f946cedaf
308,1,0.0,2026-08-19T05:53:09.944994+00:00,8c7e18eba1488dd5a7d4bdb00d4da0a75e895717,27579a5b-d52e-4b3a-b266-e21f946cedaf
308,2,0.0,2026-08-19T05:53:09.944994+00:00,8c7e18eba1488dd5a7d4bdb00d4da0a75e895717,27579a5b-d52e-4b3a-b266-e21f946cedaf
308,3,0.0,2026-08-19T05:53:09.944994+00:00,8c7e18eba1488dd5a7d4bdb00d4da0a75e895717,27579a5b-d52e-4b3a-b266-e21f946cedaf
308,4,0.0,2026-08-19T05:53:09.944994+00:00,8c7e18eba1488dd5a7d4bdb00d4da0a75e895717,27579a5b-d52e-4b3a-b266-e21f946cedaf
308,5,0.0,2026-08-19T05:53:09.944994+00:00,8c7e18eba1488dd5a7d4bdb00d4da0a75e895717,27579a5b-d52e-4b3a-b266-e21f946cedaf
308,6,0.0,2026-08-19T05:53:09.944994+00:00,8c7e18eba1488dd5a7d4bdb00d4da0a75e895717,27579a5b-d52e-4b3a-b266-e21f946cedaf
308,7,0.0,2026-08-19T05:53:09.944994+00:00,8c7e18eba1488dd5a7d4bdb00d4da0a75e895717,27579a5b-d52e-4b3a-b266-e21f946cedaf
308,8,0.0,2026-08-19T05:53:09.944994+00:00,8c7e18eba1488dd5a7d4bdb00d4da0a75e895717,27579a5b-d52e-4b3a-b266-e21f946cedaf
309,1,0.0,2026-08-19T05:53:09.944994+00:00,8c7e18eba1488dd5a7d4bdb00d4da0a75e895717,27579a5b-d52e-4b3a-b266-e21f946cedaf
309,2,0.0,2026-08-19T05:53:09.944994+00:00,8c7e18eba1488dd5a7d4bdb00d4da0a75e895717,27579a5b-d52e-4b3a-b266-e21f946cedaf
309,3,0.0,2026-08-19T05:53:09.944994+00:00,8c7e18eba1488dd5a7d4bdb00d4da0a75e895717,27579a5b-d52e-4b3a-b266-e21f946cedaf
309,4,0.0,2026-08-19T05:53:09.944994+00:00,8c7e18eba1488dd5a7d4bdb00d4da0a75e895717,27579a5b-d52e-4b3a-b266-e21f946cedaf
309,5,0.0,2026-08-19T05:53:09.944994+00:00,8c7e18eba1488dd5a7d4bdb00d4da0a75e895717,27579a5b-d52e-4b3a-b266-e21f946cedaf
309,6,0.0,2026-08-19T05:53:09.944994+00:00,8c7e18eba1488dd5a7d4bdb00d4da0a75e895717,27579a5b-d52e-4b3a-b266-e21f946cedaf
309,7,0.0,2026-08-19T05:53:09.944994+00:00,8c7e18eba1488dd5a7d4bdb00d4da0a75e895717,27579a5b-d52e-4b3a-b266-e21f946cedaf
309,8,0.0,2026-08-19T05:53:09.944994+00:00,8c7e18eba1488dd5a7d4bdb00d4da0a75e895717,27579a5b-d52e-4b3a-b266-e21f946cedaf
310,1,0.0,2026-08-19T05:53:09.944994+00:00,8c7e18eba1488dd5a7d4bdb00d4da0a75e895717,27579a5b-d52e-4b3a-b266-e21f946cedaf
310,2,0.0,2026-08-19T05:53:09.944994+00:00,8c7e18eba1488dd5a7d4bdb00d4da0a75e895717,27579a5b-d52e-4b3a-b266-e21f946cedaf
310,3,0.0,2026-08-19T05:53:09.944994+00:00,8c7e18eba1488dd5a7d4bdb00d4da0a75e895717,27579a5b-d52e-4b3a-b266-e21f946cedaf
310,4,0.0,2026-08-19T05:53:09.944994+00:00,8c7e18eba1488dd5a7d4bdb00d4da0a75e895717,27579a5b-d52e-4b3a-b266-e21f946cedaf
310,5,0.0,2026-08-19T05:53:09.944994+00:00,8c7e18eba1488dd5a7d4bdb00d4da0a75e895717,27579a5b-d52e-4b3a-b266-e21f946cedaf
310,6,0.0,2026-08-19T05:53:09.944994+00:00,8c7e18eba1488dd5a7d4bdb00d4da0a75e895717,27579a5b-d52e-4b3a-b266-e21f946cedaf
310,7,0.0,2026-08-19T05:53:09.944994+00:00,8c7e18eba1488dd5a7d4bdb00d4da0a75e895717,27579a5b-d52e-4b3a-b266-e21f946cedaf
310,8,0.0,2026-08-19T05:53:09.944994+00:00,8c7e18eba1488dd5a7d4bdb00d4da0a75e895717,27579a5b-d52e-4b3a-b266-e21f946cedaf
311,1,0.0,2026-08-19T05:53:09.944994+00:00,8c7e18eba1488dd5a7d4bdb00d4da0a75e895717,27579a5b-d52e-4b3a-b266-e21f946cedaf
311,2,0.0,2026-08-19T05:53:09.944994+00:00,8c7e18eba1488dd5a7d4bdb00d4da0a75e895717,27579a5b-d52e-4b3a-b266-e21f946cedaf
311,3,0.0,2026-08-19T05:53:09.944994+00:00,8c7e18eba1488dd5a7d4bdb00d4da0a75e895717,27579a5b-d52e-4b3a-b266-e21f946cedaf
311,4,0.0,2026-08-19T05:53:09.944994+00:00,8c7e18eba1488dd5a7d4bdb00d4da0a75e895717,27579a5b-d52e-4b3a-b266-e21f946cedaf
311,5,0.0,2026-08-19T05:53:09.944994+00:00,8c7e18eba1488dd5a7d4bdb00d4da0a75e895717,27579a5b-d52e-4b3a-b266-e21f946cedaf
311,6,0.0,2026-08-19T05:53:09.944994+00:00,8c7e18eba1488dd5a7d4bdb00d4da0a75e895717,27579a5b-d52e-4b3a-b266-e21f946cedaf
311,7,0.0,2026-08-19T05:53:09.944994+00:00,8c7e18eba1488dd5a7d4bdb00d4da0a75e895717,27579a5b-d52e-4b3a-b266-e21f946cedaf
311,8,0.0,2026-08-19T05:53:09.944994+00:00,8c7e18eba1488dd5a7d4bdb00d4da0a75e895717,27579a5b-d52e-4b3a-b266-e21f946cedaf
312,1,0.0,2026-08-19T05:53:09.944994+00:00,8c7e18eba1488dd5a7d4bdb00d4da0a75e895717,27579a5b-d52e-4b3a-b266-e21f946cedaf
312,2,0.0,2026-08-19T05:53:09.944994+00:00,8c7e18eba1488dd5a7d4bdb00d4da0a75e895717,27579a5b-d52e-4b3a-b266-e21f946cedaf
312,3,0.0,2026-08-19T05:53:09.944994+00:00,8c7e18eba1488dd5a7d4bdb00d4da0a75e895717,27579a5b-d52e-4b3a-b266-e21f946cedaf
312,4,0.0,2026-08-19T05:53:09.944994+00:00,8c7e18eba1488dd5a7d4bdb00d4da0a75e895717,27579a5b-d52e-4b3a-b266-e21f946cedaf
312,5,0.0,2026-08-19T05:53:09.944994+00:00,8c7e18eba1488dd5a7d4bdb00d4da0a75e895717,27579a5b-d52e-4b3a-b266-e21f946cedaf
312,6,0.0,2026-08-19T05:53:09.944994+00:00,8c7e18eba1488dd5a7d4bdb00d4da0a75e895717,27579a5b-d52e-4b3a-b266-e21f946cedaf
312,7,0.0,2026-08-19T05:53:09.944994+00:00,8c7e18eba1488dd5a7d4bdb00d4da0a75e895717,27579a5b-d52e-4b3a-b266-e21f946cedaf
312,8,0.0,2026-08-19T05:53:09.944994+00:00,8c7e18eba1488dd5a7d4bdb00d4da0a75e895717,27579a5b-d52e-4b3a-b266-e21f946cedaf
313,1,0.0,2026-08-19T05:53:09.944994+00:00,8c7e18eba1488dd5a7d4bdb00d4da0a75e895717,27579a5b-d52e-4b3a-b266-e21f946cedaf
313,2,0.0,2026-08-19T05:53:09.944994+00:00,8c7e18eba1488dd5a7d4bdb00d4da0a75e895717,27579a5b-d52e-4b3a-b266-e21f946cedaf
313,3,0.0,2026-08-19T05:53:09.944994+00:00,8c7e18eba1488dd5a7d4bdb00d4da0a75e895717,27579a5b-d52e-4b3a-b266-e21f946cedaf
313,4,0.0,2026-08-19T05:53:09.944994+00:00,8c7e18eba1488dd5a7d4bdb00d4da0a75e895717,27579a5b-d52e-4b3a-b266-e21f946cedaf
313,5,0.0,2026-08-19T05:53:09.944994+00:00,8c7e18eba1488dd5a7d4bdb00d4da0a75e895717,27579a5b-d52e-4b3a-b266-e21f946cedaf
313,6,0.0,2026-08-19T05:53:09.944994+00:00,8c7e18eba1488dd5a7d4bdb00d4da0a75e895717,27579a5b-d52e-4b3a-b266-e21f946cedaf
313,7,0.0,2026-08-19T05:53:09.944994+00:00,8c7e18eba1488dd5a7d4bdb00d4da0a75e895717,27579a5b-d52e-4b3a-b266-e21f946cedaf
313,8,0.0,2026-08-19T05:53:09.944994+00:00,8c7e18eba1488dd5a7d4bdb00d4da0a75e895717,27579a5b-d52e-4b3a-b266-e21f946cedaf
314,1,0.0,2026-08-19T05:53:09.944994+00:00,8c7e18eba1488dd5a7d4bdb00d4da0a75e895717,27579a5b-d52e-4b3a-b266-e21f946cedaf
314,2,0.0,2026-08-19T05:53:09.944994+00:00,8c7e18eba1488dd5a7d4bdb00d4da0a75e895717,27579a5b-d52e-4b3a-b266-e21f946cedaf
314,3,0.0,2026-08-19T05:53:09.944994+00:00,8c7e18eba1488dd5a7d4bdb00d4da0a75e895717,27579a5b-d52e-4b3a-b266-e21f946cedaf
314,4,0.0,2026-08-19T05:53:09.944994+00:00,8c7e18eba1488dd5a7d4bdb00d4da0a75e895717,27579a5b-d52e-4b3a-b266-e21f946cedaf
314,5,0.0,2026-08-19T05:53:09.944994+00:00,8c7e18eba1488dd5a7d4bdb00d4da0a75e895717,27579a5b-d52e-4b3a-b266-e21f946cedaf
314,6,0.0,2026-08-19T05:53:09.944994+00:00,8c7e18eba1488dd5a7d4bdb00d4da0a75e895717,27579a5b-d52e-4b3a-b266-e21f946cedaf
314,7,0.0,2026-08-19T05:53:09.944994+00:00,8c7e18eba1488dd5a7d4bdb00d4da0a75e895717,27579a5b-d52e-4b3a-b266-e21f946cedaf
314,8,0.0,2026-08-19T05:53:09.944994+00:00,8c7e18eba1488dd5a7d4bdb00d4da0a75e895717,27579a5b-d52e-4b3a-b266-e21f946cedaf
315,1,0.0,2026-08-19T05:53:09.944994+00:00,8c7e18eba1488dd5a7d4bdb00d4da0a75e895717,27579a5b-d52e-4b3a-b266-e21f946cedaf
315,2,0.0,2026-08-19T05:53:09.944994+00:00,8c7e18eba1488dd5a7d4bdb00d4da0a75e895717,27579a5b-d52e-4b3a-b266-e21f946cedaf
315,3,0.0,2026-08-19T05:53:09.944994+00:00,8c7e18eba1488dd5a7d4bdb00d4da0a75e895717,27579a5b-d52e-4b3a-b266-e21f946cedaf
315,4,0.0,2026-08-19T05:53:09.944994+00:00,8c7e18eba1488dd5a7d4bdb00d4da0a75e895717,27579a5b-d52e-4b3a-b266-e21f946cedaf
315,5,0.0,2026-08-19T05:53:09.944994+00:00,8c7e18eba1488dd5a7d4bdb00d4da0a75e895717,27579a5b-d52e-4b3a-b266-e21f946cedaf
315,6,0.0,2026-08-19T05:53:09.944994+00:00,8c7e18eba1488dd5a7d4bdb00d4da0a75e895717,27579a5b-d52e-4b3a-b266-e21f946cedaf
315,7,0.0,2026-08-19T05:53:09.944994+00:00,8c7e18eba1488dd5a7d4bdb00d4da0a75e895717,27579a5b-d52e-4b3a-b266-e21f946cedaf
315,8,0.0,2026-08-19T05:53:09.944994+00:00,8c7e18eba1488dd5a7d4bdb00d4da0a75e895717,27579a5b-d52e-4b3a-b266-e21f946cedaf
316,1,0.0,2026-08-19T05:53:09.944994+00:00,8c7e18eba1488dd5a7d4bdb00d4da0a75e895717,27579a5b-d52e-4b3a-b266-e21f946cedaf
316,2,0.0,2026-08-19T05:53:09.944994+00:00,8c7e18eba1488dd5a7d4bdb00d4da0a75e895717,27579a5b-d52e-4b3a-b266-e21f946cedaf
316,3,0.0,2026-08-19T05:53:09.944994+00:00,8c7e18eba1488dd5a7d4bdb00d4da0a75e895717,27579a5b-d52e-4b3a-b266-e21f946cedaf
316,4,0.0,2026-08-19T05:53:09.944994+00:00,8c7e18eba1488dd5a7d4bdb00d4da0a75e895717,27579a5b-d52e-4b3a-b266-e21f946cedaf
316,5,0.0,2026-08-19T05:53:09.944994+00:00,8c7e18eba1488dd5a7d4bdb00d4da0a75e895717,27579a5b-d52e-4b3a-b266-e21f946cedaf
316,6,0.0,2026-08-19T05:53:09.944994+00:00,8c7e18eba1488dd5a7d4bdb00d4da0a75e895717,27579a5b-d52e-4b3a-b266-e21f946cedaf
316,7,0.0,2026-08-19T05:53:09.944994+00:00,8c7e18eba1488dd5a7d4bdb00d4da0a75e895717,27579a5b-d52e-4b3a-b266-e21f946cedaf
316,8,0.0,2026-08-19T05:53:09.944994+00:00,8c7e18eba1488dd5a7d4bdb00d4da0a75e895717,27579a5b-d52e-4b3a-b266-e21f946cedaf
317,1,0.0,2026-08-19T05:53:09.944994+00:00,8c7e18eba1488dd5a7d4bdb00d4da0a75e895717,27579a5b-d52e-4b3a-b266-e21f946cedaf
317,2,0.0,2026-08-19T05:53:09.944994+00:00,8c7e18eba1488dd5a7d4bdb00d4da0a75e895717,27579a5b-d52e-4b3a-b266-e21f946cedaf
317,3,0.0,2026-08-19T05:53:09.944994+00:00,8c7e18eba1488dd5a7d4bdb00d4da0a75e895717,27579a5b-d52e-4b3a-b266-e21f946cedaf
317,4,0.0,2026-08-19T05:53:09.944994+00:00,8c7e18eba1488dd5a7d4bdb00d4da0a75e895717,27579a5b-d52e-4b3a-b266-e21f946cedaf
317,5,0.0,2026-08-19T05:53:09.944994+00:00,8c7e18eba1488dd5a7d4bdb00d4da0a75e895717,27579a5b-d52e-4b3a-b266-e21f946cedaf
317,6,0.0,2026-08-19T05:53:09.944994+00:00,8c7e18eba1488dd5a7d4bdb00d4da0a75e895717,27579a5b-d52e-4b3a-b266-e21f946cedaf
317,7,0.0,2026-08-19T05:53:09.944994+00:00,8c7e18eba1488dd5a7d4bdb00d4da0a75e895717,27579a5b-d52e-4b3a-b266-e21f946cedaf
317,8,0.0,2026-08-19T05:53:09.944994+00:00,8c7e18eba1488dd5a7d4bdb00d4da0a75e895717,27579a5b-d52e-4b3a-b266-e21f946cedaf
318,1,0.0,2026-08-19T05:53:09.944994+00:00,8c7e18eba1488dd5a7d4bdb00d4da0a75e895717,27579a5b-d52e-4b3a-b266-e21f946cedaf
318,2,0.0,2026-08-19T05:53:09.944994+00:00,8c7e18eba1488dd5a7d4bdb00d4da0a75e895717,27579a5b-d52e-4b3a-b266-e21f946cedaf
318,3,0.0,2026-08-19T05:53:09.944994+00:00,8c7e18eba1488dd5a7d4bdb00d4da0a75e895717,27579a5b-d52e-4b3a-b266-e21f946cedaf
318,4,0.0,2026-08-19T05:53:09.944994+00:00,8c7e18eba1488dd5a7d4bdb00d4da0a75e895717,27579a5b-d52e-4b3a-b266-e21f946cedaf
318,5,0.0,2026-08-19T05:53:09.944994+00:00,8c7e18eba1488dd5a7d4bdb00d4da0a75e895717,27579a5b-d52e-4b3a-b266-e21f946cedaf
318,6,0.0,2026-08-19T05:53:09.944994+00:00,8c7e18eba1488dd5a7d4bdb00d4da0a75e895717,27579a5b-d52e-4b3a-b266-e21f946cedaf
318,7,0.0,2026-08-19T05:53:09.944994+00:00,8c7e18eba1488dd5a7d4bdb00d4da0a75e895717,27579a5b-d52e-4b3a-b266-e21f946cedaf
318,8,0.0,2026-08-19T05:53:09.944994+00:00,8c7e18eba1488dd5a7d4bdb00d4da0a75e895717,27579a5b-d52e-4b3a-b266-e21f946cedaf
319,1,0.0,2026-08-19T05:53:09.944994+00:00,8c7e18eba1488dd5a7d4bdb00d4da0a75e895717,27579a5b-d52e-4b3a-b266-e21f946cedaf
319,2,0.0,2026-08-19T05:53:09.944994+00:00,8c7e18eba1488dd5a7d4bdb00d4da0a75e895717,27579a5b-d52e-4b3a-b266-e21f946cedaf
319,3,0.0,2026-08-19T05:53:09.944994+00:00,8c7e18eba1488dd5a7d4bdb00d4da0a75e895717,27579a5b-d52e-4b3a-b266-e21f946cedaf
319,4,0.0,2026-08-19T05:53:09.944994+00:00,8c7e18eba1488dd5a7d4bdb00d4da0a75e895717,27579a5b-d52e-4b3a-b266-e21f946cedaf
319,5,0.0,2026-08-19T05:53:09.944994+00:00,8c7e18eba1488dd5a7d4bdb00d4da0a75e895717,27579a5b-d52e-4b3a-b266-e21f946cedaf
319,6,0.0,2026-08-19T05:53:09.944994+00:00,8c7e18eba1488dd5a7d4bdb00d4da0a75e895717,27579a5b-d52e-4b3a-b266-e21f946cedaf
319,7,0.0,2026-08-19T05:53:09.944994+00:00,8c7e18eba1488dd5a7d4bdb00d4da0a75e895717,27579a5b-d52e-4b3a-b266-e21f946cedaf
319,8,0.0,2026-08-19T05:53:09.944994+00:00,8c7e18eba1488dd5a7d4bdb00d4da0a75e895717,27579a5b-d52e-4b3a-b266-e21f946cedaf
320,1,0.0,2026-08-19T05:53:09.944994+00:00,8c7e18eba1488dd5a7d4bdb00d4da0a75e895717,27579a5b-d52e-4b3a-b266-e21f946cedaf
320,2,0.0,2026-08-19T05:53:09.944994+00:00,8c7e18eba1488dd5a7d4bdb00d4da0a75e895717,27579a5b-d52e-4b3a-b266-e21f946cedaf
320,3,0.0,2026-08-19T05:53:09.944994+00:00,8c7e18eba1488dd5a7d4bdb00d4da0a75e895717,27579a5b-d52e-4b3a-b266-e21f946cedaf
320,4,0.0,2026-08-19T05:53:09.944994+00:00,8c7e18eba1488dd5a7d4bdb00d4da0a75e895717,27579a5b-d52e-4b3a-b266-e21f946cedaf
320,5,0.0,2026-08-19T05:53:09.944994+00:00,8c7e18eba1488dd5a7d4bdb00d4da0a75e895717,27579a5b-d52e-4b3a-b266-e21f946cedaf
320,6,0.0,2026-08-19T05:53:09.944994+00:00,8c7e18eba1488dd5a7d4bdb00d4da0a75e895717,27579a5b-d52e-4b3a-b266-e21f946cedaf
320,7,0.0,2026-08-19T05:53:09.944994+00:00,8c7e18eba1488dd5a7d4bdb00d4da0a75e895717,27579a5b-d52e-4b3a-b266-e21f946cedaf
320,8,0.0,2026-08-19T05:53:09.944994+00:00,8c7e18eba1488dd5a7d4bdb00d4da0a75e895717,27579a5b-d52e-4b3a-b266-e21f946cedaf
321,1,0.0,2026-08-19T05:53:09.944994+00:00,8c7e18eba1488dd5a7d4bdb00d4da0a75e895717,27579a5b-d52e-4b3a-b266-e21f946cedaf
321,2,0.0,2026-08-19T05:53:09.944994+00:00,8c7e18eba1488dd5a7d4bdb00d4da0a75e895717,27579a5b-d52e-4b3a-b266-e21f946cedaf
321,3,0.0,2026-08-19T05:53:09.944994+00:00,8c7e18eba1488dd5a7d4bdb00d4da0a75e895717,27579a5b-d52e-4b3a-b266-e21f946cedaf
321,4,0.0,2026-08-19T05:53:09.944994+00:00,8c7e18eba1488dd5a7d4bdb00d4da0a75e895717,27579a5b-d52e-4b3a-b266-e21f946cedaf
321,5,0.0,2026-08-19T05:53:09.944994+00:00,8c7e18eba1488dd5a7d4bdb00d4da0a75e895717,27579a5b-d52e-4b3a-b266-e21f946cedaf
321,6,0.0,2026-08-19T05:53:09.944994+00:00,8c7e18eba1488dd5a7d4bdb00d4da0a75e895717,27579a5b-d52e-4b3a-b266-e21f946cedaf
321,7,0.0,2026-08-19T05:53:09.944994+00:00,8c7e18eba1488dd5a7d4bdb00d4da0a75e895717,27579a5b-d52e-4b3a-b266-e21f946cedaf
321,8,0.0,2026-08-19T05:53:09.944994+00:00,8c7e18eba1488dd5a7d4bdb00d4da0a75e895717,27579a5b-d52e-4b3a-b266-e21f946cedaf
322,1,0.0,2026-08-19T05:53:09.944994+00:00,8c7e18eba1488dd5a7d4bdb00d4da0a75e895717,27579a5b-d52e-4b3a-b266-e21f946cedaf
322,2,0.0,2026-08-19T05:53:09.944994+00:00,8c7e18eba1488dd5a7d4bdb00d4da0a75e895717,27579a5b-d52e-4b3a-b266-e21f946cedaf
322,3,0.0,2026-08-19T05:53:09.944994+00:00,8c7e18eba1488dd5a7d4bdb00d4da0a75e895717,27579a5b-d52e-4b3a-b266-e21f946cedaf
322,4,0.0,2026-08-19T05:53:09.944994+00:00,8c7e18eba1488dd5a7d4bdb00d4da0a75e895717,27579a5b-d52e-4b3a-b266-e21f946cedaf
322,5,0.0,2026-08-19T05:53:09.944994+00:00,8c7e18eba1488dd5a7d4bdb00d4da0a75e895717,27579a5b-d52e-4b3a-b266-e21f946cedaf
322,6,0.0,2026-08-19T05:53:09.944994+00:00,8c7e18eba1488dd5a7d4bdb00d4da0a75e895717,27579a5b-d52e-4b3a-b266-e21f946cedaf
322,7,0.0,2026-08-19T05:53:09.944994+00:00,8c7e18eba1488dd5a7d4bdb00d4da0a75e895717,27579a5b-d52e-4b3a-b266-e21f946cedaf
322,8,0.0,2026-08-19T05:53:09.944994+00:00,8c7e18eba1488dd5a7d4bdb00d4da0a75e895717,27579a5b-d52e-4b3a-b266-e21f946cedaf
323,1,0.0,2026-08-19T05:53:09.944994+00:00,8c7e18eba1488dd5a7d4bdb00d4da0a75e895717,27579a5b-d52e-4b3a-b266-e21f946cedaf
323,2,0.0,2026-08-19T05:53:09.944994+00:00,8c7e18eba1488dd5a7d4bdb00d4da0a75e895717,27579a5b-d52e-4b3a-b266-e21f946cedaf
323,3,0.0,2026-08-19T05:53:09.944994+00:00,8c7e18eba1488dd5a7d4bdb00d4da0a75e895717,27579a5b-d52e-4b3a-b266-e21f946cedaf
323,4,0.0,2026-08-19T05:53:09.944994+00:00,8c7e18eba1488dd5a7d4bdb00d4da0a75e895717,27579a5b-d52e-4b3a-b266-e21f946cedaf
323,5,0.0,2026-08-19T05:53:09.944994+00:00,8c7e18eba1488dd5a7d4bdb00d4da0a75e895717,27579a5b-d52e-4b3a-b266-e21f946cedaf
323,6,0.0,2026-08-19T05:53:09.944994+00:00,8c7e18eba1488dd5a7d4bdb00d4da0a75e895717,27579a5b-d52e-4b3a-b266-e21f946cedaf
323,7,0.0,2026-08-19T05:53:09.944994+00:00,8c7e18eba1488dd5a7d4bdb00d4da0a75e895717,27579a5b-d52e-4b3a-b266-e21f946cedaf
323,8,0.0,2026-08-19T05:53:09.944994+00:00,8c7e18eba1488dd5a7d4bdb00d4da0a75e895717,27579a5b-d52e-4b3a-b266-e21f946cedaf
324,1,0.0,2026-08-19T05:53:09.944994+00:00,8c7e18eba1488dd5a7d4bdb00d4da0a75e895717,27579a5b-d52e-4b3a-b266-e21f946cedaf
324,2,0.0,2026-08-19T05:53:09.944994+00:00,8c7e18eba1488dd5a7d4bdb00d4da0a75e895717,27579a5b-d52e-4b3a-b266-e21f946cedaf
324,3,0.0,2026-08-19T05:53:09.944994+00:00,8c7e18eba1488dd5a7d4bdb00d4da0a75e895717,27579a5b-d52e-4b3a-b266-e21f946cedaf
324,4,0.0,2026-08-19T05:53:09.944994+00:00,8c7e18eba1488dd5a7d4bdb00d4da0a75e895717,27579a5b-d52e-4b3a-b266-e21f946cedaf
324,5,0.0,2026-08-19T05:53:09.944994+00:00,8c7e18eba1488dd5a7d4bdb00d4da0a75e895717,27579a5b-d52e-4b3a-b266-e21f946cedaf
324,6,0.0,2026-08-19T05:53:09.944994+00:00,8c7e18eba1488dd5a7d4bdb00d4da0a75e895717,27579a5b-d52e-4b3a-b266-e21f946cedaf
324,7,0.0,2026-08-19T05:53:09.944994+00:00,8c7e18eba1488dd5a7d4bdb00d4da0a75e895717,27579a5b-d52e-4b3a-b266-e21f946cedaf
324,8,0.0,2026-08-19T05:53:09.944994+00:00,8c7e18eba1488dd5a7d4bdb00d4da0a75e895717,27579a5b-d52e-4b3a-b266-e21f946cedaf
325,1,0.0,2026-08-19T05:53:09.944994+00:00,8c7e18eba1488dd5a7d4bdb00d4da0a75e895717,27579a5b-d52e-4b3a-b266-e21f946cedaf
325,2,0.0,2026-08-19T05:53:09.944994+00:00,8c7e18eba1488dd5a7d4bdb00d4da0a75e895717,27579a5b-d52e-4b3a-b266-e21f946cedaf
325,3,0.0,2026-08-19T05:53:09.944994+00:00,8c7e18eba1488dd5a7d4bdb00d4da0a75e895717,27579a5b-d52e-4b3a-b266-e21f946cedaf
325,4,0.0,2026-08-19T05:53:09.944994+00:00,8c7e18eba1488dd5a7d4bdb00d4da0a75e895717,27579a5b-d52e-4b3a-b266-e21f946cedaf
325,5,0.0,2026-08-19T05:53:09.944994+00:00,8c7e18eba1488dd5a7d4bdb00d4da0a75e895717,27579a5b-d52e-4b3a-b266-e21f946cedaf
325,6,0.0,2026-08-19T05:53:09.944994+00:00,8c7e18eba1488dd5a7d4bdb00d4da0a75e895717,27579a5b-d52e-4b3a-b266-e21f946cedaf
325,7,0.0,2026-08-19T05:53:09.944994+00:00,8c7e18eba1488dd5a7d4bdb00d4da0a75e895717,27579a5b-d52e-4b3a-b266-e21f946cedaf
325,8,0.0,2026-08-19T05:53:09.944994+00:00,8c7e18eba1488dd5a7d4bdb00d4da0a75e895717,27579a5b-d52e-4b3a-b266-e21f946cedaf
326,1,0.0,2026-08-19T05:53:09.944994+00:00,8c7e18eba1488dd5a7d4bdb00d4da0a75e895717,27579a5b-d52e-4b3a-b266-e21f946cedaf
326,2,0.0,2026-08-19T05:53:09.944994+00:00,8c7e18eba1488dd5a7d4bdb00d4da0a75e895717,27579a5b-d52e-4b3a-b266-e21f946cedaf
326,3,0.0,2026-08-19T05:53:09.944994+00:00,8c7e18eba1488dd5a7d4bdb00d4da0a75e895717,27579a5b-d52e-4b3a-b266-e21f946cedaf
326,4,0.0,2026-08-19T05:53:09.944994+00:00,8c7e18eba1488dd5a7d4bdb00d4da0a75e895717,27579a5b-d52e-4b3a-b266-e21f946cedaf
326,5,0.0,2026-08-19T05:53:09.944994+00:00,8c7e18eba1488dd5a7d4bdb00d4da0a75e895717,27579a5b-d52e-4b3a-b266-e21f946cedaf
326,6,0.0,2026-08-19T05:53:09.944994+00:00,8c7e18eba1488dd5a7d4bdb00d4da0a75e895717,27579a5b-d52e-4b3a-b266-e21f946cedaf
326,7,0.0,2026-08-19T05:53:09.944994+00:00,8c7e18eba1488dd5a7d4bdb00d4da0a75e895717,27579a5b-d52e-4b3a-b266-e21f946cedaf
326,8,0.0,2026-08-19T05:53:09.944994+00:00,8c7e18eba1488dd5a7d4bdb00d4da0a75e895717,27579a5b-d52e-4b3a-b266-e21f946cedaf
327,1,3.8745150566101074,2026-08-19T05:53:09.944994+00:00,8c7e18eba1488dd5a7d4bdb00d4da0a75e895717,27579a5b-d52e-4b3a-b266-e21f946cedaf
327,2,4.049501419067383,2026-08-19T05:53:09.944994+00:00,8c7e18eba1488dd5a7d4bdb00d4da0a75e895717,27579a5b-d52e-4b3a-b266-e21f946cedaf
327,3,3.640124797821045,2026-08-19T05:53:09.944994+00:00,8c7e18eba1488dd5a7d4bdb00d4da0a75e895717,27579a5b-d52e-4b3a-b266-e21f946cedaf
327,4,3.9819774627685547,2026-08-19T05:53:09.944994+00:00,8c7e18eba1488dd5a7d4bdb00d4da0a75e895717,27579a5b-d52e-4b3a-b266-e21f946cedaf
327,5,4.1981024742126465,2026-08-19T05:53:09.944994+00:00,8c7e18eba1488dd5a7d4bdb00d4da0a75e895717,27579a5b-d52e-4b3a-b266-e21f946cedaf
327,6,3.004110336303711,2026-08-19T05:53:09.944994+00:00,8c7e18eba1488dd5a7d4bdb00d4da0a75e895717,27579a5b-d52e-4b3a-b266-e21f946cedaf
327,7,3.822660446166992,2026-08-19T05:53:09.944994+00:00,8c7e18eba1488dd5a7d4bdb00d4da0a75e895717,27579a5b-d52e-4b3a-b266-e21f946cedaf
327,8,3.9900999069213867,2026-08-19T05:53:09.944994+00:00,8c7e18eba1488dd5a7d4bdb00d4da0a75e895717,27579a5b-d52e-4b3a-b266-e21f946cedaf
328,1,0.0,2026-08-19T05:53:09.944994+00:00,8c7e18eba1488dd5a7d4bdb00d4da0a75e895717,27579a5b-d52e-4b3a-b266-e21f946cedaf
328,2,0.0,2026-08-19T05:53:09.944994+00:00,8c7e18eba1488dd5a7d4bdb00d4da0a75e895717,27579a5b-d52e-4b3a-b266-e21f946cedaf
328,3,0.0,2026-08-19T05:53:09.944994+00:00,8c7e18eba1488dd5a7d4bdb00d4da0a75e895717,27579a5b-d52e-4b3a-b266-e21f946cedaf
328,4,0.0,2026-08-19T05:53:09.944994+00:00,8c7e18eba1488dd5a7d4bdb00d4da0a75e895717,27579a5b-d52e-4b3a-b266-e21f946cedaf
328,5,0.0,2026-08-19T05:53:09.944994+00:00,8c7e18eba1488dd5a7d4bdb00d4da0a75e895717,27579a5b-d52e-4b3a-b266-e21f946cedaf
328,6,0.0,2026-08-19T05:53:09.944994+00:00,8c7e18eba1488dd5a7d4bdb00d4da0a75e895717,27579a5b-d52e-4b3a-b266-e21f946cedaf
328,7,0.0,2026-08-19T05:53:09.944994+00:00,8c7e18eba1488dd5a7d4bdb00d4da0a75e895717,27579a5b-d52e-4b3a-b266-e21f946cedaf
328,8,0.0,2026-08-19T05:53:09.944994+00:00,8c7e18eba1488dd5a7d4bdb00d4da0a75e895717,27579a5b-d52e-4b3a-b266-e21f946cedaf
329,1,3.460819721221924,2026-08-19T05:53:09.944994+00:00,8c7e18eba1488dd5a7d4bdb00d4da0a75e895717,27579a5b-d52e-4b3a-b266-e21f946cedaf
329,2,3.619807004928589,2026-08-19T05:53:09.944994+00:00,8c7e18eba1488dd5a7d4bdb00d4da0a75e895717,27579a5b-d52e-4b3a-b266-e21f946cedaf
329,3,3.216313123703003,2026-08-19T05:53:09.944994+00:00,8c7e18eba1488dd5a7d4bdb00d4da0a75e895717,27579a5b-d52e-4b3a-b266-e21f946cedaf
329,4,3.5529630184173584,2026-08-19T05:53:09.944994+00:00,8c7e18eba1488dd5a7d4bdb00d4da0a75e895717,27579a5b-d52e-4b3a-b266-e21f946cedaf
329,5,3.775729179382324,2026-08-19T05:53:09.944994+00:00,8c7e18eba1488dd5a7d4bdb00d4da0a75e895717,27579a5b-d52e-4b3a-b266-e21f946cedaf
329,6,2.577460765838623,2026-08-19T05:53:09.944994+00:00,8c7e18eba1488dd5a7d4bdb00d4da0a75e895717,27579a5b-d52e-4b3a-b266-e21f946cedaf
329,7,3.3915064334869385,2026-08-19T05:53:09.944994+00:00,8c7e18eba1488dd5a7d4bdb00d4da0a75e895717,27579a5b-d52e-4b3a-b266-e21f946cedaf
329,8,3.5774686336517334,2026-08-19T05:53:09.944994+00:00,8c7e18eba1488dd5a7d4bdb00d4da0a75e895717,27579a5b-d52e-4b3a-b266-e21f946cedaf
330,1,3.076139211654663,2026-08-19T05:53:09.944994+00:00,8c7e18eba1488dd5a7d4bdb00d4da0a75e895717,27579a5b-d52e-4b3a-b266-e21f946cedaf
330,2,3.2776262760162354,2026-08-19T05:53:09.944994+00:00,8c7e18eba1488dd5a7d4bdb00d4da0a75e895717,27579a5b-d52e-4b3a-b266-e21f946cedaf
330,3,2.8528010845184326,2026-08-19T05:53:09.944994+00:00,8c7e18eba1488dd5a7d4bdb00d4da0a75e895717,27579a5b-d52e-4b3a-b266-e21f946cedaf
330,4,3.2080328464508057,2026-08-19T05:53:09.944994+00:00,8c7e18eba1488dd5a7d4bdb00d4da0a75e895717,27579a5b-d52e-4b3a-b266-e21f946cedaf
330,5,3.417527437210083,2026-08-19T05:53:09.944994+00:00,8c7e18eba1488dd5a7d4bdb00d4da0a75e895717,27579a5b-d52e-4b3a-b266-e21f946cedaf
330,6,2.208259105682373,2026-08-19T05:53:09.944994+00:00,8c7e18eba1488dd5a7d4bdb00d4da0a75e895717,27579a5b-d52e-4b3a-b266-e21f946cedaf
330,7,3.0493311882019043,2026-08-19T05:53:09.944994+00:00,8c7e18eba1488dd5a7d4bdb00d4da0a75e895717,27579a5b-d52e-4b3a-b266-e21f946cedaf
330,8,3.191922426223755,2026-08-19T05:53:09.944994+00:00,8c7e18eba1488dd5a7d4bdb00d4da0a75e895717,27579a5b-d52e-4b3a-b266-e21f946cedaf
331,1,0.0,2026-08-19T05:53:09.944994+00:00,8c7e18eba1488dd5a7d4bdb00d4da0a75e895717,27579a5b-d52e-4b3a-b266-e21f946cedaf
331,2,3.1057302951812744,2026-08-19T05:53:09.944994+00:00,8c7e18eba1488dd5a7d4bdb00d4da0a75e895717,27579a5b-d52e-4b3a-b266-e21f946cedaf
331,3,2.769573926925659,2026-08-19T05:53:09.944994+00:00,8c7e18eba1488dd5a7d4bdb00d4da0a75e895717,27579a5b-d52e-4b3a-b266-e21f946cedaf
331,4,3.0489532947540283,2026-08-19T05:53:09.944994+00:00,8c7e18eba1488dd5a7d4bdb00d4da0a75e895717,27579a5b-d52e-4b3a-b266-e21f946cedaf
331,5,3.2609071731567383,2026-08-19T05:53:09.944994+00:00,8c7e18eba1488dd5a7d4bdb00d4da0a75e895717,27579a5b-d52e-4b3a-b266-e21f946cedaf
331,6,2.2266054153442383,2026-08-19T05:53:09.944994+00:00,8c7e18eba1488dd5a7d4bdb00d4da0a75e895717,27579a5b-d52e-4b3a-b266-e21f946cedaf
331,7,2.9031922817230225,2026-08-19T05:53:09.944994+00:00,8c7e18eba1488dd5a7d4bdb00d4da0a75e895717,27579a5b-d52e-4b3a-b266-e21f946cedaf
331,8,3.110060930252075,2026-08-19T05:53:09.944994+00:00,8c7e18eba1488dd5a7d4bdb00d4da0a75e895717,27579a5b-d52e-4b3a-b266-e21f946cedaf
332,1,3.5080795288085938,2026-08-19T05:53:09.944994+00:00,8c7e18eba1488dd5a7d4bdb00d4da0a75e895717,27579a5b-d52e-4b3a-b266-e21f946cedaf
332,2,3.7247018814086914,2026-08-19T05:53:09.944994+00:00,8c7e18eba1488dd5a7d4bdb00d4da0a75e895717,27579a5b-d52e-4b3a-b266-e21f946cedaf
332,3,3.2653636932373047,2026-08-19T05:53:09.944994+00:00,8c7e18eba1488dd5a7d4bdb00d4da0a75e895717,27579a5b-d52e-4b3a-b266-e21f946cedaf
332,4,3.6496758460998535,2026-08-19T05:53:09.944994+00:00,8c7e18eba1488dd5a7d4bdb00d4da0a75e895717,27579a5b-d52e-4b3a-b266-e21f946cedaf
332,5,3.8750710487365723,2026-08-19T05:53:09.944994+00:00,8c7e18eba1488dd5a7d4bdb00d4da0a75e895717,27579a5b-d52e-4b3a-b266-e21f946cedaf
332,6,2.5563626289367676,2026-08-19T05:53:09.944994+00:00,8c7e18eba1488dd5a7d4bdb00d4da0a75e895717,27579a5b-d52e-4b3a-b266-e21f946cedaf
332,7,3.4781360626220703,2026-08-19T05:53:09.944994+00:00,8c7e18eba1488dd5a7d4bdb00d4da0a75e895717,27579a5b-d52e-4b3a-b266-e21f946cedaf
332,8,3.632810115814209,2026-08-19T05:53:09.944994+00:00,8c7e18eba1488dd5a7d4bdb00d4da0a75e895717,27579a5b-d52e-4b3a-b266-e21f946cedaf
333,1,0.9727728366851807,2026-08-19T05:53:09.944994+00:00,8c7e18eba1488dd5a7d4bdb00d4da0a75e895717,27579a5b-d52e-4b3a-b266-e21f946cedaf
333,2,0.9893665909767151,2026-08-19T05:53:09.944994+00:00,8c7e18eba1488dd5a7d4bdb00d4da0a75e895717,27579a5b-d52e-4b3a-b266-e21f946cedaf
333,3,0.9611673355102539,2026-08-19T05:53:09.944994+00:00,8c7e18eba1488dd5a7d4bdb00d4da0a75e895717,27579a5b-d52e-4b3a-b266-e21f946cedaf
333,4,0.9850053787231445,2026-08-19T05:53:09.944994+00:00,8c7e18eba1488dd5a7d4bdb00d4da0a75e895717,27579a5b-d52e-4b3a-b266-e21f946cedaf
333,5,0.9950510859489441,2026-08-19T05:53:09.944994+00:00,8c7e18eba1488dd5a7d4bdb00d4da0a75e895717,27579a5b-d52e-4b3a-b266-e21f946cedaf
333,6,0.9128559231758118,2026-08-19T05:53:09.944994+00:00,8c7e18eba1488dd5a7d4bdb00d4da0a75e895717,27579a5b-d52e-4b3a-b266-e21f946cedaf
333,7,0.9758791923522949,2026-08-19T05:53:09.944994+00:00,8c7e18eba1488dd5a7d4bdb00d4da0a75e895717,27579a5b-d52e-4b3a-b266-e21f946cedaf
333,8,0.9792677164077759,2026-08-19T05:53:09.944994+00:00,8c7e18eba1488dd5a7d4bdb00d4da0a75e895717,27579a5b-d52e-4b3a-b266-e21f946cedaf
334,1,0.0,2026-08-19T05:53:09.944994+00:00,8c7e18eba1488dd5a7d4bdb00d4da0a75e895717,27579a5b-d52e-4b3a-b266-e21f946cedaf
334,2,0.0,2026-08-19T05:53:09.944994+00:00,8c7e18eba1488dd5a7d4bdb00d4da0a75e895717,27579a5b-d52e-4b3a-b266-e21f946cedaf
334,3,0.0,2026-08-19T05:53:09.944994+00:00,8c7e18eba1488dd5a7d4bdb00d4da0a75e895717,27579a5b-d52e-4b3a-b266-e21f946cedaf
334,4,0.0,2026-08-19T05:53:09.944994+00:00,8c7e18eba1488dd5a7d4bdb00d4da0a75e895717,27579a5b-d52e-4b3a-b266-e21f946cedaf
334,5,0.0,2026-08-19T05:53:09.944994+00:00,8c7e18eba1488dd5a7d4bdb00d4da0a75e895717,27579a5b-d52e-4b3a-b266-e21f946cedaf
334,6,0.0,2026-08-19T05:53:09.944994+00:00,8c7e18eba1488dd5a7d4bdb00d4da0a75e895717,27579a5b-d52e-4b3a-b266-e21f946cedaf
334,7,0.0,2026-08-19T05:53:09.944994+00:00,8c7e18eba1488dd5a7d4bdb00d4da0a75e895717,27579a5b-d52e-4b3a-b266-e21f946cedaf
334,8,0.0,2026-08-19T05:53:09.944994+00:00,8c7e18eba1488dd5a7d4bdb00d4da0a75e895717,27579a5b-d52e-4b3a-b266-e21f946cedaf
335,1,4.345646858215332,2026-08-19T05:53:09.944994+00:00,8c7e18eba1488dd5a7d4bdb00d4da0a75e895717,27579a5b-d52e-4b3a-b266-e21f946cedaf
335,2,4.730883598327637,2026-08-19T05:53:09.944994+00:00,8c7e18eba1488dd5a7d4bdb00d4da0a75e895717,27579a5b-d52e-4b3a-b266-e21f946cedaf
335,3,4.337606906890869,2026-08-19T05:53:09.944994+00:00,8c7e18eba1488dd5a7d4bdb00d4da0a75e895717,27579a5b-d52e-4b3a-b266-e21f946cedaf
335,4,4.672133445739746,2026-08-19T05:53:09.944994+00:00,8c7e18eba1488dd5a7d4bdb00d4da0a75e895717,27579a5b-d52e-4b3a-b266-e21f946cedaf
335,5,4.711127281188965,2026-08-19T05:53:09.944994+00:00,8c7e18eba1488dd5a7d4bdb00d4da0a75e895717,27579a5b-d52e-4b3a-b266-e21f946cedaf
335,6,3.8556313514709473,2026-08-19T05:53:09.944994+00:00,8c7e18eba1488dd5a7d4bdb00d4da0a75e895717,27579a5b-d52e-4b3a-b266-e21f946cedaf
335,7,4.593070030212402,2026-08-19T05:53:09.944994+00:00,8c7e18eba1488dd5a7d4bdb00d4da0a75e895717,27579a5b-d52e-4b3a-b266-e21f946cedaf
335,8,4.408690929412842,2026-08-19T05:53:09.944994+00:00,8c7e18eba1488dd5a7d4bdb00d4da0a75e895717,27579a5b-d52e-4b3a-b266-e21f946cedaf
336,1,1.6753268241882324,2026-08-19T05:53:09.944994+00:00,8c7e18eba1488dd5a7d4bdb00d4da0a75e895717,27579a5b-d52e-4b3a-b266-e21f946cedaf
336,2,1.9283920526504517,2026-08-19T05:53:09.944994+00:00,8c7e18eba1488dd5a7d4bdb00d4da0a75e895717,27579a5b-d52e-4b3a-b266-e21f946cedaf
336,3,1.6978981494903564,2026-08-19T05:53:09.944994+00:00,8c7e18eba1488dd5a7d4bdb00d4da0a75e895717,27579a5b-d52e-4b3a-b266-e21f946cedaf
336,4,1.8949004411697388,2026-08-19T05:53:09.944994+00:00,8c7e18eba1488dd5a7d4bdb00d4da0a75e895717,27579a5b-d52e-4b3a-b266-e21f946cedaf
336,5,1.8951712846755981,2026-08-19T05:53:09.944994+00:00,8c7e18eba1488dd5a7d4bdb00d4da0a75e895717,27579a5b-d52e-4b3a-b266-e21f946cedaf
336,6,1.424006700515747,2026-08-19T05:53:09.944994+00:00,8c7e18eba1488dd5a7d4bdb00d4da0a75e895717,27579a5b-d52e-4b3a-b266-e21f946cedaf
336,7,1.8581781387329102,2026-08-19T05:53:09.944994+00:00,8c7e18eba1488dd5a7d4bdb00d4da0a75e895717,27579a5b-d52e-4b3a-b266-e21f946cedaf
336,8,1.705754280090332,2026-08-19T05:53:09.944994+00:00,8c7e18eba1488dd5a7d4bdb00d4da0a75e895717,27579a5b-d52e-4b3a-b266-e21f946cedaf
337,1,3.4273252487182617,2026-08-19T05:53:09.944994+00:00,8c7e18eba1488dd5a7d4bdb00d4da0a75e895717,27579a5b-d52e-4b3a-b266-e21f946cedaf
337,2,3.7110705375671387,2026-08-19T05:53:09.944994+00:00,8c7e18eba1488dd5a7d4bdb00d4da0a75e895717,27579a5b-d52e-4b3a-b266-e21f946cedaf
337,3,3.41023325920105,2026-08-19T05:53:09.944994+00:00,8c7e18eba1488dd5a7d4bdb00d4da0a75e895717,27579a5b-d52e-4b3a-b266-e21f946cedaf
337,4,3.66575288772583,2026-08-19T05:53:09.944994+00:00,8c7e18eba1488dd5a7d4bdb00d4da0a75e895717,27579a5b-d52e-4b3a-b266-e21f946cedaf
337,5,3.7046380043029785,2026-08-19T05:53:09.944994+00:00,8c7e18eba1488dd5a7d4bdb00d4da0a75e895717,27579a5b-d52e-4b3a-b266-e21f946cedaf
337,6,3.0381009578704834,2026-08-19T05:53:09.944994+00:00,8c7e18eba1488dd5a7d4bdb00d4da0a75e895717,27579a5b-d52e-4b3a-b266-e21f946cedaf
337,7,3.60141658782959,2026-08-19T05:53:09.944994+00:00,8c7e18eba1488dd5a7d4bdb00d4da0a75e895717,27579a5b-d52e-4b3a-b266-e21f946cedaf
337,8,3.478166341781616,2026-08-19T05:53:09.944994+00:00,8c7e18eba1488dd5a7d4bdb00d4da0a75e895717,27579a5b-d52e-4b3a-b266-e21f946cedaf
338,1,3.8333053588867188,2026-08-19T05:53:09.944994+00:00,8c7e18eba1488dd5a7d4bdb00d4da0a75e895717,27579a5b-d52e-4b3a-b266-e21f946cedaf
338,2,4.048071384429932,2026-08-19T05:53:09.944994+00:00,8c7e18eba1488dd5a7d4bdb00d4da0a75e895717,27579a5b-d52e-4b3a-b266-e21f946cedaf
338,3,3.810060501098633,2026-08-19T05:53:09.944994+00:00,8c7e18eba1488dd5a7d4bdb00d4da0a75e895717,27579a5b-d52e-4b3a-b266-e21f946cedaf
338,4,4.011882781982422,2026-08-19T05:53:09.944994+00:00,8c7e18eba1488dd5a7d4bdb00d4da0a75e895717,27579a5b-d52e-4b3a-b266-e21f946cedaf
338,5,4.050693988800049,2026-08-19T05:53:09.944994+00:00,8c7e18eba1488dd5a7d4bdb00d4da0a75e895717,27579a5b-d52e-4b3a-b266-e21f946cedaf
338,6,3.5125842094421387,2026-08-19T05:53:09.944994+00:00,8c7e18eba1488dd5a7d4bdb00d4da0a75e895717,27579a5b-d52e-4b3a-b266-e21f946cedaf
338,7,3.9575562477111816,2026-08-19T05:53:09.944994+00:00,8c7e18eba1488dd5a7d4bdb00d4da0a75e895717,27579a5b-d52e-4b3a-b266-e21f946cedaf
338,8,3.875852584838867,2026-08-19T05:53:09.944994+00:00,8c7e18eba1488dd5a7d4bdb00d4da0a75e895717,27579a5b-d52e-4b3a-b266-e21f946cedaf
339,1,1.0492976903915405,2026-08-19T05:53:09.944994+00:00,8c7e18eba1488dd5a7d4bdb00d4da0a75e895717,27579a5b-d52e-4b3a-b266-e21f946cedaf
339,2,1.0657787322998047,2026-08-19T05:53:09.944994+00:00,8c7e18eba1488dd5a7d4bdb00d4da0a75e895717,27579a5b-d52e-4b3a-b266-e21f946cedaf
339,3,1.0507676601409912,2026-08-19T05:53:09.944994+00:00,8c7e18eba1488dd5a7d4bdb00d4da0a75e895717,27579a5b-d52e-4b3a-b266-e21f946cedaf
339,4,1.063597559928894,2026-08-19T05:53:09.944994+00:00,8c7e18eba1488dd5a7d4bdb00d4da0a75e895717,27579a5b-d52e-4b3a-b266-e21f946cedaf
339,5,1.0636152029037476,2026-08-19T05:53:09.944994+00:00,8c7e18eba1488dd5a7d4bdb00d4da0a75e895717,27579a5b-d52e-4b3a-b266-e21f946cedaf
339,6,1.0329303741455078,2026-08-19T05:53:09.944994+00:00,8c7e18eba1488dd5a7d4bdb00d4da0a75e895717,27579a5b-d52e-4b3a-b266-e21f946cedaf
339,7,1.0612059831619263,2026-08-19T05:53:09.944994+00:00,8c7e18eba1488dd5a7d4bdb00d4da0a75e895717,27579a5b-d52e-4b3a-b266-e21f946cedaf
339,8,1.0512793064117432,2026-08-19T05:53:09.944994+00:00,8c7e18eba1488dd5a7d4bdb00d4da0a75e895717,27579a5b-d52e-4b3a-b266-e21f946cedaf
340,1,0.0,2026-08-19T05:53:09.944994+00:00,8c7e18eba1488dd5a7d4bdb00d4da0a75e895717,27579a5b-d52e-4b3a-b266-e21f946cedaf
340,2,0.0,2026-08-19T05:53:09.944994+00:00,8c7e18eba1488dd5a7d4bdb00d4da0a75e895717,27579a5b-d52e-4b3a-b266-e21f946cedaf
340,3,0.0,2026-08-19T05:53:09.944994+00:00,8c7e18eba1488dd5a7d4bdb00d4da0a75e895717,27579a5b-d52e-4b3a-b266-e21f946cedaf
340,4,0.0,2026-08-19T05:53:09.944994+00:00,8c7e18eba1488dd5a7d4bdb00d4da0a75e895717,27579a5b-d52e-4b3a-b266-e21f946cedaf
340,5,0.0,2026-08-19T05:53:09.944994+00:00,8c7e18eba1488dd5a7d4bdb00d4da0a75e895717,27579a5b-d52e-4b3a-b266-e21f946cedaf
340,6,0.0,2026-08-19T05:53:09.944994+00:00,8c7e18eba1488dd5a7d4bdb00d4da0a75e895717,27579a5b-d52e-4b3a-b266-e21f946cedaf
340,7,0.0,2026-08-19T05:53:09.944994+00:00,8c7e18eba1488dd5a7d4bdb00d4da0a75e895717,27579a5b-d52e-4b3a-b266-e21f946cedaf
340,8,0.0,2026-08-19T05:53:09.944994+00:00,8c7e18eba1488dd5a7d4bdb00d4da0a75e895717,27579a5b-d52e-4b3a-b266-e21f946cedaf
341,1,0.0,2026-08-19T05:53:09.944994+00:00,8c7e18eba1488dd5a7d4bdb00d4da0a75e895717,27579a5b-d52e-4b3a-b266-e21f946cedaf
341,2,0.0,2026-08-19T05:53:09.944994+00:00,8c7e18eba1488dd5a7d4bdb00d4da0a75e895717,27579a5b-d52e-4b3a-b266-e21f946cedaf
341,3,0.0,2026-08-19T05:53:09.944994+00:00,8c7e18eba1488dd5a7d4bdb00d4da0a75e895717,27579a5b-d52e-4b3a-b266-e21f946cedaf
341,4,0.0,2026-08-19T05:53:09.944994+00:00,8c7e18eba1488dd5a7d4bdb00d4da0a75e895717,27579a5b-d52e-4b3a-b266-e21f946cedaf
341,5,0.0,2026-08-19T05:53:09.944994+00:00,8c7e18eba1488dd5a7d4bdb00d4da0a75e895717,27579a5b-d52e-4b3a-b266-e21f946cedaf
341,6,0.0,2026-08-19T05:53:09.944994+00:00,8c7e18eba1488dd5a7d4bdb00d4da0a75e895717,27579a5b-d52e-4b3a-b266-e21f946cedaf
341,7,0.0,2026-08-19T05:53:09.944994+00:00,8c7e18eba1488dd5a7d4bdb00d4da0a75e895717,27579a5b-d52e-4b3a-b266-e21f946cedaf
341,8,0.0,2026-08-19T05:53:09.944994+00:00,8c7e18eba1488dd5a7d4bdb00d4da0a75e895717,27579a5b-d52e-4b3a-b266-e21f946cedaf
342,1,0.0,2026-08-19T05:53:09.944994+00:00,8c7e18eba1488dd5a7d4bdb00d4da0a75e895717,27579a5b-d52e-4b3a-b266-e21f946cedaf
342,2,0.0,2026-08-19T05:53:09.944994+00:00,8c7e18eba1488dd5a7d4bdb00d4da0a75e895717,27579a5b-d52e-4b3a-b266-e21f946cedaf
342,3,0.0,2026-08-19T05:53:09.944994+00:00,8c7e18eba1488dd5a7d4bdb00d4da0a75e895717,27579a5b-d52e-4b3a-b266-e21f946cedaf
342,4,0.0,2026-08-19T05:53:09.944994+00:00,8c7e18eba1488dd5a7d4bdb00d4da0a75e895717,27579a5b-d52e-4b3a-b266-e21f946cedaf
342,5,0.0,2026-08-19T05:53:09.944994+00:00,8c7e18eba1488dd5a7d4bdb00d4da0a75e895717,27579a5b-d52e-4b3a-b266-e21f946cedaf
342,6,0.0,2026-08-19T05:53:09.944994+00:00,8c7e18eba1488dd5a7d4bdb00d4da0a75e895717,27579a5b-d52e-4b3a-b266-e21f946cedaf
342,7,0.0,2026-08-19T05:53:09.944994+00:00,8c7e18eba1488dd5a7d4bdb00d4da0a75e895717,27579a5b-d52e-4b3a-b266-e21f946cedaf
342,8,0.0,2026-08-19T05:53:09.944994+00:00,8c7e18eba1488dd5a7d4bdb00d4da0a75e895717,27579a5b-d52e-4b3a-b266-e21f946cedaf
343,1,1.166549563407898,2026-08-19T05:53:09.944994+00:00,8c7e18eba1488dd5a7d4bdb00d4da0a75e895717,27579a5b-d52e-4b3a-b266-e21f946cedaf
343,2,1.2222295999526978,2026-08-19T05:53:09.944994+00:00,8c7e18eba1488dd5a7d4bdb00d4da0a75e895717,27579a5b-d52e-4b3a-b266-e21f946cedaf
343,3,1.171515703201294,2026-08-19T05:53:09.944994+00:00,8c7e18eba1488dd5a7d4bdb00d4da0a75e895717,27579a5b-d52e-4b3a-b266-e21f946cedaf
343,4,1.2148606777191162,2026-08-19T05:53:09.944994+00:00,8c7e18eba1488dd5a7d4bdb00d4da0a75e895717,27579a5b-d52e-4b3a-b266-e21f946cedaf
343,5,1.2149202823638916,2026-08-19T05:53:09.944994+00:00,8c7e18eba1488dd5a7d4bdb00d4da0a75e895717,27579a5b-d52e-4b3a-b266-e21f946cedaf
343,6,1.1112534999847412,2026-08-19T05:53:09.944994+00:00,8c7e18eba1488dd5a7d4bdb00d4da0a75e895717,27579a5b-d52e-4b3a-b266-e21f946cedaf
343,7,1.2067809104919434,2026-08-19T05:53:09.944994+00:00,8c7e18eba1488dd5a7d4bdb00d4da0a75e895717,27579a5b-d52e-4b3a-b266-e21f946cedaf
343,8,1.1732442378997803,2026-08-19T05:53:09.944994+00:00,8c7e18eba1488dd5a7d4bdb00d4da0a75e895717,27579a5b-d52e-4b3a-b266-e21f946cedaf
344,1,0.0,2026-08-19T05:53:09.944994+00:00,8c7e18eba1488dd5a7d4bdb00d4da0a75e895717,27579a5b-d52e-4b3a-b266-e21f946cedaf
344,2,0.0,2026-08-19T05:53:09.944994+00:00,8c7e18eba1488dd5a7d4bdb00d4da0a75e895717,27579a5b-d52e-4b3a-b266-e21f946cedaf
344,3,0.0,2026-08-19T05:53:09.944994+00:00,8c7e18eba1488dd5a7d4bdb00d4da0a75e895717,27579a5b-d52e-4b3a-b266-e21f946cedaf
344,4,0.0,2026-08-19T05:53:09.944994+00:00,8c7e18eba1488dd5a7d4bdb00d4da0a75e895717,27579a5b-d52e-4b3a-b266-e21f946cedaf
344,5,0.0,2026-08-19T05:53:09.944994+00:00,8c7e18eba1488dd5a7d4bdb00d4da0a75e895717,27579a5b-d52e-4b3a-b266-e21f946cedaf
344,6,0.0,2026-08-19T05:53:09.944994+00:00,8c7e18eba1488dd5a7d4bdb00d4da0a75e895717,27579a5b-d52e-4b3a-b266-e21f946cedaf
344,7,0.0,2026-08-19T05:53:09.944994+00:00,8c7e18eba1488dd5a7d4bdb00d4da0a75e895717,27579a5b-d52e-4b3a-b266-e21f946cedaf
344,8,0.0,2026-08-19T05:53:09.944994+00:00,8c7e18eba1488dd5a7d4bdb00d4da0a75e895717,27579a5b-d52e-4b3a-b266-e21f946cedaf
345,1,1.6131893396377563,2026-08-19T05:53:09.944994+00:00,8c7e18eba1488dd5a7d4bdb00d4da0a75e895717,27579a5b-d52e-4b3a-b266-e21f946cedaf
345,2,1.7809776067733765,2026-08-19T05:53:09.944994+00:00,8c7e18eba1488dd5a7d4bdb00d4da0a75e895717,27579a5b-d52e-4b3a-b266-e21f946cedaf
345,3,1.6281546354293823,2026-08-19T05:53:09.944994+00:00,8c7e18eba1488dd5a7d4bdb00d4da0a75e895717,27579a5b-d52e-4b3a-b266-e21f946cedaf
345,4,1.7587717771530151,2026-08-19T05:53:09.944994+00:00,8c7e18eba1488dd5a7d4bdb00d4da0a75e895717,27579a5b-d52e-4b3a-b266-e21f946cedaf
345,5,1.7589513063430786,2026-08-19T05:53:09.944994+00:00,8c7e18eba1488dd5a7d4bdb00d4da0a75e895717,27579a5b-d52e-4b3a-b266-e21f946cedaf
345,6,1.4465582370758057,2026-08-19T05:53:09.944994+00:00,8c7e18eba1488dd5a7d4bdb00d4da0a75e895717,27579a5b-d52e-4b3a-b266-e21f946cedaf
345,7,1.7344239950180054,2026-08-19T05:53:09.944994+00:00,8c7e18eba1488dd5a7d4bdb00d4da0a75e895717,27579a5b-d52e-4b3a-b266-e21f946cedaf
345,8,1.6333634853363037,2026-08-19T05:53:09.944994+00:00,8c7e18eba1488dd5a7d4bdb00d4da0a75e895717,27579a5b-d52e-4b3a-b266-e21f946cedaf
346,1,3.7673754692077637,2026-08-19T05:53:09.944994+00:00,8c7e18eba1488dd5a7d4bdb00d4da0a75e895717,27579a5b-d52e-4b3a-b266-e21f946cedaf
346,2,4.243642330169678,2026-08-19T05:53:09.944994+00:00,8c7e18eba1488dd5a7d4bdb00d4da0a75e895717,27579a5b-d52e-4b3a-b266-e21f946cedaf
346,3,3.8098549842834473,2026-08-19T05:53:09.944994+00:00,8c7e18eba1488dd5a7d4bdb00d4da0a75e895717,27579a5b-d52e-4b3a-b266-e21f946cedaf
346,4,4.180611610412598,2026-08-19T05:53:09.944994+00:00,8c7e18eba1488dd5a7d4bdb00d4da0a75e895717,27579a5b-d52e-4b3a-b266-e21f946cedaf
346,5,4.181120872497559,2026-08-19T05:53:09.944994+00:00,8c7e18eba1488dd5a7d4bdb00d4da0a75e895717,27579a5b-d52e-4b3a-b266-e21f946cedaf
346,6,3.294394016265869,2026-08-19T05:53:09.944994+00:00,8c7e18eba1488dd5a7d4bdb00d4da0a75e895717,27579a5b-d52e-4b3a-b266-e21f946cedaf
346,7,4.111500263214111,2026-08-19T05:53:09.944994+00:00,8c7e18eba1488dd5a7d4bdb00d4da0a75e895717,27579a5b-d52e-4b3a-b266-e21f946cedaf
346,8,3.8246402740478516,2026-08-19T05:53:09.944994+00:00,8c7e18eba1488dd5a7d4bdb00d4da0a75e895717,27579a5b-d52e-4b3a-b266-e21f946cedaf
347,1,1.7700371742248535,2026-08-19T05:53:09.944994+00:00,8c7e18eba1488dd5a7d4bdb00d4da0a75e895717,27579a5b-d52e-4b3a-b266-e21f946cedaf
347,2,1.997667670249939,2026-08-19T05:53:09.944994+00:00,8c7e18eba1488dd5a7d4bdb00d4da0a75e895717,27579a5b-d52e-4b3a-b266-e21f946cedaf
347,3,1.7903399467468262,2026-08-19T05:53:09.944994+00:00,8c7e18eba1488dd5a7d4bdb00d4da0a75e895717,27579a5b-d52e-4b3a-b266-e21f946cedaf
347,4,1.967542052268982,2026-08-19T05:53:09.944994+00:00,8c7e18eba1488dd5a7d4bdb00d4da0a75e895717,27579a5b-d52e-4b3a-b266-e21f946cedaf
347,5,1.9677857160568237,2026-08-19T05:53:09.944994+00:00,8c7e18eba1488dd5a7d4bdb00d4da0a75e895717,27579a5b-d52e-4b3a-b266-e21f946cedaf
347,6,1.5439765453338623,2026-08-19T05:53:09.944994+00:00,8c7e18eba1488dd5a7d4bdb00d4da0a75e895717,27579a5b-d52e-4b3a-b266-e21f946cedaf
347,7,1.9345104694366455,2026-08-19T05:53:09.944994+00:00,8c7e18eba1488dd5a7d4bdb00d4da0a75e895717,27579a5b-d52e-4b3a-b266-e21f946cedaf
347,8,1.7974064350128174,2026-08-19T05:53:09.944994+00:00,8c7e18eba1488dd5a7d4bdb00d4da0a75e895717,27579a5b-d52e-4b3a-b266-e21f946cedaf
348,1,1.0571924448013306,2026-08-19T05:53:09.944994+00:00,8c7e18eba1488dd5a7d4bdb00d4da0a75e895717,27579a5b-d52e-4b3a-b266-e21f946cedaf
348,2,1.076312780380249,2026-08-19T05:53:09.944994+00:00,8c7e18eba1488dd5a7d4bdb00d4da0a75e895717,27579a5b-d52e-4b3a-b266-e21f946cedaf
348,3,1.058897852897644,2026-08-19T05:53:09.944994+00:00,8c7e18eba1488dd5a7d4bdb00d4da0a75e895717,27579a5b-d52e-4b3a-b266-e21f946cedaf
348,4,1.0737823247909546,2026-08-19T05:53:09.944994+00:00,8c7e18eba1488dd5a7d4bdb00d4da0a75e895717,27579a5b-d52e-4b3a-b266-e21f946cedaf
348,5,1.0738028287887573,2026-08-19T05:53:09.944994+00:00,8c7e18eba1488dd5a7d4bdb00d4da0a75e895717,27579a5b-d52e-4b3a-b266-e21f946cedaf
348,6,1.0382040739059448,2026-08-19T05:53:09.944994+00:00,8c7e18eba1488dd5a7d4bdb00d4da0a75e895717,27579a5b-d52e-4b3a-b266-e21f946cedaf
348,7,1.0710078477859497,2026-08-19T05:53:09.944994+00:00,8c7e18eba1488dd5a7d4bdb00d4da0a75e895717,27579a5b-d52e-4b3a-b266-e21f946cedaf
348,8,1.0594913959503174,2026-08-19T05:53:09.944994+00:00,8c7e18eba1488dd5a7d4bdb00d4da0a75e895717,27579a5b-d52e-4b3a-b266-e21f946cedaf
349,1,0.0,2026-08-19T05:53:09.944994+00:00,8c7e18eba1488dd5a7d4bdb00d4da0a75e895717,27579a5b-d52e-4b3a-b266-e21f946cedaf
349,2,0.0,2026-08-19T05:53:09.944994+00:00,8c7e18eba1488dd5a7d4bdb00d4da0a75e895717,27579a5b-d52e-4b3a-b266-e21f946cedaf
349,3,0.0,2026-08-19T05:53:09.944994+00:00,8c7e18eba1488dd5a7d4bdb00d4da0a75e895717,27579a5b-d52e-4b3a-b266-e21f946cedaf
349,4,0.0,2026-08-19T05:53:09.944994+00:00,8c7e18eba1488dd5a7d4bdb00d4da0a75e895717,27579a5b-d52e-4b3a-b266-e21f946cedaf
349,5,0.0,2026-08-19T05:53:09.944994+00:00,8c7e18eba1488dd5a7d4bdb00d4da0a75e895717,27579a5b-d52e-4b3a-b266-e21f946cedaf
349,6,0.0,2026-08-19T05:53:09.944994+00:00,8c7e18eba1488dd5a7d4bdb00d4da0a75e895717,27579a5b-d52e-4b3a-b266-e21f946cedaf
349,7,0.0,2026-08-19T05:53:09.944994+00:00,8c7e18eba1488dd5a7d4bdb00d4da0a75e895717,27579a5b-d52e-4b3a-b266-e21f946cedaf
349,8,0.0,2026-08-19T05:53:09.944994+00:00,8c7e18eba1488dd5a7d4bdb00d4da0a75e895717,27579a5b-d52e-4b3a-b266-e21f946cedaf
350,1,3.2525837421417236,2026-08-19T05:53:09.944994+00:00,8c7e18eba1488dd5a7d4bdb00d4da0a75e895717,27579a5b-d52e-4b3a-b266-e21f946cedaf
350,2,3.9364984035491943,2026-08-19T05:53:09.944994+00:00,8c7e18eba1488dd5a7d4bdb00d4da0a75e895717,27579a5b-d52e-4b3a-b266-e21f946cedaf
350,3,4.4290618896484375,2026-08-19T05:53:09.944994+00:00,8c7e18eba1488dd5a7d4bdb00d4da0a75e895717,27579a5b-d52e-4b3a-b266-e21f946cedaf
350,4,4.019480228424072,2026-08-19T05:53:09.944994+00:00,8c7e18eba1488dd5a7d4bdb00d4da0a75e895717,27579a5b-d52e-4b3a-b266-e21f946cedaf
350,5,3.623478651046753,2026-08-19T05:53:09.944994+00:00,8c7e18eba1488dd5a7d4bdb00d4da0a75e895717,27579a5b-d52e-4b3a-b266-e21f946cedaf
350,6,3.2624967098236084,2026-08-19T05:53:09.944994+00:00,8c7e18eba1488dd5a7d4bdb00d4da0a75e895717,27579a5b-d52e-4b3a-b266-e21f946cedaf
350,7,3.4001224040985107,2026-08-19T05:53:09.944994+00:00,8c7e18eba1488dd5a7d4bdb00d4da0a75e895717,27579a5b-d52e-4b3a-b266-e21f946cedaf
350,8,3.834054708480835,2026-08-19T05:53:09.944994+00:00,8c7e18eba1488dd5a7d4bdb00d4da0a75e895717,27579a5b-d52e-4b3a-b266-e21f946cedaf
351,1,0.6938022375106812,2026-08-19T05:53:09.944994+00:00,8c7e18eba1488dd5a7d4bdb00d4da0a75e895717,27579a5b-d52e-4b3a-b266-e21f946cedaf
351,2,0.7903933525085449,2026-08-19T05:53:09.944994+00:00,8c7e18eba1488dd5a7d4bdb00d4da0a75e895717,27579a5b-d52e-4b3a-b266-e21f946cedaf
351,3,0.8414287567138672,2026-08-19T05:53:09.944994+00:00,8c7e18eba1488dd5a7d4bdb00d4da0a75e895717,27579a5b-d52e-4b3a-b266-e21f946cedaf
351,4,0.800171434879303,2026-08-19T05:53:09.944994+00:00,8c7e18eba1488dd5a7d4bdb00d4da0a75e895717,27579a5b-d52e-4b3a-b266-e21f946cedaf
351,5,0.7506486177444458,2026-08-19T05:53:09.944994+00:00,8c7e18eba1488dd5a7d4bdb00d4da0a75e895717,27579a5b-d52e-4b3a-b266-e21f946cedaf
351,6,0.6953386664390564,2026-08-19T05:53:09.944994+00:00,8c7e18eba1488dd5a7d4bdb00d4da0a75e895717,27579a5b-d52e-4b3a-b266-e21f946cedaf
351,7,0.7178850769996643,2026-08-19T05:53:09.944994+00:00,8c7e18eba1488dd5a7d4bdb00d4da0a75e895717,27579a5b-d52e-4b3a-b266-e21f946cedaf
351,8,0.7786868810653687,2026-08-19T05:53:09.944994+00:00,8c7e18eba1488dd5a7d4bdb00d4da0a75e895717,27579a5b-d52e-4b3a-b266-e21f946cedaf
352,1,0.8819847106933594,2026-08-19T05:53:09.944994+00:00,8c7e18eba1488dd5a7d4bdb00d4da0a75e895717,27579a5b-d52e-4b3a-b266-e21f946cedaf
352,2,0.9311537742614746,2026-08-19T05:53:09.944994+00:00,8c7e18eba1488dd5a7d4bdb00d4da0a75e895717,27579a5b-d52e-4b3a-b266-e21f946cedaf
352,3,0.9573317170143127,2026-08-19T05:53:09.944994+00:00,8c7e18eba1488dd5a7d4bdb00d4da0a75e895717,27579a5b-d52e-4b3a-b266-e21f946cedaf
352,4,0.9361574649810791,2026-08-19T05:53:09.944994+00:00,8c7e18eba1488dd5a7d4bdb00d4da0a75e895717,27579a5b-d52e-4b3a-b266-e21f946cedaf
352,5,0.9108940958976746,2026-08-19T05:53:09.944994+00:00,8c7e18eba1488dd5a7d4bdb00d4da0a75e895717,27579a5b-d52e-4b3a-b266-e21f946cedaf
352,6,0.8826744556427002,2026-08-19T05:53:09.944994+00:00,8c7e18eba1488dd5a7d4bdb00d4da0a75e895717,27579a5b-d52e-4b3a-b266-e21f946cedaf
352,7,0.894249677658081,2026-08-19T05:53:09.944994+00:00,8c7e18eba1488dd5a7d4bdb00d4da0a75e895717,27579a5b-d52e-4b3a-b266-e21f946cedaf
352,8,0.925222635269165,2026-08-19T05:53:09.944994+00:00,8c7e18eba1488dd5a7d4bdb00d4da0a75e895717,27579a5b-d52e-4b3a-b266-e21f946cedaf
353,1,0.0,2026-08-19T05:53:09.944994+00:00,8c7e18eba1488dd5a7d4bdb00d4da0a75e895717,27579a5b-d52e-4b3a-b266-e21f946cedaf
353,2,0.0,2026-08-19T05:53:09.944994+00:00,8c7e18eba1488dd5a7d4bdb00d4da0a75e895717,27579a5b-d52e-4b3a-b266-e21f946cedaf
353,3,0.0,2026-08-19T05:53:09.944994+00:00,8c7e18eba1488dd5a7d4bdb00d4da0a75e895717,27579a5b-d52e-4b3a-b266-e21f946cedaf
353,4,0.0,2026-08-19T05:53:09.944994+00:00,8c7e18eba1488dd5a7d4bdb00d4da0a75e895717,27579a5b-d52e-4b3a-b266-e21f946cedaf
353,5,0.0,2026-08-19T05:53:09.944994+00:00,8c7e18eba1488dd5a7d4bdb00d4da0a75e895717,27579a5b-d52e-4b3a-b266-e21f946cedaf
353,6,0.0,2026-08-19T05:53:09.944994+00:00,8c7e18eba1488dd5a7d4bdb00d4da0a75e895717,27579a5b-d52e-4b3a-b266-e21f946cedaf
353,7,0.0,2026-08-19T05:53:09.944994+00:00,8c7e18eba1488dd5a7d4bdb00d4da0a75e895717,27579a5b-d52e-4b3a-b266-e21f946cedaf
353,8,0.0,2026-08-19T05:53:09.944994+00:00,8c7e18eba1488dd5a7d4bdb00d4da0a75e895717,27579a5b-d52e-4b3a-b266-e21f946cedaf
354,1,0.0,2026-08-19T05:53:09.944994+00:00,8c7e18eba1488dd5a7d4bdb00d4da0a75e895717,27579a5b-d52e-4b3a-b266-e21f946cedaf
354,2,0.0,2026-08-19T05:53:09.944994+00:00,8c7e18eba1488dd5a7d4bdb00d4da0a75e895717,27579a5b-d52e-4b3a-b266-e21f946cedaf
354,3,0.0,2026-08-19T05:53:09.944994+00:00,8c7e18eba1488dd5a7d4bdb00d4da0a75e895717,27579a5b-d52e-4b3a-b266-e21f946cedaf
354,4,0.0,2026-08-19T05:53:09.944994+00:00,8c7e18eba1488dd5a7d4bdb00d4da0a75e895717,27579a5b-d52e-4b3a-b266-e21f946cedaf
354,5,0.0,2026-08-19T05:53:09.944994+00:00,8c7e18eba1488dd5a7d4bdb00d4da0a75e895717,27579a5b-d52e-4b3a-b266-e21f946cedaf
354,6,0.0,2026-08-19T05:53:09.944994+00:00,8c7e18eba1488dd5a7d4bdb00d4da0a75e895717,27579a5b-d52e-4b3a-b266-e21f946cedaf
354,7,0.0,2026-08-19T05:53:09.944994+00:00,8c7e18eba1488dd5a7d4bdb00d4da0a75e895717,27579a5b-d52e-4b3a-b266-e21f946cedaf
354,8,0.0,2026-08-19T05:53:09.944994+00:00,8c7e18eba1488dd5a7d4bdb00d4da0a75e895717,27579a5b-d52e-4b3a-b266-e21f946cedaf
355,1,0.0,2026-08-19T05:53:09.944994+00:00,8c7e18eba1488dd5a7d4bdb00d4da0a75e895717,27579a5b-d52e-4b3a-b266-e21f946cedaf
355,2,0.0,2026-08-19T05:53:09.944994+00:00,8c7e18eba1488dd5a7d4bdb00d4da0a75e895717,27579a5b-d52e-4b3a-b266-e21f946cedaf
355,3,0.0,2026-08-19T05:53:09.944994+00:00,8c7e18eba1488dd5a7d4bdb00d4da0a75e895717,27579a5b-d52e-4b3a-b266-e21f946cedaf
355,4,0.0,2026-08-19T05:53:09.944994+00:00,8c7e18eba1488dd5a7d4bdb00d4da0a75e895717,27579a5b-d52e-4b3a-b266-e21f946cedaf
355,5,0.0,2026-08-19T05:53:09.944994+00:00,8c7e18eba1488dd5a7d4bdb00d4da0a75e895717,27579a5b-d52e-4b3a-b266-e21f946cedaf
355,6,0.0,2026-08-19T05:53:09.944994+00:00,8c7e18eba1488dd5a7d4bdb00d4da0a75e895717,27579a5b-d52e-4b3a-b266-e21f946cedaf
355,7,0.0,2026-08-19T05:53:09.944994+00:00,8c7e18eba1488dd5a7d4bdb00d4da0a75e895717,27579a5b-d52e-4b3a-b266-e21f946cedaf
355,8,0.0,2026-08-19T05:53:09.944994+00:00,8c7e18eba1488dd5a7d4bdb00d4da0a75e895717,27579a5b-d52e-4b3a-b266-e21f946cedaf
356,1,3.9077625274658203,2026-08-19T05:53:09.944994+00:00,8c7e18eba1488dd5a7d4bdb00d4da0a75e895717,27579a5b-d52e-4b3a-b266-e21f946cedaf
356,2,4.678199291229248,2026-08-19T05:53:09.944994+00:00,8c7e18eba1488dd5a7d4bdb00d4da0a75e895717,27579a5b-d52e-4b3a-b266-e21f946cedaf
356,3,5.424029350280762,2026-08-19T05:53:09.944994+00:00,8c7e18eba1488dd5a7d4bdb00d4da0a75e895717,27579a5b-d52e-4b3a-b266-e21f946cedaf
356,4,4.797243118286133,2026-08-19T05:53:09.944994+00:00,8c7e18eba1488dd5a7d4bdb00d4da0a75e895717,27579a5b-d52e-4b3a-b266-e21f946cedaf
356,5,4.300379276275635,2026-08-19T05:53:09.944994+00:00,8c7e18eba1488dd5a7d4bdb00d4da0a75e895717,27579a5b-d52e-4b3a-b266-e21f946cedaf
356,6,3.8225603103637695,2026-08-19T05:53:09.944994+00:00,8c7e18eba1488dd5a7d4bdb00d4da0a75e895717,27579a5b-d52e-4b3a-b266-e21f946cedaf
356,7,4.082940578460693,2026-08-19T05:53:09.944994+00:00,8c7e18eba1488dd5a7d4bdb00d4da0a75e895717,27579a5b-d52e-4b3a-b266-e21f946cedaf
356,8,4.59440803527832,2026-08-19T05:53:09.944994+00:00,8c7e18eba1488dd5a7d4bdb00d4da0a75e895717,27579a5b-d52e-4b3a-b266-e21f946cedaf
357,1,1.1364896297454834,2026-08-19T05:53:09.944994+00:00,8c7e18eba1488dd5a7d4bdb00d4da0a75e895717,27579a5b-d52e-4b3a-b266-e21f946cedaf
357,2,1.2939268350601196,2026-08-19T05:53:09.944994+00:00,8c7e18eba1488dd5a7d4bdb00d4da0a75e895717,27579a5b-d52e-4b3a-b266-e21f946cedaf
357,3,1.524748682975769,2026-08-19T05:53:09.944994+00:00,8c7e18eba1488dd5a7d4bdb00d4da0a75e895717,27579a5b-d52e-4b3a-b266-e21f946cedaf
357,4,1.3292865753173828,2026-08-19T05:53:09.944994+00:00,8c7e18eba1488dd5a7d4bdb00d4da0a75e895717,27579a5b-d52e-4b3a-b266-e21f946cedaf
357,5,1.2083759307861328,2026-08-19T05:53:09.944994+00:00,8c7e18eba1488dd5a7d4bdb00d4da0a75e895717,27579a5b-d52e-4b3a-b266-e21f946cedaf
357,6,1.0703569650650024,2026-08-19T05:53:09.944994+00:00,8c7e18eba1488dd5a7d4bdb00d4da0a75e895717,27579a5b-d52e-4b3a-b266-e21f946cedaf
357,7,1.1800588369369507,2026-08-19T05:53:09.944994+00:00,8c7e18eba1488dd5a7d4bdb00d4da0a75e895717,27579a5b-d52e-4b3a-b266-e21f946cedaf
357,8,1.2955734729766846,2026-08-19T05:53:09.944994+00:00,8c7e18eba1488dd5a7d4bdb00d4da0a75e895717,27579a5b-d52e-4b3a-b266-e21f946cedaf
358,1,0.9518499374389648,2026-08-19T05:53:09.944994+00:00,8c7e18eba1488dd5a7d4bdb00d4da0a75e895717,27579a5b-d52e-4b3a-b266-e21f946cedaf
358,2,1.0820897817611694,2026-08-19T05:53:09.944994+00:00,8c7e18eba1488dd5a7d4bdb00d4da0a75e895717,27579a5b-d52e-4b3a-b266-e21f946cedaf
358,3,1.2528516054153442,2026-08-19T05:53:09.944994+00:00,8c7e18eba1488dd5a7d4bdb00d4da0a75e895717,27579a5b-d52e-4b3a-b266-e21f946cedaf
358,4,1.1086856126785278,2026-08-19T05:53:09.944994+00:00,8c7e18eba1488dd5a7d4bdb00d4da0a75e895717,27579a5b-d52e-4b3a-b266-e21f946cedaf
358,5,1.0141576528549194,2026-08-19T05:53:09.944994+00:00,8c7e18eba1488dd5a7d4bdb00d4da0a75e895717,27579a5b-d52e-4b3a-b266-e21f946cedaf
358,6,0.9065260887145996,2026-08-19T05:53:09.944994+00:00,8c7e18eba1488dd5a7d4bdb00d4da0a75e895717,27579a5b-d52e-4b3a-b266-e21f946cedaf
358,7,0.9873025417327881,2026-08-19T05:53:09.944994+00:00,8c7e18eba1488dd5a7d4bdb00d4da0a75e895717,27579a5b-d52e-4b3a-b266-e21f946cedaf
358,8,1.0806177854537964,2026-08-19T05:53:09.944994+00:00,8c7e18eba1488dd5a7d4bdb00d4da0a75e895717,27579a5b-d52e-4b3a-b266-e21f946cedaf
359,1,0.0,2026-08-19T05:53:09.944994+00:00,8c7e18eba1488dd5a7d4bdb00d4da0a75e895717,27579a5b-d52e-4b3a-b266-e21f946cedaf
359,2,0.0,2026-08-19T05:53:09.944994+00:00,8c7e18eba1488dd5a7d4bdb00d4da0a75e895717,27579a5b-d52e-4b3a-b266-e21f946cedaf
359,3,0.0,2026-08-19T05:53:09.944994+00:00,8c7e18eba1488dd5a7d4bdb00d4da0a75e895717,27579a5b-d52e-4b3a-b266-e21f946cedaf
359,4,0.0,2026-08-19T05:53:09.944994+00:00,8c7e18eba1488dd5a7d4bdb00d4da0a75e895717,27579a5b-d52e-4b3a-b266-e21f946cedaf
359,5,0.0,2026-08-19T05:53:09.944994+00:00,8c7e18eba1488dd5a7d4bdb00d4da0a75e895717,27579a5b-d52e-4b3a-b266-e21f946cedaf
359,6,0.0,2026-08-19T05:53:09.944994+00:00,8c7e18eba1488dd5a7d4bdb00d4da0a75e895717,27579a5b-d52e-4b3a-b266-e21f946cedaf
359,7,0.0,2026-08-19T05:53:09.944994+00:00,8c7e18eba1488dd5a7d4bdb00d4da0a75e895717,27579a5b-d52e-4b3a-b266-e21f946cedaf
359,8,0.0,2026-08-19T05:53:09.944994+00:00,8c7e18eba1488dd5a7d4bdb00d4da0a75e895717,27579a5b-d52e-4b3a-b266-e21f946cedaf
360,1,0.0,2026-08-19T05:53:09.944994+00:00,8c7e18eba1488dd5a7d4bdb00d4da0a75e895717,27579a5b-d52e-4b3a-b266-e21f946cedaf
360,2,0.0,2026-08-19T05:53:09.944994+00:00,8c7e18eba1488dd5a7d4bdb00d4da0a75e895717,27579a5b-d52e-4b3a-b266-e21f946cedaf
360,3,0.0,2026-08-19T05:53:09.944994+00:00,8c7e18eba1488dd5a7d4bdb00d4da0a75e895717,27579a5b-d52e-4b3a-b266-e21f946cedaf
360,4,0.0,2026-08-19T05:53:09.944994+00:00,8c7e18eba1488dd5a7d4bdb00d4da0a75e895717,27579a5b-d52e-4b3a-b266-e21f946cedaf
360,5,0.0,2026-08-19T05:53:09.944994+00:00,8c7e18eba1488dd5a7d4bdb00d4da0a75e895717,27579a5b-d52e-4b3a-b266-e21f946cedaf
360,6,0.0,2026-08-19T05:53:09.944994+00:00,8c7e18eba1488dd5a7d4bdb00d4da0a75e895717,27579a5b-d52e-4b3a-b266-e21f946cedaf
360,7,0.0,2026-08-19T05:53:09.944994+00:00,8c7e18eba1488dd5a7d4bdb00d4da0a75e895717,27579a5b-d52e-4b3a-b266-e21f946cedaf
360,8,0.0,2026-08-19T05:53:09.944994+00:00,8c7e18eba1488dd5a7d4bdb00d4da0a75e895717,27579a5b-d52e-4b3a-b266-e21f946cedaf
361,1,0.0,2026-08-19T05:53:09.944994+00:00,8c7e18eba1488dd5a7d4bdb00d4da0a75e895717,27579a5b-d52e-4b3a-b266-e21f946cedaf
361,2,0.0,2026-08-19T05:53:09.944994+00:00,8c7e18eba1488dd5a7d4bdb00d4da0a75e895717,27579a5b-d52e-4b3a-b266-e21f946cedaf
361,3,0.0,2026-08-19T05:53:09.944994+00:00,8c7e18eba1488dd5a7d4bdb00d4da0a75e895717,27579a5b-d52e-4b3a-b266-e21f946cedaf
361,4,0.0,2026-08-19T05:53:09.944994+00:00,8c7e18eba1488dd5a7d4bdb00d4da0a75e895717,27579a5b-d52e-4b3a-b266-e21f946cedaf
361,5,0.0,2026-08-19T05:53:09.944994+00:00,8c7e18eba1488dd5a7d4bdb00d4da0a75e895717,27579a5b-d52e-4b3a-b266-e21f946cedaf
361,6,0.0,2026-08-19T05:53:09.944994+00:00,8c7e18eba1488dd5a7d4bdb00d4da0a75e895717,27579a5b-d52e-4b3a-b266-e21f946cedaf
361,7,0.0,2026-08-19T05:53:09.944994+00:00,8c7e18eba1488dd5a7d4bdb00d4da0a75e895717,27579a5b-d52e-4b3a-b266-e21f946cedaf
361,8,0.0,2026-08-19T05:53:09.944994+00:00,8c7e18eba1488dd5a7d4bdb00d4da0a75e895717,27579a5b-d52e-4b3a-b266-e21f946cedaf
362,1,0.0,2026-08-19T05:53:09.944994+00:00,8c7e18eba1488dd5a7d4bdb00d4da0a75e895717,27579a5b-d52e-4b3a-b266-e21f946cedaf
362,2,0.0,2026-08-19T05:53:09.944994+00:00,8c7e18eba1488dd5a7d4bdb00d4da0a75e895717,27579a5b-d52e-4b3a-b266-e21f946cedaf
362,3,0.0,2026-08-19T05:53:09.944994+00:00,8c7e18eba1488dd5a7d4bdb00d4da0a75e895717,27579a5b-d52e-4b3a-b266-e21f946cedaf
362,4,0.0,2026-08-19T05:53:09.944994+00:00,8c7e18eba1488dd5a7d4bdb00d4da0a75e895717,27579a5b-d52e-4b3a-b266-e21f946cedaf
362,5,0.0,2026-08-19T05:53:09.944994+00:00,8c7e18eba1488dd5a7d4bdb00d4da0a75e895717,27579a5b-d52e-4b3a-b266-e21f946cedaf
362,6,0.0,2026-08-19T05:53:09.944994+00:00,8c7e18eba1488dd5a7d4bdb00d4da0a75e895717,27579a5b-d52e-4b3a-b266-e21f946cedaf
362,7,0.0,2026-08-19T05:53:09.944994+00:00,8c7e18eba1488dd5a7d4bdb00d4da0a75e895717,27579a5b-d52e-4b3a-b266-e21f946cedaf
362,8,0.0,2026-08-19T05:53:09.944994+00:00,8c7e18eba1488dd5a7d4bdb00d4da0a75e895717,27579a5b-d52e-4b3a-b266-e21f946cedaf
363,1,0.0,2026-08-19T05:53:09.944994+00:00,8c7e18eba1488dd5a7d4bdb00d4da0a75e895717,27579a5b-d52e-4b3a-b266-e21f946cedaf
363,2,0.0,2026-08-19T05:53:09.944994+00:00,8c7e18eba1488dd5a7d4bdb00d4da0a75e895717,27579a5b-d52e-4b3a-b266-e21f946cedaf
363,3,0.0,2026-08-19T05:53:09.944994+00:00,8c7e18eba1488dd5a7d4bdb00d4da0a75e895717,27579a5b-d52e-4b3a-b266-e21f946cedaf
363,4,0.0,2026-08-19T05:53:09.944994+00:00,8c7e18eba1488dd5a7d4bdb00d4da0a75e895717,27579a5b-d52e-4b3a-b266-e21f946cedaf
363,5,0.0,2026-08-19T05:53:09.944994+00:00,8c7e18eba1488dd5a7d4bdb00d4da0a75e895717,27579a5b-d52e-4b3a-b266-e21f946cedaf
363,6,0.0,2026-08-19T05:53:09.944994+00:00,8c7e18eba1488dd5a7d4bdb00d4da0a75e895717,27579a5b-d52e-4b3a-b266-e21f946cedaf
363,7,0.0,2026-08-19T05:53:09.944994+00:00,8c7e18eba1488dd5a7d4bdb00d4da0a75e895717,27579a5b-d52e-4b3a-b266-e21f946cedaf
363,8,0.0,2026-08-19T05:53:09.944994+00:00,8c7e18eba1488dd5a7d4bdb00d4da0a75e895717,27579a5b-d52e-4b3a-b266-e21f946cedaf
364,1,0.0,2026-08-19T05:53:09.944994+00:00,8c7e18eba1488dd5a7d4bdb00d4da0a75e895717,27579a5b-d52e-4b3a-b266-e21f946cedaf
364,2,0.0,2026-08-19T05:53:09.944994+00:00,8c7e18eba1488dd5a7d4bdb00d4da0a75e895717,27579a5b-d52e-4b3a-b266-e21f946cedaf
364,3,0.0,2026-08-19T05:53:09.944994+00:00,8c7e18eba1488dd5a7d4bdb00d4da0a75e895717,27579a5b-d52e-4b3a-b266-e21f946cedaf
364,4,0.0,2026-08-19T05:53:09.944994+00:00,8c7e18eba1488dd5a7d4bdb00d4da0a75e895717,27579a5b-d52e-4b3a-b266-e21f946cedaf
364,5,0.0,2026-08-19T05:53:09.944994+00:00,8c7e18eba1488dd5a7d4bdb00d4da0a75e895717,27579a5b-d52e-4b3a-b266-e21f946cedaf
364,6,0.0,2026-08-19T05:53:09.944994+00:00,8c7e18eba1488dd5a7d4bdb00d4da0a75e895717,27579a5b-d52e-4b3a-b266-e21f946cedaf
364,7,0.0,2026-08-19T05:53:09.944994+00:00,8c7e18eba1488dd5a7d4bdb00d4da0a75e895717,27579a5b-d52e-4b3a-b266-e21f946cedaf
364,8,0.0,2026-08-19T05:53:09.944994+00:00,8c7e18eba1488dd5a7d4bdb00d4da0a75e895717,27579a5b-d52e-4b3a-b266-e21f946cedaf
365,1,0.0,2026-08-19T05:53:09.944994+00:00,8c7e18eba1488dd5a7d4bdb00d4da0a75e895717,27579a5b-d52e-4b3a-b266-e21f946cedaf
365,2,0.0,2026-08-19T05:53:09.944994+00:00,8c7e18eba1488dd5a7d4bdb00d4da0a75e895717,27579a5b-d52e-4b3a-b266-e21f946cedaf
365,3,0.0,2026-08-19T05:53:09.944994+00:00,8c7e18eba1488dd5a7d4bdb00d4da0a75e895717,27579a5b-d52e-4b3a-b266-e21f946cedaf
365,4,0.0,2026-08-19T05:53:09.944994+00:00,8c7e18eba1488dd5a7d4bdb00d4da0a75e895717,27579a5b-d52e-4b3a-b266-e21f946cedaf
365,5,0.0,2026-08-19T05:53:09.944994+00:00,8c7e18eba1488dd5a7d4bdb00d4da0a75e895717,27579a5b-d52e-4b3a-b266-e21f946cedaf
365,6,0.0,2026-08-19T05:53:09.944994+00:00,8c7e18eba1488dd5a7d4bdb00d4da0a75e895717,27579a5b-d52e-4b3a-b266-e21f946cedaf
365,7,0.0,2026-08-19T05:53:09.944994+00:00,8c7e18eba1488dd5a7d4bdb00d4da0a75e895717,27579a5b-d52e-4b3a-b266-e21f946cedaf
365,8,0.0,2026-08-19T05:53:09.944994+00:00,8c7e18eba1488dd5a7d4bdb00d4da0a75e895717,27579a5b-d52e-4b3a-b266-e21f946cedaf
366,1,1.9869589805603027,2026-08-19T05:53:09.944994+00:00,8c7e18eba1488dd5a7d4bdb00d4da0a75e895717,27579a5b-d52e-4b3a-b266-e21f946cedaf
366,2,2.0889523029327393,2026-08-19T05:53:09.944994+00:00,8c7e18eba1488dd5a7d4bdb00d4da0a75e895717,27579a5b-d52e-4b3a-b266-e21f946cedaf
366,3,2.46517014503479,2026-08-19T05:53:09.944994+00:00,8c7e18eba1488dd5a7d4bdb00d4da0a75e895717,27579a5b-d52e-4b3a-b266-e21f946cedaf
366,4,2.1416802406311035,2026-08-19T05:53:09.944994+00:00,8c7e18eba1488dd5a7d4bdb00d4da0a75e895717,27579a5b-d52e-4b3a-b266-e21f946cedaf
366,5,2.0016396045684814,2026-08-19T05:53:09.944994+00:00,8c7e18eba1488dd5a7d4bdb00d4da0a75e895717,27579a5b-d52e-4b3a-b266-e21f946cedaf
366,6,1.8387302160263062,2026-08-19T05:53:09.944994+00:00,8c7e18eba1488dd5a7d4bdb00d4da0a75e895717,27579a5b-d52e-4b3a-b266-e21f946cedaf
366,7,2.021811008453369,2026-08-19T05:53:09.944994+00:00,8c7e18eba1488dd5a7d4bdb00d4da0a75e895717,27579a5b-d52e-4b3a-b266-e21f946cedaf
366,8,2.1218433380126953,2026-08-19T05:53:09.944994+00:00,8c7e18eba1488dd5a7d4bdb00d4da0a75e895717,27579a5b-d52e-4b3a-b266-e21f946cedaf
367,1,4.454138278961182,2026-08-19T05:53:09.944994+00:00,8c7e18eba1488dd5a7d4bdb00d4da0a75e895717,27579a5b-d52e-4b3a-b266-e21f946cedaf
367,2,4.75520133972168,2026-08-19T05:53:09.944994+00:00,8c7e18eba1488dd5a7d4bdb00d4da0a75e895717,27579a5b-d52e-4b3a-b266-e21f946cedaf
367,3,5.506412982940674,2026-08-19T05:53:09.944994+00:00,8c7e18eba1488dd5a7d4bdb00d4da0a75e895717,27579a5b-d52e-4b3a-b266-e21f946cedaf
367,4,4.862697601318359,2026-08-19T05:53:09.944994+00:00,8c7e18eba1488dd5a7d4bdb00d4da0a75e895717,27579a5b-d52e-4b3a-b266-e21f946cedaf
367,5,4.544732093811035,2026-08-19T05:53:09.944994+00:00,8c7e18eba1488dd5a7d4bdb00d4da0a75e895717,27579a5b-d52e-4b3a-b266-e21f946cedaf
367,6,4.198647975921631,2026-08-19T05:53:09.944994+00:00,8c7e18eba1488dd5a7d4bdb00d4da0a75e895717,27579a5b-d52e-4b3a-b266-e21f946cedaf
367,7,4.539807319641113,2026-08-19T05:53:09.944994+00:00,8c7e18eba1488dd5a7d4bdb00d4da0a75e895717,27579a5b-d52e-4b3a-b266-e21f946cedaf
367,8,4.792351245880127,2026-08-19T05:53:09.944994+00:00,8c7e18eba1488dd5a7d4bdb00d4da0a75e895717,27579a5b-d52e-4b3a-b266-e21f946cedaf
368,1,4.485413074493408,2026-08-19T05:53:09.944994+00:00,8c7e18eba1488dd5a7d4bdb00d4da0a75e895717,27579a5b-d52e-4b3a-b266-e21f946cedaf
368,2,4.758063793182373,2026-08-19T05:53:09.944994+00:00,8c7e18eba1488dd5a7d4bdb00d4da0a75e895717,27579a5b-d52e-4b3a-b266-e21f946cedaf
368,3,5.404475688934326,2026-08-19T05:53:09.944994+00:00,8c7e18eba1488dd5a7d4bdb00d4da0a75e895717,27579a5b-d52e-4b3a-b266-e21f946cedaf
368,4,4.850872039794922,2026-08-19T05:53:09.944994+00:00,8c7e18eba1488dd5a7d4bdb00d4da0a75e895717,27579a5b-d52e-4b3a-b266-e21f946cedaf
368,5,4.571916580200195,2026-08-19T05:53:09.944994+00:00,8c7e18eba1488dd5a7d4bdb00d4da0a75e895717,27579a5b-d52e-4b3a-b266-e21f946cedaf
368,6,4.271213531494141,2026-08-19T05:53:09.944994+00:00,8c7e18eba1488dd5a7d4bdb00d4da0a75e895717,27579a5b-d52e-4b3a-b266-e21f946cedaf
368,7,4.561373233795166,2026-08-19T05:53:09.944994+00:00,8c7e18eba1488dd5a7d4bdb00d4da0a75e895717,27579a5b-d52e-4b3a-b266-e21f946cedaf
368,8,4.7860517501831055,2026-08-19T05:53:09.944994+00:00,8c7e18eba1488dd5a7d4bdb00d4da0a75e895717,27579a5b-d52e-4b3a-b266-e21f946cedaf
369,1,1.7882030010223389,2026-08-19T05:53:09.944994+00:00,8c7e18eba1488dd5a7d4bdb00d4da0a75e895717,27579a5b-d52e-4b3a-b266-e21f946cedaf
369,2,1.8735508918762207,2026-08-19T05:53:09.944994+00:00,8c7e18eba1488dd5a7d4bdb00d4da0a75e895717,27579a5b-d52e-4b3a-b266-e21f946cedaf
369,3,2.1883695125579834,2026-08-19T05:53:09.944994+00:00,8c7e18eba1488dd5a7d4bdb00d4da0a75e895717,27579a5b-d52e-4b3a-b266-e21f946cedaf
369,4,1.9176734685897827,2026-08-19T05:53:09.944994+00:00,8c7e18eba1488dd5a7d4bdb00d4da0a75e895717,27579a5b-d52e-4b3a-b266-e21f946cedaf
369,5,1.800487756729126,2026-08-19T05:53:09.944994+00:00,8c7e18eba1488dd5a7d4bdb00d4da0a75e895717,27579a5b-d52e-4b3a-b266-e21f946cedaf
369,6,1.6641654968261719,2026-08-19T05:53:09.944994+00:00,8c7e18eba1488dd5a7d4bdb00d4da0a75e895717,27579a5b-d52e-4b3a-b266-e21f946cedaf
369,7,1.8173673152923584,2026-08-19T05:53:09.944994+00:00,8c7e18eba1488dd5a7d4bdb00d4da0a75e895717,27579a5b-d52e-4b3a-b266-e21f946cedaf
369,8,1.901073932647705,2026-08-19T05:53:09.944994+00:00,8c7e18eba1488dd5a7d4bdb00d4da0a75e895717,27579a5b-d52e-4b3a-b266-e21f946cedaf
370,1,1.128666877746582,2026-08-19T05:53:09.944994+00:00,8c7e18eba1488dd5a7d4bdb00d4da0a75e895717,27579a5b-d52e-4b3a-b266-e21f946cedaf
370,2,1.1417644023895264,2026-08-19T05:53:09.944994+00:00,8c7e18eba1488dd5a7d4bdb00d4da0a75e895717,27579a5b-d52e-4b3a-b266-e21f946cedaf
370,3,1.1900761127471924,2026-08-19T05:53:09.944994+00:00,8c7e18eba1488dd5a7d4bdb00d4da0a75e895717,27579a5b-d52e-4b3a-b266-e21f946cedaf
370,4,1.1485353708267212,2026-08-19T05:53:09.944994+00:00,8c7e18eba1488dd5a7d4bdb00d4da0a75e895717,27579a5b-d52e-4b3a-b266-e21f946cedaf
370,5,1.1305521726608276,2026-08-19T05:53:09.944994+00:00,8c7e18eba1488dd5a7d4bdb00d4da0a75e895717,27579a5b-d52e-4b3a-b266-e21f946cedaf
370,6,1.1096322536468506,2026-08-19T05:53:09.944994+00:00,8c7e18eba1488dd5a7d4bdb00d4da0a75e895717,27579a5b-d52e-4b3a-b266-e21f946cedaf
370,7,1.1331424713134766,2026-08-19T05:53:09.944994+00:00,8c7e18eba1488dd5a7d4bdb00d4da0a75e895717,27579a5b-d52e-4b3a-b266-e21f946cedaf
370,8,1.1459881067276,2026-08-19T05:53:09.944994+00:00,8c7e18eba1488dd5a7d4bdb00d4da0a75e895717,27579a5b-d52e-4b3a-b266-e21f946cedaf
371,1,3.405815362930298,2026-08-19T05:53:09.944994+00:00,8c7e18eba1488dd5a7d4bdb00d4da0a75e895717,27579a5b-d52e-4b3a-b266-e21f946cedaf
371,2,3.5940611362457275,2026-08-19T05:53:09.944994+00:00,8c7e18eba1488dd5a7d4bdb00d4da0a75e895717,27579a5b-d52e-4b3a-b266-e21f946cedaf
371,3,3.929128885269165,2026-08-19T05:53:09.944994+00:00,8c7e18eba1488dd5a7d4bdb00d4da0a75e895717,27579a5b-d52e-4b3a-b266-e21f946cedaf
371,4,3.64323353767395,2026-08-19T05:53:09.944994+00:00,8c7e18eba1488dd5a7d4bdb00d4da0a75e895717,27579a5b-d52e-4b3a-b266-e21f946cedaf
371,5,3.480170965194702,2026-08-19T05:53:09.944994+00:00,8c7e18eba1488dd5a7d4bdb00d4da0a75e895717,27579a5b-d52e-4b3a-b266-e21f946cedaf
371,6,3.314284563064575,2026-08-19T05:53:09.944994+00:00,8c7e18eba1488dd5a7d4bdb00d4da0a75e895717,27579a5b-d52e-4b3a-b266-e21f946cedaf
371,7,3.4529340267181396,2026-08-19T05:53:09.944994+00:00,8c7e18eba1488dd5a7d4bdb00d4da0a75e895717,27579a5b-d52e-4b3a-b266-e21f946cedaf
371,8,3.5948293209075928,2026-08-19T05:53:09.944994+00:00,8c7e18eba1488dd5a7d4bdb00d4da0a75e895717,27579a5b-d52e-4b3a-b266-e21f946cedaf
372,1,3.58428955078125,2026-08-19T05:53:09.944994+00:00,8c7e18eba1488dd5a7d4bdb00d4da0a75e895717,27579a5b-d52e-4b3a-b266-e21f946cedaf
372,2,3.8040430545806885,2026-08-19T05:53:09.944994+00:00,8c7e18eba1488dd5a7d4bdb00d4da0a75e895717,27579a5b-d52e-4b3a-b266-e21f946cedaf
372,3,4.255331516265869,2026-08-19T05:53:09.944994+00:00,8c7e18eba1488dd5a7d4bdb00d4da0a75e895717,27579a5b-d52e-4b3a-b266-e21f946cedaf
372,4,3.86950421333313,2026-08-19T05:53:09.944994+00:00,8c7e18eba1488dd5a7d4bdb00d4da0a75e895717,27579a5b-d52e-4b3a-b266-e21f946cedaf
372,5,3.663179874420166,2026-08-19T05:53:09.944994+00:00,8c7e18eba1488dd5a7d4bdb00d4da0a75e895717,27579a5b-d52e-4b3a-b266-e21f946cedaf
372,6,3.446967601776123,2026-08-19T05:53:09.944994+00:00,8c7e18eba1488dd5a7d4bdb00d4da0a75e895717,27579a5b-d52e-4b3a-b266-e21f946cedaf
372,7,3.642174243927002,2026-08-19T05:53:09.944994+00:00,8c7e18eba1488dd5a7d4bdb00d4da0a75e895717,27579a5b-d52e-4b3a-b266-e21f946cedaf
372,8,3.814971685409546,2026-08-19T05:53:09.944994+00:00,8c7e18eba1488dd5a7d4bdb00d4da0a75e895717,27579a5b-d52e-4b3a-b266-e21f946cedaf
373,1,3.6090872287750244,2026-08-19T05:53:09.944994+00:00,8c7e18eba1488dd5a7d4bdb00d4da0a75e895717,27579a5b-d52e-4b3a-b266-e21f946cedaf
373,2,3.818970203399658,2026-08-19T05:53:09.944994+00:00,8c7e18eba1488dd5a7d4bdb00d4da0a75e895717,27579a5b-d52e-4b3a-b266-e21f946cedaf
373,3,4.233851909637451,2026-08-19T05:53:09.944994+00:00,8c7e18eba1488dd5a7d4bdb00d4da0a75e895717,27579a5b-d52e-4b3a-b266-e21f946cedaf
373,4,3.879328966140747,2026-08-19T05:53:09.944994+00:00,8c7e18eba1488dd5a7d4bdb00d4da0a75e895717,27579a5b-d52e-4b3a-b266-e21f946cedaf
373,5,3.686556816101074,2026-08-19T05:53:09.944994+00:00,8c7e18eba1488dd5a7d4bdb00d4da0a75e895717,27579a5b-d52e-4b3a-b266-e21f946cedaf
373,6,3.486109733581543,2026-08-19T05:53:09.944994+00:00,8c7e18eba1488dd5a7d4bdb00d4da0a75e895717,27579a5b-d52e-4b3a-b266-e21f946cedaf
373,7,3.6635992527008057,2026-08-19T05:53:09.944994+00:00,8c7e18eba1488dd5a7d4bdb00d4da0a75e895717,27579a5b-d52e-4b3a-b266-e21f946cedaf
373,8,3.826716423034668,2026-08-19T05:53:09.944994+00:00,8c7e18eba1488dd5a7d4bdb00d4da0a75e895717,27579a5b-d52e-4b3a-b266-e21f946cedaf
374,1,1.1919549703598022,2026-08-19T05:53:09.944994+00:00,8c7e18eba1488dd5a7d4bdb00d4da0a75e895717,27579a5b-d52e-4b3a-b266-e21f946cedaf
374,2,1.2114946842193604,2026-08-19T05:53:09.944994+00:00,8c7e18eba1488dd5a7d4bdb00d4da0a75e895717,27579a5b-d52e-4b3a-b266-e21f946cedaf
374,3,1.2835699319839478,2026-08-19T05:53:09.944994+00:00,8c7e18eba1488dd5a7d4bdb00d4da0a75e895717,27579a5b-d52e-4b3a-b266-e21f946cedaf
374,4,1.2215962409973145,2026-08-19T05:53:09.944994+00:00,8c7e18eba1488dd5a7d4bdb00d4da0a75e895717,27579a5b-d52e-4b3a-b266-e21f946cedaf
374,5,1.1947674751281738,2026-08-19T05:53:09.944994+00:00,8c7e18eba1488dd5a7d4bdb00d4da0a75e895717,27579a5b-d52e-4b3a-b266-e21f946cedaf
374,6,1.163557529449463,2026-08-19T05:53:09.944994+00:00,8c7e18eba1488dd5a7d4bdb00d4da0a75e895717,27579a5b-d52e-4b3a-b266-e21f946cedaf
374,7,1.198632001876831,2026-08-19T05:53:09.944994+00:00,8c7e18eba1488dd5a7d4bdb00d4da0a75e895717,27579a5b-d52e-4b3a-b266-e21f946cedaf
374,8,1.217795968055725,2026-08-19T05:53:09.944994+00:00,8c7e18eba1488dd5a7d4bdb00d4da0a75e895717,27579a5b-d52e-4b3a-b266-e21f946cedaf
375,1,1.0256644487380981,2026-08-19T05:53:09.944994+00:00,8c7e18eba1488dd5a7d4bdb00d4da0a75e895717,27579a5b-d52e-4b3a-b266-e21f946cedaf
375,2,1.0282769203186035,2026-08-19T05:53:09.944994+00:00,8c7e18eba1488dd5a7d4bdb00d4da0a75e895717,27579a5b-d52e-4b3a-b266-e21f946cedaf
375,3,1.0379133224487305,2026-08-19T05:53:09.944994+00:00,8c7e18eba1488dd5a7d4bdb00d4da0a75e895717,27579a5b-d52e-4b3a-b266-e21f946cedaf
375,4,1.0296274423599243,2026-08-19T05:53:09.944994+00:00,8c7e18eba1488dd5a7d4bdb00d4da0a75e895717,27579a5b-d52e-4b3a-b266-e21f946cedaf
375,5,1.0260404348373413,2026-08-19T05:53:09.944994+00:00,8c7e18eba1488dd5a7d4bdb00d4da0a75e895717,27579a5b-d52e-4b3a-b266-e21f946cedaf
375,6,1.0218677520751953,2026-08-19T05:53:09.944994+00:00,8c7e18eba1488dd5a7d4bdb00d4da0a75e895717,27579a5b-d52e-4b3a-b266-e21f946cedaf
375,7,1.0265570878982544,2026-08-19T05:53:09.944994+00:00,8c7e18eba1488dd5a7d4bdb00d4da0a75e895717,27579a5b-d52e-4b3a-b266-e21f946cedaf
375,8,1.0291193723678589,2026-08-19T05:53:09.944994+00:00,8c7e18eba1488dd5a7d4bdb00d4da0a75e895717,27579a5b-d52e-4b3a-b266-e21f946cedaf
376,1,0.0,2026-08-19T05:53:09.944994+00:00,8c7e18eba1488dd5a7d4bdb00d4da0a75e895717,27579a5b-d52e-4b3a-b266-e21f946cedaf
376,2,0.0,2026-08-19T05:53:09.944994+00:00,8c7e18eba1488dd5a7d4bdb00d4da0a75e895717,27579a5b-d52e-4b3a-b266-e21f946cedaf
376,3,0.0,2026-08-19T05:53:09.944994+00:00,8c7e18eba1488dd5a7d4bdb00d4da0a75e895717,27579a5b-d52e-4b3a-b266-e21f946cedaf
376,4,0.0,2026-08-19T05:53:09.944994+00:00,8c7e18eba1488dd5a7d4bdb00d4da0a75e895717,27579a5b-d52e-4b3a-b266-e21f946cedaf
376,5,0.0,2026-08-19T05:53:09.944994+00:00,8c7e18eba1488dd5a7d4bdb00d4da0a75e895717,27579a5b-d52e-4b3a-b266-e21f946cedaf
376,6,0.0,2026-08-19T05:53:09.944994+00:00,8c7e18eba1488dd5a7d4bdb00d4da0a75e895717,27579a5b-d52e-4b3a-b266-e21f946cedaf
376,7,0.0,2026-08-19T05:53:09.944994+00:00,8c7e18eba1488dd5a7d4bdb00d4da0a75e895717,27579a5b-d52e-4b3a-b266-e21f946cedaf
376,8,0.0,2026-08-19T05:53:09.944994+00:00,8c7e18eba1488dd5a7d4bdb00d4da0a75e895717,27579a5b-d52e-4b3a-b266-e21f946cedaf
377,1,0.0,2026-08-19T05:53:09.944994+00:00,8c7e18eba1488dd5a7d4bdb00d4da0a75e895717,27579a5b-d52e-4b3a-b266-e21f946cedaf
377,2,0.0,2026-08-19T05:53:09.944994+00:00,8c7e18eba1488dd5a7d4bdb00d4da0a75e895717,27579a5b-d52e-4b3a-b266-e21f946cedaf
377,3,0.0,2026-08-19T05:53:09.944994+00:00,8c7e18eba1488dd5a7d4bdb00d4da0a75e895717,27579a5b-d52e-4b3a-b266-e21f946cedaf
377,4,0.0,2026-08-19T05:53:09.944994+00:00,8c7e18eba1488dd5a7d4bdb00d4da0a75e895717,27579a5b-d52e-4b3a-b266-e21f946cedaf
377,5,0.0,2026-08-19T05:53:09.944994+00:00,8c7e18eba1488dd5a7d4bdb00d4da0a75e895717,27579a5b-d52e-4b3a-b266-e21f946cedaf
377,6,0.0,2026-08-19T05:53:09.944994+00:00,8c7e18eba1488dd5a7d4bdb00d4da0a75e895717,27579a5b-d52e-4b3a-b266-e21f946cedaf
377,7,0.0,2026-08-19T05:53:09.944994+00:00,8c7e18eba1488dd5a7d4bdb00d4da0a75e895717,27579a5b-d52e-4b3a-b266-e21f946cedaf
377,8,0.0,2026-08-19T05:53:09.944994+00:00,8c7e18eba1488dd5a7d4bdb00d4da0a75e895717,27579a5b-d52e-4b3a-b266-e21f946cedaf
378,1,0.0,2026-08-19T05:53:09.944994+00:00,8c7e18eba1488dd5a7d4bdb00d4da0a75e895717,27579a5b-d52e-4b3a-b266-e21f946cedaf
378,2,0.0,2026-08-19T05:53:09.944994+00:00,8c7e18eba1488dd5a7d4bdb00d4da0a75e895717,27579a5b-d52e-4b3a-b266-e21f946cedaf
378,3,0.0,2026-08-19T05:53:09.944994+00:00,8c7e18eba1488dd5a7d4bdb00d4da0a75e895717,27579a5b-d52e-4b3a-b266-e21f946cedaf
378,4,0.0,2026-08-19T05:53:09.944994+00:00,8c7e18eba1488dd5a7d4bdb00d4da0a75e895717,27579a5b-d52e-4b3a-b266-e21f946cedaf
378,5,0.0,2026-08-19T05:53:09.944994+00:00,8c7e18eba1488dd5a7d4bdb00d4da0a75e895717,27579a5b-d52e-4b3a-b266-e21f946cedaf
378,6,0.0,2026-08-19T05:53:09.944994+00:00,8c7e18eba1488dd5a7d4bdb00d4da0a75e895717,27579a5b-d52e-4b3a-b266-e21f946cedaf
378,7,0.0,2026-08-19T05:53:09.944994+00:00,8c7e18eba1488dd5a7d4bdb00d4da0a75e895717,27579a5b-d52e-4b3a-b266-e21f946cedaf
378,8,0.0,2026-08-19T05:53:09.944994+00:00,8c7e18eba1488dd5a7d4bdb00d4da0a75e895717,27579a5b-d52e-4b3a-b266-e21f946cedaf
379,1,2.1967430114746094,2026-08-19T05:53:09.944994+00:00,8c7e18eba1488dd5a7d4bdb00d4da0a75e895717,27579a5b-d52e-4b3a-b266-e21f946cedaf
379,2,2.3098702430725098,2026-08-19T05:53:09.944994+00:00,8c7e18eba1488dd5a7d4bdb00d4da0a75e895717,27579a5b-d52e-4b3a-b266-e21f946cedaf
379,3,2.7271552085876465,2026-08-19T05:53:09.944994+00:00,8c7e18eba1488dd5a7d4bdb00d4da0a75e895717,27579a5b-d52e-4b3a-b266-e21f946cedaf
379,4,2.3683533668518066,2026-08-19T05:53:09.944994+00:00,8c7e18eba1488dd5a7d4bdb00d4da0a75e895717,27579a5b-d52e-4b3a-b266-e21f946cedaf
379,5,2.213026523590088,2026-08-19T05:53:09.944994+00:00,8c7e18eba1488dd5a7d4bdb00d4da0a75e895717,27579a5b-d52e-4b3a-b266-e21f946cedaf
379,6,2.032334327697754,2026-08-19T05:53:09.944994+00:00,8c7e18eba1488dd5a7d4bdb00d4da0a75e895717,27579a5b-d52e-4b3a-b266-e21f946cedaf
379,7,2.2353997230529785,2026-08-19T05:53:09.944994+00:00,8c7e18eba1488dd5a7d4bdb00d4da0a75e895717,27579a5b-d52e-4b3a-b266-e21f946cedaf
379,8,2.3463516235351562,2026-08-19T05:53:09.944994+00:00,8c7e18eba1488dd5a7d4bdb00d4da0a75e895717,27579a5b-d52e-4b3a-b266-e21f946cedaf
380,1,0.0,2026-08-19T05:53:09.944994+00:00,8c7e18eba1488dd5a7d4bdb00d4da0a75e895717,27579a5b-d52e-4b3a-b266-e21f946cedaf
380,2,0.0,2026-08-19T05:53:09.944994+00:00,8c7e18eba1488dd5a7d4bdb00d4da0a75e895717,27579a5b-d52e-4b3a-b266-e21f946cedaf
380,3,0.0,2026-08-19T05:53:09.944994+00:00,8c7e18eba1488dd5a7d4bdb00d4da0a75e895717,27579a5b-d52e-4b3a-b266-e21f946cedaf
380,4,0.0,2026-08-19T05:53:09.944994+00:00,8c7e18eba1488dd5a7d4bdb00d4da0a75e895717,27579a5b-d52e-4b3a-b266-e21f946cedaf
380,5,0.0,2026-08-19T05:53:09.944994+00:00,8c7e18eba1488dd5a7d4bdb00d4da0a75e895717,27579a5b-d52e-4b3a-b266-e21f946cedaf
380,6,0.0,2026-08-19T05:53:09.944994+00:00,8c7e18eba1488dd5a7d4bdb00d4da0a75e895717,27579a5b-d52e-4b3a-b266-e21f946cedaf
380,7,0.0,2026-08-19T05:53:09.944994+00:00,8c7e18eba1488dd5a7d4bdb00d4da0a75e895717,27579a5b-d52e-4b3a-b266-e21f946cedaf
380,8,0.0,2026-08-19T05:53:09.944994+00:00,8c7e18eba1488dd5a7d4bdb00d4da0a75e895717,27579a5b-d52e-4b3a-b266-e21f946cedaf
381,1,0.0,2026-08-19T05:53:09.944994+00:00,8c7e18eba1488dd5a7d4bdb00d4da0a75e895717,27579a5b-d52e-4b3a-b266-e21f946cedaf
381,2,0.0,2026-08-19T05:53:09.944994+00:00,8c7e18eba1488dd5a7d4bdb00d4da0a75e895717,27579a5b-d52e-4b3a-b266-e21f946cedaf
381,3,0.0,2026-08-19T05:53:09.944994+00:00,8c7e18eba1488dd5a7d4bdb00d4da0a75e895717,27579a5b-d52e-4b3a-b266-e21f946cedaf
381,4,0.0,2026-08-19T05:53:09.944994+00:00,8c7e18eba1488dd5a7d4bdb00d4da0a75e895717,27579a5b-d52e-4b3a-b266-e21f946cedaf
381,5,0.0,2026-08-19T05:53:09.944994+00:00,8c7e18eba1488dd5a7d4bdb00d4da0a75e895717,27579a5b-d52e-4b3a-b266-e21f946cedaf
381,6,0.0,2026-08-19T05:53:09.944994+00:00,8c7e18eba1488dd5a7d4bdb00d4da0a75e895717,27579a5b-d52e-4b3a-b266-e21f946cedaf
381,7,0.0,2026-08-19T05:53:09.944994+00:00,8c7e18eba1488dd5a7d4bdb00d4da0a75e895717,27579a5b-d52e-4b3a-b266-e21f946cedaf
381,8,0.0,2026-08-19T05:53:09.944994+00:00,8c7e18eba1488dd5a7d4bdb00d4da0a75e895717,27579a5b-d52e-4b3a-b266-e21f946cedaf
382,1,0.0,2026-08-19T05:53:09.944994+00:00,8c7e18eba1488dd5a7d4bdb00d4da0a75e895717,27579a5b-d52e-4b3a-b266-e21f946cedaf
382,2,0.0,2026-08-19T05:53:09.944994+00:00,8c7e18eba1488dd5a7d4bdb00d4da0a75e895717,27579a5b-d52e-4b3a-b266-e21f946cedaf
382,3,0.0,2026-08-19T05:53:09.944994+00:00,8c7e18eba1488dd5a7d4bdb00d4da0a75e895717,27579a5b-d52e-4b3a-b266-e21f946cedaf
382,4,0.0,2026-08-19T05:53:09.944994+00:00,8c7e18eba1488dd5a7d4bdb00d4da0a75e895717,27579a5b-d52e-4b3a-b266-e21f946cedaf
382,5,0.0,2026-08-19T05:53:09.944994+00:00,8c7e18eba1488dd5a7d4bdb00d4da0a75e895717,27579a5b-d52e-4b3a-b266-e21f946cedaf
382,6,0.0,2026-08-19T05:53:09.944994+00:00,8c7e18eba1488dd5a7d4bdb00d4da0a75e895717,27579a5b-d52e-4b3a-b266-e21f946cedaf
382,7,0.0,2026-08-19T05:53:09.944994+00:00,8c7e18eba1488dd5a7d4bdb00d4da0a75e895717,27579a5b-d52e-4b3a-b266-e21f946cedaf
382,8,0.0,2026-08-19T05:53:09.944994+00:00,8c7e18eba1488dd5a7d4bdb00d4da0a75e895717,27579a5b-d52e-4b3a-b266-e21f946cedaf
383,1,1.0065674781799316,2026-08-19T05:53:09.944994+00:00,8c7e18eba1488dd5a7d4bdb00d4da0a75e895717,27579a5b-d52e-4b3a-b266-e21f946cedaf
383,2,1.0072360038757324,2026-08-19T05:53:09.944994+00:00,8c7e18eba1488dd5a7d4bdb00d4da0a75e895717,27579a5b-d52e-4b3a-b266-e21f946cedaf
383,3,1.0097019672393799,2026-08-19T05:53:09.944994+00:00,8c7e18eba1488dd5a7d4bdb00d4da0a75e895717,27579a5b-d52e-4b3a-b266-e21f946cedaf
383,4,1.0075815916061401,2026-08-19T05:53:09.944994+00:00,8c7e18eba1488dd5a7d4bdb00d4da0a75e895717,27579a5b-d52e-4b3a-b266-e21f946cedaf
383,5,1.0066636800765991,2026-08-19T05:53:09.944994+00:00,8c7e18eba1488dd5a7d4bdb00d4da0a75e895717,27579a5b-d52e-4b3a-b266-e21f946cedaf
383,6,1.0055959224700928,2026-08-19T05:53:09.944994+00:00,8c7e18eba1488dd5a7d4bdb00d4da0a75e895717,27579a5b-d52e-4b3a-b266-e21f946cedaf
383,7,1.006795883178711,2026-08-19T05:53:09.944994+00:00,8c7e18eba1488dd5a7d4bdb00d4da0a75e895717,27579a5b-d52e-4b3a-b266-e21f946cedaf
383,8,1.0074515342712402,2026-08-19T05:53:09.944994+00:00,8c7e18eba1488dd5a7d4bdb00d4da0a75e895717,27579a5b-d52e-4b3a-b266-e21f946cedaf
384,1,3.823092222213745,2026-08-19T05:53:09.944994+00:00,8c7e18eba1488dd5a7d4bdb00d4da0a75e895717,27579a5b-d52e-4b3a-b266-e21f946cedaf
384,2,3.6446683406829834,2026-08-19T05:53:09.944994+00:00,8c7e18eba1488dd5a7d4bdb00d4da0a75e895717,27579a5b-d52e-4b3a-b266-e21f946cedaf
384,3,4.115889549255371,2026-08-19T05:53:09.944994+00:00,8c7e18eba1488dd5a7d4bdb00d4da0a75e895717,27579a5b-d52e-4b3a-b266-e21f946cedaf
384,4,3.1645474433898926,2026-08-19T05:53:09.944994+00:00,8c7e18eba1488dd5a7d4bdb00d4da0a75e895717,27579a5b-d52e-4b3a-b266-e21f946cedaf
384,5,4.0137038230896,2026-08-19T05:53:09.944994+00:00,8c7e18eba1488dd5a7d4bdb00d4da0a75e895717,27579a5b-d52e-4b3a-b266-e21f946cedaf
384,6,2.8760368824005127,2026-08-19T05:53:09.944994+00:00,8c7e18eba1488dd5a7d4bdb00d4da0a75e895717,27579a5b-d52e-4b3a-b266-e21f946cedaf
384,7,4.51366662979126,2026-08-19T05:53:09.944994+00:00,8c7e18eba1488dd5a7d4bdb00d4da0a75e895717,27579a5b-d52e-4b3a-b266-e21f946cedaf
384,8,3.1965317726135254,2026-08-19T05:53:09.944994+00:00,8c7e18eba1488dd5a7d4bdb00d4da0a75e895717,27579a5b-d52e-4b3a-b266-e21f946cedaf
385,1,0.0,2026-08-19T05:53:09.944994+00:00,8c7e18eba1488dd5a7d4bdb00d4da0a75e895717,27579a5b-d52e-4b3a-b266-e21f946cedaf
385,2,0.0,2026-08-19T05:53:09.944994+00:00,8c7e18eba1488dd5a7d4bdb00d4da0a75e895717,27579a5b-d52e-4b3a-b266-e21f946cedaf
385,3,0.0,2026-08-19T05:53:09.944994+00:00,8c7e18eba1488dd5a7d4bdb00d4da0a75e895717,27579a5b-d52e-4b3a-b266-e21f946cedaf
385,4,0.0,2026-08-19T05:53:09.944994+00:00,8c7e18eba1488dd5a7d4bdb00d4da0a75e895717,27579a5b-d52e-4b3a-b266-e21f946cedaf
385,5,0.0,2026-08-19T05:53:09.944994+00:00,8c7e18eba1488dd5a7d4bdb00d4da0a75e895717,27579a5b-d52e-4b3a-b266-e21f946cedaf
385,6,0.0,2026-08-19T05:53:09.944994+00:00,8c7e18eba1488dd5a7d4bdb00d4da0a75e895717,27579a5b-d52e-4b3a-b266-e21f946cedaf
385,7,0.0,2026-08-19T05:53:09.944994+00:00,8c7e18eba1488dd5a7d4bdb00d4da0a75e895717,27579a5b-d52e-4b3a-b266-e21f946cedaf
385,8,0.0,2026-08-19T05:53:09.944994+00:00,8c7e18eba1488dd5a7d4bdb00d4da0a75e895717,27579a5b-d52e-4b3a-b266-e21f946cedaf
386,1,0.0,2026-08-19T05:53:09.944994+00:00,8c7e18eba1488dd5a7d4bdb00d4da0a75e895717,27579a5b-d52e-4b3a-b266-e21f946cedaf
386,2,0.0,2026-08-19T05:53:09.944994+00:00,8c7e18eba1488dd5a7d4bdb00d4da0a75e895717,27579a5b-d52e-4b3a-b266-e21f946cedaf
386,3,0.0,2026-08-19T05:53:09.944994+00:00,8c7e18eba1488dd5a7d4bdb00d4da0a75e895717,27579a5b-d52e-4b3a-b266-e21f946cedaf
386,4,0.0,2026-08-19T05:53:09.944994+00:00,8c7e18eba1488dd5a7d4bdb00d4da0a75e895717,27579a5b-d52e-4b3a-b266-e21f946cedaf
386,5,0.0,2026-08-19T05:53:09.944994+00:00,8c7e18eba1488dd5a7d4bdb00d4da0a75e895717,27579a5b-d52e-4b3a-b266-e21f946cedaf
386,6,0.0,2026-08-19T05:53:09.944994+00:00,8c7e18eba1488dd5a7d4bdb00d4da0a75e895717,27579a5b-d52e-4b3a-b266-e21f946cedaf
386,7,0.0,2026-08-19T05:53:09.944994+00:00,8c7e18eba1488dd5a7d4bdb00d4da0a75e895717,27579a5b-d52e-4b3a-b266-e21f946cedaf
386,8,0.0,2026-08-19T05:53:09.944994+00:00,8c7e18eba1488dd5a7d4bdb00d4da0a75e895717,27579a5b-d52e-4b3a-b266-e21f946cedaf
387,1,4.82967472076416,2026-08-19T05:53:09.944994+00:00,8c7e18eba1488dd5a7d4bdb00d4da0a75e895717,27579a5b-d52e-4b3a-b266-e21f946cedaf
387,2,4.468936920166016,2026-08-19T05:53:09.944994+00:00,8c7e18eba1488dd5a7d4bdb00d4da0a75e895717,27579a5b-d52e-4b3a-b266-e21f946cedaf
387,3,5.321439266204834,2026-08-19T05:53:09.944994+00:00,8c7e18eba1488dd5a7d4bdb00d4da0a75e895717,27579a5b-d52e-4b3a-b266-e21f946cedaf
387,4,3.9809677600860596,2026-08-19T05:53:09.944994+00:00,8c7e18eba1488dd5a7d4bdb00d4da0a75e895717,27579a5b-d52e-4b3a-b266-e21f946cedaf
387,5,4.998243808746338,2026-08-19T05:53:09.944994+00:00,8c7e18eba1488dd5a7d4bdb00d4da0a75e895717,27579a5b-d52e-4b3a-b266-e21f946cedaf
387,6,3.64107084274292,2026-08-19T05:53:09.944994+00:00,8c7e18eba1488dd5a7d4bdb00d4da0a75e895717,27579a5b-d52e-4b3a-b266-e21f946cedaf
387,7,5.920274257659912,2026-08-19T05:53:09.944994+00:00,8c7e18eba1488dd5a7d4bdb00d4da0a75e895717,27579a5b-d52e-4b3a-b266-e21f946cedaf
387,8,4.004958152770996,2026-08-19T05:53:09.944994+00:00,8c7e18eba1488dd5a7d4bdb00d4da0a75e895717,27579a5b-d52e-4b3a-b266-e21f946cedaf
388,1,5.055053234100342,2026-08-19T05:53:09.944994+00:00,8c7e18eba1488dd5a7d4bdb00d4da0a75e895717,27579a5b-d52e-4b3a-b266-e21f946cedaf
388,2,4.69625186920166,2026-08-19T05:53:09.944994+00:00,8c7e18eba1488dd5a7d4bdb00d4da0a75e895717,27579a5b-d52e-4b3a-b266-e21f946cedaf
388,3,5.546574592590332,2026-08-19T05:53:09.944994+00:00,8c7e18eba1488dd5a7d4bdb00d4da0a75e895717,27579a5b-d52e-4b3a-b266-e21f946cedaf
388,4,4.189938545227051,2026-08-19T05:53:09.944994+00:00,8c7e18eba1488dd5a7d4bdb00d4da0a75e895717,27579a5b-d52e-4b3a-b266-e21f946cedaf
388,5,5.2300896644592285,2026-08-19T05:53:09.944994+00:00,8c7e18eba1488dd5a7d4bdb00d4da0a75e895717,27579a5b-d52e-4b3a-b266-e21f946cedaf
388,6,3.8383913040161133,2026-08-19T05:53:09.944994+00:00,8c7e18eba1488dd5a7d4bdb00d4da0a75e895717,27579a5b-d52e-4b3a-b266-e21f946cedaf
388,7,6.145963191986084,2026-08-19T05:53:09.944994+00:00,8c7e18eba1488dd5a7d4bdb00d4da0a75e895717,27579a5b-d52e-4b3a-b266-e21f946cedaf
388,8,4.215641498565674,2026-08-19T05:53:09.944994+00:00,8c7e18eba1488dd5a7d4bdb00d4da0a75e895717,27579a5b-d52e-4b3a-b266-e21f946cedaf
389,1,4.837132453918457,2026-08-19T05:53:09.944994+00:00,8c7e18eba1488dd5a7d4bdb00d4da0a75e895717,27579a5b-d52e-4b3a-b266-e21f946cedaf
389,2,4.489473342895508,2026-08-19T05:53:09.944994+00:00,8c7e18eba1488dd5a7d4bdb00d4da0a75e895717,27579a5b-d52e-4b3a-b266-e21f946cedaf
389,3,5.3159260749816895,2026-08-19T05:53:09.944994+00:00,8c7e18eba1488dd5a7d4bdb00d4da0a75e895717,27579a5b-d52e-4b3a-b266-e21f946cedaf
389,4,3.989232301712036,2026-08-19T05:53:09.944994+00:00,8c7e18eba1488dd5a7d4bdb00d4da0a75e895717,27579a5b-d52e-4b3a-b266-e21f946cedaf
389,5,5.011624813079834,2026-08-19T05:53:09.944994+00:00,8c7e18eba1488dd5a7d4bdb00d4da0a75e895717,27579a5b-d52e-4b3a-b266-e21f946cedaf
389,6,3.644526720046997,2026-08-19T05:53:09.944994+00:00,8c7e18eba1488dd5a7d4bdb00d4da0a75e895717,27579a5b-d52e-4b3a-b266-e21f946cedaf
389,7,5.9022111892700195,2026-08-19T05:53:09.944994+00:00,8c7e18eba1488dd5a7d4bdb00d4da0a75e895717,27579a5b-d52e-4b3a-b266-e21f946cedaf
389,8,4.01492977142334,2026-08-19T05:53:09.944994+00:00,8c7e18eba1488dd5a7d4bdb00d4da0a75e895717,27579a5b-d52e-4b3a-b266-e21f946cedaf
390,1,0.9661900401115417,2026-08-19T05:53:09.944994+00:00,8c7e18eba1488dd5a7d4bdb00d4da0a75e895717,27579a5b-d52e-4b3a-b266-e21f946cedaf
390,2,0.9100307822227478,2026-08-19T05:53:09.944994+00:00,8c7e18eba1488dd5a7d4bdb00d4da0a75e895717,27579a5b-d52e-4b3a-b266-e21f946cedaf
390,3,1.0351005792617798,2026-08-19T05:53:09.944994+00:00,8c7e18eba1488dd5a7d4bdb00d4da0a75e895717,27579a5b-d52e-4b3a-b266-e21f946cedaf
390,4,0.8325016498565674,2026-08-19T05:53:09.944994+00:00,8c7e18eba1488dd5a7d4bdb00d4da0a75e895717,27579a5b-d52e-4b3a-b266-e21f946cedaf
390,5,0.9848060011863708,2026-08-19T05:53:09.944994+00:00,8c7e18eba1488dd5a7d4bdb00d4da0a75e895717,27579a5b-d52e-4b3a-b266-e21f946cedaf
390,6,0.7669607996940613,2026-08-19T05:53:09.944994+00:00,8c7e18eba1488dd5a7d4bdb00d4da0a75e895717,27579a5b-d52e-4b3a-b266-e21f946cedaf
390,7,1.1079959869384766,2026-08-19T05:53:09.944994+00:00,8c7e18eba1488dd5a7d4bdb00d4da0a75e895717,27579a5b-d52e-4b3a-b266-e21f946cedaf
390,8,0.8366720676422119,2026-08-19T05:53:09.944994+00:00,8c7e18eba1488dd5a7d4bdb00d4da0a75e895717,27579a5b-d52e-4b3a-b266-e21f946cedaf
391,1,4.892189025878906,2026-08-19T05:53:09.944994+00:00,8c7e18eba1488dd5a7d4bdb00d4da0a75e895717,27579a5b-d52e-4b3a-b266-e21f946cedaf
391,2,4.593319416046143,2026-08-19T05:53:09.944994+00:00,8c7e18eba1488dd5a7d4bdb00d4da0a75e895717,27579a5b-d52e-4b3a-b266-e21f946cedaf
391,3,5.314998626708984,2026-08-19T05:53:09.944994+00:00,8c7e18eba1488dd5a7d4bdb00d4da0a75e895717,27579a5b-d52e-4b3a-b266-e21f946cedaf
391,4,4.122162342071533,2026-08-19T05:53:09.944994+00:00,8c7e18eba1488dd5a7d4bdb00d4da0a75e895717,27579a5b-d52e-4b3a-b266-e21f946cedaf
391,5,5.06345272064209,2026-08-19T05:53:09.944994+00:00,8c7e18eba1488dd5a7d4bdb00d4da0a75e895717,27579a5b-d52e-4b3a-b266-e21f946cedaf
391,6,3.809067487716675,2026-08-19T05:53:09.944994+00:00,8c7e18eba1488dd5a7d4bdb00d4da0a75e895717,27579a5b-d52e-4b3a-b266-e21f946cedaf
391,7,5.843539714813232,2026-08-19T05:53:09.944994+00:00,8c7e18eba1488dd5a7d4bdb00d4da0a75e895717,27579a5b-d52e-4b3a-b266-e21f946cedaf
391,8,4.147616386413574,2026-08-19T05:53:09.944994+00:00,8c7e18eba1488dd5a7d4bdb00d4da0a75e895717,27579a5b-d52e-4b3a-b266-e21f946cedaf
392,1,1.2121806144714355,2026-08-19T05:53:09.944994+00:00,8c7e18eba1488dd5a7d4bdb00d4da0a75e895717,27579a5b-d52e-4b3a-b266-e21f946cedaf
392,2,1.1038585901260376,2026-08-19T05:53:09.944994+00:00,8c7e18eba1488dd5a7d4bdb00d4da0a75e895717,27579a5b-d52e-4b3a-b266-e21f946cedaf
392,3,1.3360120058059692,2026-08-19T05:53:09.944994+00:00,8c7e18eba1488dd5a7d4bdb00d4da0a75e895717,27579a5b-d52e-4b3a-b266-e21f946cedaf
392,4,1.0438590049743652,2026-08-19T05:53:09.944994+00:00,8c7e18eba1488dd5a7d4bdb00d4da0a75e895717,27579a5b-d52e-4b3a-b266-e21f946cedaf
392,5,1.2178010940551758,2026-08-19T05:53:09.944994+00:00,8c7e18eba1488dd5a7d4bdb00d4da0a75e895717,27579a5b-d52e-4b3a-b266-e21f946cedaf
392,6,0.9767038822174072,2026-08-19T05:53:09.944994+00:00,8c7e18eba1488dd5a7d4bdb00d4da0a75e895717,27579a5b-d52e-4b3a-b266-e21f946cedaf
392,7,1.4635467529296875,2026-08-19T05:53:09.944994+00:00,8c7e18eba1488dd5a7d4bdb00d4da0a75e895717,27579a5b-d52e-4b3a-b266-e21f946cedaf
392,8,1.0439962148666382,2026-08-19T05:53:09.944994+00:00,8c7e18eba1488dd5a7d4bdb00d4da0a75e895717,27579a5b-d52e-4b3a-b266-e21f946cedaf
393,1,4.408831596374512,2026-08-19T05:53:09.944994+00:00,8c7e18eba1488dd5a7d4bdb00d4da0a75e895717,27579a5b-d52e-4b3a-b266-e21f946cedaf
393,2,4.188035488128662,2026-08-19T05:53:09.944994+00:00,8c7e18eba1488dd5a7d4bdb00d4da0a75e895717,27579a5b-d52e-4b3a-b266-e21f946cedaf
393,3,4.746023178100586,2026-08-19T05:53:09.944994+00:00,8c7e18eba1488dd5a7d4bdb00d4da0a75e895717,27579a5b-d52e-4b3a-b266-e21f946cedaf
393,4,3.724301815032959,2026-08-19T05:53:09.944994+00:00,8c7e18eba1488dd5a7d4bdb00d4da0a75e895717,27579a5b-d52e-4b3a-b266-e21f946cedaf
393,5,4.588160514831543,2026-08-19T05:53:09.944994+00:00,8c7e18eba1488dd5a7d4bdb00d4da0a75e895717,27579a5b-d52e-4b3a-b266-e21f946cedaf
393,6,3.435901165008545,2026-08-19T05:53:09.944994+00:00,8c7e18eba1488dd5a7d4bdb00d4da0a75e895717,27579a5b-d52e-4b3a-b266-e21f946cedaf
393,7,5.187870979309082,2026-08-19T05:53:09.944994+00:00,8c7e18eba1488dd5a7d4bdb00d4da0a75e895717,27579a5b-d52e-4b3a-b266-e21f946cedaf
393,8,3.7528200149536133,2026-08-19T05:53:09.944994+00:00,8c7e18eba1488dd5a7d4bdb00d4da0a75e895717,27579a5b-d52e-4b3a-b266-e21f946cedaf
394,1,0.0,2026-08-19T05:53:09.944994+00:00,8c7e18eba1488dd5a7d4bdb00d4da0a75e895717,27579a5b-d52e-4b3a-b266-e21f946cedaf
394,2,0.0,2026-08-19T05:53:09.944994+00:00,8c7e18eba1488dd5a7d4bdb00d4da0a75e895717,27579a5b-d52e-4b3a-b266-e21f946cedaf
394,3,0.0,2026-08-19T05:53:09.944994+00:00,8c7e18eba1488dd5a7d4bdb00d4da0a75e895717,27579a5b-d52e-4b3a-b266-e21f946cedaf
394,4,0.0,2026-08-19T05:53:09.944994+00:00,8c7e18eba1488dd5a7d4bdb00d4da0a75e895717,27579a5b-d52e-4b3a-b266-e21f946cedaf
394,5,0.0,2026-08-19T05:53:09.944994+00:00,8c7e18eba1488dd5a7d4bdb00d4da0a75e895717,27579a5b-d52e-4b3a-b266-e21f946cedaf
394,6,0.0,2026-08-19T05:53:09.944994+00:00,8c7e18eba1488dd5a7d4bdb00d4da0a75e895717,27579a5b-d52e-4b3a-b266-e21f946cedaf
394,7,0.0,2026-08-19T05:53:09.944994+00:00,8c7e18eba1488dd5a7d4bdb00d4da0a75e895717,27579a5b-d52e-4b3a-b266-e21f946cedaf
394,8,0.0,2026-08-19T05:53:09.944994+00:00,8c7e18eba1488dd5a7d4bdb00d4da0a75e895717,27579a5b-d52e-4b3a-b266-e21f946cedaf
395,1,1.0520529747009277,2026-08-19T05:53:09.944994+00:00,8c7e18eba1488dd5a7d4bdb00d4da0a75e895717,27579a5b-d52e-4b3a-b266-e21f946cedaf
395,2,1.0325230360031128,2026-08-19T05:53:09.944994+00:00,8c7e18eba1488dd5a7d4bdb00d4da0a75e895717,27579a5b-d52e-4b3a-b266-e21f946cedaf
395,3,1.0748018026351929,2026-08-19T05:53:09.944994+00:00,8c7e18eba1488dd5a7d4bdb00d4da0a75e895717,27579a5b-d52e-4b3a-b266-e21f946cedaf
395,4,1.0175399780273438,2026-08-19T05:53:09.944994+00:00,8c7e18eba1488dd5a7d4bdb00d4da0a75e895717,27579a5b-d52e-4b3a-b266-e21f946cedaf
395,5,1.0544753074645996,2026-08-19T05:53:09.944994+00:00,8c7e18eba1488dd5a7d4bdb00d4da0a75e895717,27579a5b-d52e-4b3a-b266-e21f946cedaf
395,6,1.002675175666809,2026-08-19T05:53:09.944994+00:00,8c7e18eba1488dd5a7d4bdb00d4da0a75e895717,27579a5b-d52e-4b3a-b266-e21f946cedaf
395,7,1.0984036922454834,2026-08-19T05:53:09.944994+00:00,8c7e18eba1488dd5a7d4bdb00d4da0a75e895717,27579a5b-d52e-4b3a-b266-e21f946cedaf
395,8,1.0179325342178345,2026-08-19T05:53:09.944994+00:00,8c7e18eba1488dd5a7d4bdb00d4da0a75e895717,27579a5b-d52e-4b3a-b266-e21f946cedaf
396,1,0.0,2026-08-19T05:53:09.944994+00:00,8c7e18eba1488dd5a7d4bdb00d4da0a75e895717,27579a5b-d52e-4b3a-b266-e21f946cedaf
396,2,0.0,2026-08-19T05:53:09.944994+00:00,8c7e18eba1488dd5a7d4bdb00d4da0a75e895717,27579a5b-d52e-4b3a-b266-e21f946cedaf
396,3,0.0,2026-08-19T05:53:09.944994+00:00,8c7e18eba1488dd5a7d4bdb00d4da0a75e895717,27579a5b-d52e-4b3a-b266-e21f946cedaf
396,4,0.0,2026-08-19T05:53:09.944994+00:00,8c7e18eba1488dd5a7d4bdb00d4da0a75e895717,27579a5b-d52e-4b3a-b266-e21f946cedaf
396,5,0.0,2026-08-19T05:53:09.944994+00:00,8c7e18eba1488dd5a7d4bdb00d4da0a75e895717,27579a5b-d52e-4b3a-b266-e21f946cedaf
396,6,0.0,2026-08-19T05:53:09.944994+00:00,8c7e18eba1488dd5a7d4bdb00d4da0a75e895717,27579a5b-d52e-4b3a-b266-e21f946cedaf
396,7,0.0,2026-08-19T05:53:09.944994+00:00,8c7e18eba1488dd5a7d4bdb00d4da0a75e895717,27579a5b-d52e-4b3a-b266-e21f946cedaf
396,8,0.0,2026-08-19T05:53:09.944994+00:00,8c7e18eba1488dd5a7d4bdb00d4da0a75e895717,27579a5b-d52e-4b3a-b266-e21f946cedaf
397,1,5.564919948577881,2026-08-19T05:53:09.944994+00:00,8c7e18eba1488dd5a7d4bdb00d4da0a75e895717,27579a5b-d52e-4b3a-b266-e21f946cedaf
397,2,4.984617233276367,2026-08-19T05:53:09.944994+00:00,8c7e18eba1488dd5a7d4bdb00d4da0a75e895717,27579a5b-d52e-4b3a-b266-e21f946cedaf
397,3,6.225528717041016,2026-08-19T05:53:09.944994+00:00,8c7e18eba1488dd5a7d4bdb00d4da0a75e895717,27579a5b-d52e-4b3a-b266-e21f946cedaf
397,4,4.814128875732422,2026-08-19T05:53:09.944994+00:00,8c7e18eba1488dd5a7d4bdb00d4da0a75e895717,27579a5b-d52e-4b3a-b266-e21f946cedaf
397,5,5.557072162628174,2026-08-19T05:53:09.944994+00:00,8c7e18eba1488dd5a7d4bdb00d4da0a75e895717,27579a5b-d52e-4b3a-b266-e21f946cedaf
397,6,4.572880268096924,2026-08-19T05:53:09.944994+00:00,8c7e18eba1488dd5a7d4bdb00d4da0a75e895717,27579a5b-d52e-4b3a-b266-e21f946cedaf
397,7,6.919742584228516,2026-08-19T05:53:09.944994+00:00,8c7e18eba1488dd5a7d4bdb00d4da0a75e895717,27579a5b-d52e-4b3a-b266-e21f946cedaf
397,8,4.801056861877441,2026-08-19T05:53:09.944994+00:00,8c7e18eba1488dd5a7d4bdb00d4da0a75e895717,27579a5b-d52e-4b3a-b266-e21f946cedaf
398,1,2.0504305362701416,2026-08-19T05:53:09.944994+00:00,8c7e18eba1488dd5a7d4bdb00d4da0a75e895717,27579a5b-d52e-4b3a-b266-e21f946cedaf
398,2,1.8237230777740479,2026-08-19T05:53:09.944994+00:00,8c7e18eba1488dd5a7d4bdb00d4da0a75e895717,27579a5b-d52e-4b3a-b266-e21f946cedaf
398,3,2.3001961708068848,2026-08-19T05:53:09.944994+00:00,8c7e18eba1488dd5a7d4bdb00d4da0a75e895717,27579a5b-d52e-4b3a-b266-e21f946cedaf
398,4,1.7908023595809937,2026-08-19T05:53:09.944994+00:00,8c7e18eba1488dd5a7d4bdb00d4da0a75e895717,27579a5b-d52e-4b3a-b266-e21f946cedaf
398,5,2.0308549404144287,2026-08-19T05:53:09.944994+00:00,8c7e18eba1488dd5a7d4bdb00d4da0a75e895717,27579a5b-d52e-4b3a-b266-e21f946cedaf
398,6,1.7115750312805176,2026-08-19T05:53:09.944994+00:00,8c7e18eba1488dd5a7d4bdb00d4da0a75e895717,27579a5b-d52e-4b3a-b266-e21f946cedaf
398,7,2.55359148979187,2026-08-19T05:53:09.944994+00:00,8c7e18eba1488dd5a7d4bdb00d4da0a75e895717,27579a5b-d52e-4b3a-b266-e21f946cedaf
398,8,1.7829079627990723,2026-08-19T05:53:09.944994+00:00,8c7e18eba1488dd5a7d4bdb00d4da0a75e895717,27579a5b-d52e-4b3a-b266-e21f946cedaf
399,1,2.6615872383117676,2026-08-19T05:53:09.944994+00:00,8c7e18eba1488dd5a7d4bdb00d4da0a75e895717,27579a5b-d52e-4b3a-b266-e21f946cedaf
399,2,2.315729856491089,2026-08-19T05:53:09.944994+00:00,8c7e18eba1488dd5a7d4bdb00d4da0a75e895717,27579a5b-d52e-4b3a-b266-e21f946cedaf
399,3,3.04262113571167,2026-08-19T05:53:09.944994+00:00,8c7e18eba1488dd5a7d4bdb00d4da0a75e895717,27579a5b-d52e-4b3a-b266-e21f946cedaf
399,4,2.265507459640503,2026-08-19T05:53:09.944994+00:00,8c7e18eba1488dd5a7d4bdb00d4da0a75e895717,27579a5b-d52e-4b3a-b266-e21f946cedaf
399,5,2.631723165512085,2026-08-19T05:53:09.944994+00:00,8c7e18eba1488dd5a7d4bdb00d4da0a75e895717,27579a5b-d52e-4b3a-b266-e21f946cedaf
399,6,2.1446404457092285,2026-08-19T05:53:09.944994+00:00,8c7e18eba1488dd5a7d4bdb00d4da0a75e895717,27579a5b-d52e-4b3a-b266-e21f946cedaf
399,7,3.429192543029785,2026-08-19T05:53:09.944994+00:00,8c7e18eba1488dd5a7d4bdb00d4da0a75e895717,27579a5b-d52e-4b3a-b266-e21f946cedaf
399,8,2.2534635066986084,2026-08-19T05:53:09.944994+00:00,8c7e18eba1488dd5a7d4bdb00d4da0a75e895717,27579a5b-d52e-4b3a-b266-e21f946cedaf
400,1,2.448897361755371,2026-08-19T05:53:09.944994+00:00,8c7e18eba1488dd5a7d4bdb00d4da0a75e895717,27579a5b-d52e-4b3a-b266-e21f946cedaf
400,2,2.1459543704986572,2026-08-19T05:53:09.944994+00:00,8c7e18eba1488dd5a7d4bdb00d4da0a75e895717,27579a5b-d52e-4b3a-b266-e21f946cedaf
400,3,2.7826523780822754,2026-08-19T05:53:09.944994+00:00,8c7e18eba1488dd5a7d4bdb00d4da0a75e895717,27579a5b-d52e-4b3a-b266-e21f946cedaf
400,4,2.1019632816314697,2026-08-19T05:53:09.944994+00:00,8c7e18eba1488dd5a7d4bdb00d4da0a75e895717,27579a5b-d52e-4b3a-b266-e21f946cedaf
400,5,2.422738552093506,2026-08-19T05:53:09.944994+00:00,8c7e18eba1488dd5a7d4bdb00d4da0a75e895717,27579a5b-d52e-4b3a-b266-e21f946cedaf
400,6,1.9960932731628418,2026-08-19T05:53:09.944994+00:00,8c7e18eba1488dd5a7d4bdb00d4da0a75e895717,27579a5b-d52e-4b3a-b266-e21f946cedaf
400,7,3.1212573051452637,2026-08-19T05:53:09.944994+00:00,8c7e18eba1488dd5a7d4bdb00d4da0a75e895717,27579a5b-d52e-4b3a-b266-e21f946cedaf
400,8,2.091413974761963,2026-08-19T05:53:09.944994+00:00,8c7e18eba1488dd5a7d4bdb00d4da0a75e895717,27579a5b-d52e-4b3a-b266-e21f946cedaf
401,1,1.6106531620025635,2026-08-19T05:53:09.944994+00:00,8c7e18eba1488dd5a7d4bdb00d4da0a75e895717,27579a5b-d52e-4b3a-b266-e21f946cedaf
401,2,1.485903263092041,2026-08-19T05:53:09.944994+00:00,8c7e18eba1488dd5a7d4bdb00d4da0a75e895717,27579a5b-d52e-4b3a-b266-e21f946cedaf
401,3,1.748091220855713,2026-08-19T05:53:09.944994+00:00,8c7e18eba1488dd5a7d4bdb00d4da0a75e895717,27579a5b-d52e-4b3a-b266-e21f946cedaf
401,4,1.4677881002426147,2026-08-19T05:53:09.944994+00:00,8c7e18eba1488dd5a7d4bdb00d4da0a75e895717,27579a5b-d52e-4b3a-b266-e21f946cedaf
401,5,1.5998812913894653,2026-08-19T05:53:09.944994+00:00,8c7e18eba1488dd5a7d4bdb00d4da0a75e895717,27579a5b-d52e-4b3a-b266-e21f946cedaf
401,6,1.424191951751709,2026-08-19T05:53:09.944994+00:00,8c7e18eba1488dd5a7d4bdb00d4da0a75e895717,27579a5b-d52e-4b3a-b266-e21f946cedaf
401,7,1.887526512145996,2026-08-19T05:53:09.944994+00:00,8c7e18eba1488dd5a7d4bdb00d4da0a75e895717,27579a5b-d52e-4b3a-b266-e21f946cedaf
401,8,1.4634441137313843,2026-08-19T05:53:09.944994+00:00,8c7e18eba1488dd5a7d4bdb00d4da0a75e895717,27579a5b-d52e-4b3a-b266-e21f946cedaf
402,1,0.0,2026-08-19T05:53:09.944994+00:00,8c7e18eba1488dd5a7d4bdb00d4da0a75e895717,27579a5b-d52e-4b3a-b266-e21f946cedaf
402,2,0.0,2026-08-19T05:53:09.944994+00:00,8c7e18eba1488dd5a7d4bdb00d4da0a75e895717,27579a5b-d52e-4b3a-b266-e21f946cedaf
402,3,0.0,2026-08-19T05:53:09.944994+00:00,8c7e18eba1488dd5a7d4bdb00d4da0a75e895717,27579a5b-d52e-4b3a-b266-e21f946cedaf
402,4,0.0,2026-08-19T05:53:09.944994+00:00,8c7e18eba1488dd5a7d4bdb00d4da0a75e895717,27579a5b-d52e-4b3a-b266-e21f946cedaf
402,5,0.0,2026-08-19T05:53:09.944994+00:00,8c7e18eba1488dd5a7d4bdb00d4da0a75e895717,27579a5b-d52e-4b3a-b266-e21f946cedaf
402,6,0.0,2026-08-19T05:53:09.944994+00:00,8c7e18eba1488dd5a7d4bdb00d4da0a75e895717,27579a5b-d52e-4b3a-b266-e21f946cedaf
402,7,0.0,2026-08-19T05:53:09.944994+00:00,8c7e18eba1488dd5a7d4bdb00d4da0a75e895717,27579a5b-d52e-4b3a-b266-e21f946cedaf
402,8,0.0,2026-08-19T05:53:09.944994+00:00,8c7e18eba1488dd5a7d4bdb00d4da0a75e895717,27579a5b-d52e-4b3a-b266-e21f946cedaf
403,1,1.5679688453674316,2026-08-19T05:53:09.944994+00:00,8c7e18eba1488dd5a7d4bdb00d4da0a75e895717,27579a5b-d52e-4b3a-b266-e21f946cedaf
403,2,1.4519388675689697,2026-08-19T05:53:09.944994+00:00,8c7e18eba1488dd5a7d4bdb00d4da0a75e895717,27579a5b-d52e-4b3a-b266-e21f946cedaf
403,3,1.6957998275756836,2026-08-19T05:53:09.944994+00:00,8c7e18eba1488dd5a7d4bdb00d4da0a75e895717,27579a5b-d52e-4b3a-b266-e21f946cedaf
403,4,1.4350899457931519,2026-08-19T05:53:09.944994+00:00,8c7e18eba1488dd5a7d4bdb00d4da0a75e895717,27579a5b-d52e-4b3a-b266-e21f946cedaf
403,5,1.5579496622085571,2026-08-19T05:53:09.944994+00:00,8c7e18eba1488dd5a7d4bdb00d4da0a75e895717,27579a5b-d52e-4b3a-b266-e21f946cedaf
403,6,1.3945410251617432,2026-08-19T05:53:09.944994+00:00,8c7e18eba1488dd5a7d4bdb00d4da0a75e895717,27579a5b-d52e-4b3a-b266-e21f946cedaf
403,7,1.825488567352295,2026-08-19T05:53:09.944994+00:00,8c7e18eba1488dd5a7d4bdb00d4da0a75e895717,27579a5b-d52e-4b3a-b266-e21f946cedaf
403,8,1.4310494661331177,2026-08-19T05:53:09.944994+00:00,8c7e18eba1488dd5a7d4bdb00d4da0a75e895717,27579a5b-d52e-4b3a-b266-e21f946cedaf
404,1,1.3287315368652344,2026-08-19T05:53:09.944994+00:00,8c7e18eba1488dd5a7d4bdb00d4da0a75e895717,27579a5b-d52e-4b3a-b266-e21f946cedaf
404,2,1.2615752220153809,2026-08-19T05:53:09.944994+00:00,8c7e18eba1488dd5a7d4bdb00d4da0a75e895717,27579a5b-d52e-4b3a-b266-e21f946cedaf
404,3,1.402718186378479,2026-08-19T05:53:09.944994+00:00,8c7e18eba1488dd5a7d4bdb00d4da0a75e895717,27579a5b-d52e-4b3a-b266-e21f946cedaf
404,4,1.2518231868743896,2026-08-19T05:53:09.944994+00:00,8c7e18eba1488dd5a7d4bdb00d4da0a75e895717,27579a5b-d52e-4b3a-b266-e21f946cedaf
404,5,1.3229326009750366,2026-08-19T05:53:09.944994+00:00,8c7e18eba1488dd5a7d4bdb00d4da0a75e895717,27579a5b-d52e-4b3a-b266-e21f946cedaf
404,6,1.2283542156219482,2026-08-19T05:53:09.944994+00:00,8c7e18eba1488dd5a7d4bdb00d4da0a75e895717,27579a5b-d52e-4b3a-b266-e21f946cedaf
404,7,1.4777799844741821,2026-08-19T05:53:09.944994+00:00,8c7e18eba1488dd5a7d4bdb00d4da0a75e895717,27579a5b-d52e-4b3a-b266-e21f946cedaf
404,8,1.2494847774505615,2026-08-19T05:53:09.944994+00:00,8c7e18eba1488dd5a7d4bdb00d4da0a75e895717,27579a5b-d52e-4b3a-b266-e21f946cedaf
405,1,1.2220970392227173,2026-08-19T05:53:09.944994+00:00,8c7e18eba1488dd5a7d4bdb00d4da0a75e895717,27579a5b-d52e-4b3a-b266-e21f946cedaf
405,2,1.1767250299453735,2026-08-19T05:53:09.944994+00:00,8c7e18eba1488dd5a7d4bdb00d4da0a75e895717,27579a5b-d52e-4b3a-b266-e21f946cedaf
405,3,1.2720837593078613,2026-08-19T05:53:09.944994+00:00,8c7e18eba1488dd5a7d4bdb00d4da0a75e895717,27579a5b-d52e-4b3a-b266-e21f946cedaf
405,4,1.1701364517211914,2026-08-19T05:53:09.944994+00:00,8c7e18eba1488dd5a7d4bdb00d4da0a75e895717,27579a5b-d52e-4b3a-b266-e21f946cedaf
405,5,1.2181792259216309,2026-08-19T05:53:09.944994+00:00,8c7e18eba1488dd5a7d4bdb00d4da0a75e895717,27579a5b-d52e-4b3a-b266-e21f946cedaf
405,6,1.154280185699463,2026-08-19T05:53:09.944994+00:00,8c7e18eba1488dd5a7d4bdb00d4da0a75e895717,27579a5b-d52e-4b3a-b266-e21f946cedaf
405,7,1.3227969408035278,2026-08-19T05:53:09.944994+00:00,8c7e18eba1488dd5a7d4bdb00d4da0a75e895717,27579a5b-d52e-4b3a-b266-e21f946cedaf
405,8,1.1685564517974854,2026-08-19T05:53:09.944994+00:00,8c7e18eba1488dd5a7d4bdb00d4da0a75e895717,27579a5b-d52e-4b3a-b266-e21f946cedaf
406,1,1.178361415863037,2026-08-19T05:53:09.944994+00:00,8c7e18eba1488dd5a7d4bdb00d4da0a75e895717,27579a5b-d52e-4b3a-b266-e21f946cedaf
406,2,1.1419241428375244,2026-08-19T05:53:09.944994+00:00,8c7e18eba1488dd5a7d4bdb00d4da0a75e895717,27579a5b-d52e-4b3a-b266-e21f946cedaf
406,3,1.218504786491394,2026-08-19T05:53:09.944994+00:00,8c7e18eba1488dd5a7d4bdb00d4da0a75e895717,27579a5b-d52e-4b3a-b266-e21f946cedaf
406,4,1.136633038520813,2026-08-19T05:53:09.944994+00:00,8c7e18eba1488dd5a7d4bdb00d4da0a75e895717,27579a5b-d52e-4b3a-b266-e21f946cedaf
406,5,1.1752151250839233,2026-08-19T05:53:09.944994+00:00,8c7e18eba1488dd5a7d4bdb00d4da0a75e895717,27579a5b-d52e-4b3a-b266-e21f946cedaf
406,6,1.123899221420288,2026-08-19T05:53:09.944994+00:00,8c7e18eba1488dd5a7d4bdb00d4da0a75e895717,27579a5b-d52e-4b3a-b266-e21f946cedaf
406,7,1.259231448173523,2026-08-19T05:53:09.944994+00:00,8c7e18eba1488dd5a7d4bdb00d4da0a75e895717,27579a5b-d52e-4b3a-b266-e21f946cedaf
406,8,1.1353641748428345,2026-08-19T05:53:09.944994+00:00,8c7e18eba1488dd5a7d4bdb00d4da0a75e895717,27579a5b-d52e-4b3a-b266-e21f946cedaf
407,1,0.0,2026-08-19T05:53:09.944994+00:00,8c7e18eba1488dd5a7d4bdb00d4da0a75e895717,27579a5b-d52e-4b3a-b266-e21f946cedaf
407,2,0.0,2026-08-19T05:53:09.944994+00:00,8c7e18eba1488dd5a7d4bdb00d4da0a75e895717,27579a5b-d52e-4b3a-b266-e21f946cedaf
407,3,0.0,2026-08-19T05:53:09.944994+00:00,8c7e18eba1488dd5a7d4bdb00d4da0a75e895717,27579a5b-d52e-4b3a-b266-e21f946cedaf
407,4,0.0,2026-08-19T05:53:09.944994+00:00,8c7e18eba1488dd5a7d4bdb00d4da0a75e895717,27579a5b-d52e-4b3a-b266-e21f946cedaf
407,5,0.0,2026-08-19T05:53:09.944994+00:00,8c7e18eba1488dd5a7d4bdb00d4da0a75e895717,27579a5b-d52e-4b3a-b266-e21f946cedaf
407,6,0.0,2026-08-19T05:53:09.944994+00:00,8c7e18eba1488dd5a7d4bdb00d4da0a75e895717,27579a5b-d52e-4b3a-b266-e21f946cedaf
407,7,0.0,2026-08-19T05:53:09.944994+00:00,8c7e18eba1488dd5a7d4bdb00d4da0a75e895717,27579a5b-d52e-4b3a-b266-e21f946cedaf
407,8,0.0,2026-08-19T05:53:09.944994+00:00,8c7e18eba1488dd5a7d4bdb00d4da0a75e895717,27579a5b-d52e-4b3a-b266-e21f946cedaf
408,1,0.0,2026-08-19T05:53:09.944994+00:00,8c7e18eba1488dd5a7d4bdb00d4da0a75e895717,27579a5b-d52e-4b3a-b266-e21f946cedaf
408,2,0.0,2026-08-19T05:53:09.944994+00:00,8c7e18eba1488dd5a7d4bdb00d4da0a75e895717,27579a5b-d52e-4b3a-b266-e21f946cedaf
408,3,0.0,2026-08-19T05:53:09.944994+00:00,8c7e18eba1488dd5a7d4bdb00d4da0a75e895717,27579a5b-d52e-4b3a-b266-e21f946cedaf
408,4,0.0,2026-08-19T05:53:09.944994+00:00,8c7e18eba1488dd5a7d4bdb00d4da0a75e895717,27579a5b-d52e-4b3a-b266-e21f946cedaf
408,5,0.0,2026-08-19T05:53:09.944994+00:00,8c7e18eba1488dd5a7d4bdb00d4da0a75e895717,27579a5b-d52e-4b3a-b266-e21f946cedaf
408,6,0.0,2026-08-19T05:53:09.944994+00:00,8c7e18eba1488dd5a7d4bdb00d4da0a75e895717,27579a5b-d52e-4b3a-b266-e21f946cedaf
408,7,0.0,2026-08-19T05:53:09.944994+00:00,8c7e18eba1488dd5a7d4bdb00d4da0a75e895717,27579a5b-d52e-4b3a-b266-e21f946cedaf
408,8,0.0,2026-08-19T05:53:09.944994+00:00,8c7e18eba1488dd5a7d4bdb00d4da0a75e895717,27579a5b-d52e-4b3a-b266-e21f946cedaf
409,1,1.0531717538833618,2026-08-19T05:53:09.944994+00:00,8c7e18eba1488dd5a7d4bdb00d4da0a75e895717,27579a5b-d52e-4b3a-b266-e21f946cedaf
409,2,1.0423094034194946,2026-08-19T05:53:09.944994+00:00,8c7e18eba1488dd5a7d4bdb00d4da0a75e895717,27579a5b-d52e-4b3a-b266-e21f946cedaf
409,3,1.0651390552520752,2026-08-19T05:53:09.944994+00:00,8c7e18eba1488dd5a7d4bdb00d4da0a75e895717,27579a5b-d52e-4b3a-b266-e21f946cedaf
409,4,1.0407320261001587,2026-08-19T05:53:09.944994+00:00,8c7e18eba1488dd5a7d4bdb00d4da0a75e895717,27579a5b-d52e-4b3a-b266-e21f946cedaf
409,5,1.0522338151931763,2026-08-19T05:53:09.944994+00:00,8c7e18eba1488dd5a7d4bdb00d4da0a75e895717,27579a5b-d52e-4b3a-b266-e21f946cedaf
409,6,1.0369359254837036,2026-08-19T05:53:09.944994+00:00,8c7e18eba1488dd5a7d4bdb00d4da0a75e895717,27579a5b-d52e-4b3a-b266-e21f946cedaf
409,7,1.0772801637649536,2026-08-19T05:53:09.944994+00:00,8c7e18eba1488dd5a7d4bdb00d4da0a75e895717,27579a5b-d52e-4b3a-b266-e21f946cedaf
409,8,1.040353775024414,2026-08-19T05:53:09.944994+00:00,8c7e18eba1488dd5a7d4bdb00d4da0a75e895717,27579a5b-d52e-4b3a-b266-e21f946cedaf
410,1,0.0,2026-08-19T05:53:09.944994+00:00,8c7e18eba1488dd5a7d4bdb00d4da0a75e895717,27579a5b-d52e-4b3a-b266-e21f946cedaf
410,2,0.0,2026-08-19T05:53:09.944994+00:00,8c7e18eba1488dd5a7d4bdb00d4da0a75e895717,27579a5b-d52e-4b3a-b266-e21f946cedaf
410,3,0.0,2026-08-19T05:53:09.944994+00:00,8c7e18eba1488dd5a7d4bdb00d4da0a75e895717,27579a5b-d52e-4b3a-b266-e21f946cedaf
410,4,0.0,2026-08-19T05:53:09.944994+00:00,8c7e18eba1488dd5a7d4bdb00d4da0a75e895717,27579a5b-d52e-4b3a-b266-e21f946cedaf
410,5,0.0,2026-08-19T05:53:09.944994+00:00,8c7e18eba1488dd5a7d4bdb00d4da0a75e895717,27579a5b-d52e-4b3a-b266-e21f946cedaf
410,6,0.0,2026-08-19T05:53:09.944994+00:00,8c7e18eba1488dd5a7d4bdb00d4da0a75e895717,27579a5b-d52e-4b3a-b266-e21f946cedaf
410,7,0.0,2026-08-19T05:53:09.944994+00:00,8c7e18eba1488dd5a7d4bdb00d4da0a75e895717,27579a5b-d52e-4b3a-b266-e21f946cedaf
410,8,0.0,2026-08-19T05:53:09.944994+00:00,8c7e18eba1488dd5a7d4bdb00d4da0a75e895717,27579a5b-d52e-4b3a-b266-e21f946cedaf
411,1,6.056112289428711,2026-08-19T05:53:09.944994+00:00,8c7e18eba1488dd5a7d4bdb00d4da0a75e895717,27579a5b-d52e-4b3a-b266-e21f946cedaf
411,2,5.424130439758301,2026-08-19T05:53:09.944994+00:00,8c7e18eba1488dd5a7d4bdb00d4da0a75e895717,27579a5b-d52e-4b3a-b266-e21f946cedaf
411,3,6.752372741699219,2026-08-19T05:53:09.944994+00:00,8c7e18eba1488dd5a7d4bdb00d4da0a75e895717,27579a5b-d52e-4b3a-b266-e21f946cedaf
411,4,5.3323588371276855,2026-08-19T05:53:09.944994+00:00,8c7e18eba1488dd5a7d4bdb00d4da0a75e895717,27579a5b-d52e-4b3a-b266-e21f946cedaf
411,5,6.001541614532471,2026-08-19T05:53:09.944994+00:00,8c7e18eba1488dd5a7d4bdb00d4da0a75e895717,27579a5b-d52e-4b3a-b266-e21f946cedaf
411,6,5.111499786376953,2026-08-19T05:53:09.944994+00:00,8c7e18eba1488dd5a7d4bdb00d4da0a75e895717,27579a5b-d52e-4b3a-b266-e21f946cedaf
411,7,7.4587507247924805,2026-08-19T05:53:09.944994+00:00,8c7e18eba1488dd5a7d4bdb00d4da0a75e895717,27579a5b-d52e-4b3a-b266-e21f946cedaf
411,8,5.310351848602295,2026-08-19T05:53:09.944994+00:00,8c7e18eba1488dd5a7d4bdb00d4da0a75e895717,27579a5b-d52e-4b3a-b266-e21f946cedaf
412,1,3.714420795440674,2026-08-19T05:53:09.944994+00:00,8c7e18eba1488dd5a7d4bdb00d4da0a75e895717,27579a5b-d52e-4b3a-b266-e21f946cedaf
412,2,4.5009636878967285,2026-08-19T05:53:09.944994+00:00,8c7e18eba1488dd5a7d4bdb00d4da0a75e895717,27579a5b-d52e-4b3a-b266-e21f946cedaf
412,3,3.6026182174682617,2026-08-19T05:53:09.944994+00:00,8c7e18eba1488dd5a7d4bdb00d4da0a75e895717,27579a5b-d52e-4b3a-b266-e21f946cedaf
412,4,3.019972801208496,2026-08-19T05:53:09.944994+00:00,8c7e18eba1488dd5a7d4bdb00d4da0a75e895717,27579a5b-d52e-4b3a-b266-e21f946cedaf
412,5,3.438469409942627,2026-08-19T05:53:09.944994+00:00,8c7e18eba1488dd5a7d4bdb00d4da0a75e895717,27579a5b-d52e-4b3a-b266-e21f946cedaf
412,6,3.6662721633911133,2026-08-19T05:53:09.944994+00:00,8c7e18eba1488dd5a7d4bdb00d4da0a75e895717,27579a5b-d52e-4b3a-b266-e21f946cedaf
412,7,3.5342369079589844,2026-08-19T05:53:09.944994+00:00,8c7e18eba1488dd5a7d4bdb00d4da0a75e895717,27579a5b-d52e-4b3a-b266-e21f946cedaf
412,8,3.72245454788208,2026-08-19T05:53:09.944994+00:00,8c7e18eba1488dd5a7d4bdb00d4da0a75e895717,27579a5b-d52e-4b3a-b266-e21f946cedaf
413,1,0.0,2026-08-19T05:53:09.944994+00:00,8c7e18eba1488dd5a7d4bdb00d4da0a75e895717,27579a5b-d52e-4b3a-b266-e21f946cedaf
413,2,0.0,2026-08-19T05:53:09.944994+00:00,8c7e18eba1488dd5a7d4bdb00d4da0a75e895717,27579a5b-d52e-4b3a-b266-e21f946cedaf
413,3,0.0,2026-08-19T05:53:09.944994+00:00,8c7e18eba1488dd5a7d4bdb00d4da0a75e895717,27579a5b-d52e-4b3a-b266-e21f946cedaf
413,4,0.0,2026-08-19T05:53:09.944994+00:00,8c7e18eba1488dd5a7d4bdb00d4da0a75e895717,27579a5b-d52e-4b3a-b266-e21f946cedaf
413,5,0.0,2026-08-19T05:53:09.944994+00:00,8c7e18eba1488dd5a7d4bdb00d4da0a75e895717,27579a5b-d52e-4b3a-b266-e21f946cedaf
413,6,0.0,2026-08-19T05:53:09.944994+00:00,8c7e18eba1488dd5a7d4bdb00d4da0a75e895717,27579a5b-d52e-4b3a-b266-e21f946cedaf
413,7,0.0,2026-08-19T05:53:09.944994+00:00,8c7e18eba1488dd5a7d4bdb00d4da0a75e895717,27579a5b-d52e-4b3a-b266-e21f946cedaf
413,8,0.0,2026-08-19T05:53:09.944994+00:00,8c7e18eba1488dd5a7d4bdb00d4da0a75e895717,27579a5b-d52e-4b3a-b266-e21f946cedaf
414,1,0.0,2026-08-19T05:53:09.944994+00:00,8c7e18eba1488dd5a7d4bdb00d4da0a75e895717,27579a5b-d52e-4b3a-b266-e21f946cedaf
414,2,0.0,2026-08-19T05:53:09.944994+00:00,8c7e18eba1488dd5a7d4bdb00d4da0a75e895717,27579a5b-d52e-4b3a-b266-e21f946cedaf
414,3,0.0,2026-08-19T05:53:09.944994+00:00,8c7e18eba1488dd5a7d4bdb00d4da0a75e895717,27579a5b-d52e-4b3a-b266-e21f946cedaf
414,4,0.0,2026-08-19T05:53:09.944994+00:00,8c7e18eba1488dd5a7d4bdb00d4da0a75e895717,27579a5b-d52e-4b3a-b266-e21f946cedaf
414,5,0.0,2026-08-19T05:53:09.944994+00:00,8c7e18eba1488dd5a7d4bdb00d4da0a75e895717,27579a5b-d52e-4b3a-b266-e21f946cedaf
414,6,0.0,2026-08-19T05:53:09.944994+00:00,8c7e18eba1488dd5a7d4bdb00d4da0a75e895717,27579a5b-d52e-4b3a-b266-e21f946cedaf
414,7,0.0,2026-08-19T05:53:09.944994+00:00,8c7e18eba1488dd5a7d4bdb00d4da0a75e895717,27579a5b-d52e-4b3a-b266-e21f946cedaf
414,8,0.0,2026-08-19T05:53:09.944994+00:00,8c7e18eba1488dd5a7d4bdb00d4da0a75e895717,27579a5b-d52e-4b3a-b266-e21f946cedaf
415,1,4.0154128074646,2026-08-19T05:53:09.944994+00:00,8c7e18eba1488dd5a7d4bdb00d4da0a75e895717,27579a5b-d52e-4b3a-b266-e21f946cedaf
415,2,4.618703365325928,2026-08-19T05:53:09.944994+00:00,8c7e18eba1488dd5a7d4bdb00d4da0a75e895717,27579a5b-d52e-4b3a-b266-e21f946cedaf
415,3,3.712554931640625,2026-08-19T05:53:09.944994+00:00,8c7e18eba1488dd5a7d4bdb00d4da0a75e895717,27579a5b-d52e-4b3a-b266-e21f946cedaf
415,4,3.5266804695129395,2026-08-19T05:53:09.944994+00:00,8c7e18eba1488dd5a7d4bdb00d4da0a75e895717,27579a5b-d52e-4b3a-b266-e21f946cedaf
415,5,3.700331687927246,2026-08-19T05:53:09.944994+00:00,8c7e18eba1488dd5a7d4bdb00d4da0a75e895717,27579a5b-d52e-4b3a-b266-e21f946cedaf
415,6,4.014233112335205,2026-08-19T05:53:09.944994+00:00,8c7e18eba1488dd5a7d4bdb00d4da0a75e895717,27579a5b-d52e-4b3a-b266-e21f946cedaf
415,7,3.7919740676879883,2026-08-19T05:53:09.944994+00:00,8c7e18eba1488dd5a7d4bdb00d4da0a75e895717,27579a5b-d52e-4b3a-b266-e21f946cedaf
415,8,3.950105667114258,2026-08-19T05:53:09.944994+00:00,8c7e18eba1488dd5a7d4bdb00d4da0a75e895717,27579a5b-d52e-4b3a-b266-e21f946cedaf
416,1,0.0,2026-08-19T05:53:09.944994+00:00,8c7e18eba1488dd5a7d4bdb00d4da0a75e895717,27579a5b-d52e-4b3a-b266-e21f946cedaf
416,2,0.0,2026-08-19T05:53:09.944994+00:00,8c7e18eba1488dd5a7d4bdb00d4da0a75e895717,27579a5b-d52e-4b3a-b266-e21f946cedaf
416,3,0.0,2026-08-19T05:53:09.944994+00:00,8c7e18eba1488dd5a7d4bdb00d4da0a75e895717,27579a5b-d52e-4b3a-b266-e21f946cedaf
416,4,0.0,2026-08-19T05:53:09.944994+00:00,8c7e18eba1488dd5a7d4bdb00d4da0a75e895717,27579a5b-d52e-4b3a-b266-e21f946cedaf
416,5,0.0,2026-08-19T05:53:09.944994+00:00,8c7e18eba1488dd5a7d4bdb00d4da0a75e895717,27579a5b-d52e-4b3a-b266-e21f946cedaf
416,6,0.0,2026-08-19T05:53:09.944994+00:00,8c7e18eba1488dd5a7d4bdb00d4da0a75e895717,27579a5b-d52e-4b3a-b266-e21f946cedaf
416,7,0.0,2026-08-19T05:53:09.944994+00:00,8c7e18eba1488dd5a7d4bdb00d4da0a75e895717,27579a5b-d52e-4b3a-b266-e21f946cedaf
416,8,0.0,2026-08-19T05:53:09.944994+00:00,8c7e18eba1488dd5a7d4bdb00d4da0a75e895717,27579a5b-d52e-4b3a-b266-e21f946cedaf
417,1,1.085047960281372,2026-08-19T05:53:09.944994+00:00,8c7e18eba1488dd5a7d4bdb00d4da0a75e895717,27579a5b-d52e-4b3a-b266-e21f946cedaf
417,2,1.3725104331970215,2026-08-19T05:53:09.944994+00:00,8c7e18eba1488dd5a7d4bdb00d4da0a75e895717,27579a5b-d52e-4b3a-b266-e21f946cedaf
417,3,0.9580718874931335,2026-08-19T05:53:09.944994+00:00,8c7e18eba1488dd5a7d4bdb00d4da0a75e895717,27579a5b-d52e-4b3a-b266-e21f946cedaf
417,4,0.7977978587150574,2026-08-19T05:53:09.944994+00:00,8c7e18eba1488dd5a7d4bdb00d4da0a75e895717,27579a5b-d52e-4b3a-b266-e21f946cedaf
417,5,0.9327294230461121,2026-08-19T05:53:09.944994+00:00,8c7e18eba1488dd5a7d4bdb00d4da0a75e895717,27579a5b-d52e-4b3a-b266-e21f946cedaf
417,6,1.081704020500183,2026-08-19T05:53:09.944994+00:00,8c7e18eba1488dd5a7d4bdb00d4da0a75e895717,27579a5b-d52e-4b3a-b266-e21f946cedaf
417,7,0.9799049496650696,2026-08-19T05:53:09.944994+00:00,8c7e18eba1488dd5a7d4bdb00d4da0a75e895717,27579a5b-d52e-4b3a-b266-e21f946cedaf
417,8,1.0633050203323364,2026-08-19T05:53:09.944994+00:00,8c7e18eba1488dd5a7d4bdb00d4da0a75e895717,27579a5b-d52e-4b3a-b266-e21f946cedaf
418,1,4.381588935852051,2026-08-19T05:53:09.944994+00:00,8c7e18eba1488dd5a7d4bdb00d4da0a75e895717,27579a5b-d52e-4b3a-b266-e21f946cedaf
418,2,5.3961944580078125,2026-08-19T05:53:09.944994+00:00,8c7e18eba1488dd5a7d4bdb00d4da0a75e895717,27579a5b-d52e-4b3a-b266-e21f946cedaf
418,3,4.117157936096191,2026-08-19T05:53:09.944994+00:00,8c7e18eba1488dd5a7d4bdb00d4da0a75e895717,27579a5b-d52e-4b3a-b266-e21f946cedaf
418,4,3.5089304447174072,2026-08-19T05:53:09.944994+00:00,8c7e18eba1488dd5a7d4bdb00d4da0a75e895717,27579a5b-d52e-4b3a-b266-e21f946cedaf
418,5,3.968118906021118,2026-08-19T05:53:09.944994+00:00,8c7e18eba1488dd5a7d4bdb00d4da0a75e895717,27579a5b-d52e-4b3a-b266-e21f946cedaf
418,6,4.339276313781738,2026-08-19T05:53:09.944994+00:00,8c7e18eba1488dd5a7d4bdb00d4da0a75e895717,27579a5b-d52e-4b3a-b266-e21f946cedaf
418,7,4.101839065551758,2026-08-19T05:53:09.944994+00:00,8c7e18eba1488dd5a7d4bdb00d4da0a75e895717,27579a5b-d52e-4b3a-b266-e21f946cedaf
418,8,4.352463722229004,2026-08-19T05:53:09.944994+00:00,8c7e18eba1488dd5a7d4bdb00d4da0a75e895717,27579a5b-d52e-4b3a-b266-e21f946cedaf
419,1,3.952608585357666,2026-08-19T05:53:09.944994+00:00,8c7e18eba1488dd5a7d4bdb00d4da0a75e895717,27579a5b-d52e-4b3a-b266-e21f946cedaf
419,2,4.8603105545043945,2026-08-19T05:53:09.944994+00:00,8c7e18eba1488dd5a7d4bdb00d4da0a75e895717,27579a5b-d52e-4b3a-b266-e21f946cedaf
419,3,3.7487287521362305,2026-08-19T05:53:09.944994+00:00,8c7e18eba1488dd5a7d4bdb00d4da0a75e895717,27579a5b-d52e-4b3a-b266-e21f946cedaf
419,4,3.1740126609802246,2026-08-19T05:53:09.944994+00:00,8c7e18eba1488dd5a7d4bdb00d4da0a75e895717,27579a5b-d52e-4b3a-b266-e21f946cedaf
419,5,3.6000680923461914,2026-08-19T05:53:09.944994+00:00,8c7e18eba1488dd5a7d4bdb00d4da0a75e895717,27579a5b-d52e-4b3a-b266-e21f946cedaf
419,6,3.9093589782714844,2026-08-19T05:53:09.944994+00:00,8c7e18eba1488dd5a7d4bdb00d4da0a75e895717,27579a5b-d52e-4b3a-b266-e21f946cedaf
419,7,3.716109275817871,2026-08-19T05:53:09.944994+00:00,8c7e18eba1488dd5a7d4bdb00d4da0a75e895717,27579a5b-d52e-4b3a-b266-e21f946cedaf
419,8,3.9366841316223145,2026-08-19T05:53:09.944994+00:00,8c7e18eba1488dd5a7d4bdb00d4da0a75e895717,27579a5b-d52e-4b3a-b266-e21f946cedaf
420,1,0.896519660949707,2026-08-19T05:53:09.944994+00:00,8c7e18eba1488dd5a7d4bdb00d4da0a75e895717,27579a5b-d52e-4b3a-b266-e21f946cedaf
420,2,1.053102970123291,2026-08-19T05:53:09.944994+00:00,8c7e18eba1488dd5a7d4bdb00d4da0a75e895717,27579a5b-d52e-4b3a-b266-e21f946cedaf
420,3,0.8405156135559082,2026-08-19T05:53:09.944994+00:00,8c7e18eba1488dd5a7d4bdb00d4da0a75e895717,27579a5b-d52e-4b3a-b266-e21f946cedaf
420,4,0.7274503707885742,2026-08-19T05:53:09.944994+00:00,8c7e18eba1488dd5a7d4bdb00d4da0a75e895717,27579a5b-d52e-4b3a-b266-e21f946cedaf
420,5,0.8177796006202698,2026-08-19T05:53:09.944994+00:00,8c7e18eba1488dd5a7d4bdb00d4da0a75e895717,27579a5b-d52e-4b3a-b266-e21f946cedaf
420,6,0.8925451040267944,2026-08-19T05:53:09.944994+00:00,8c7e18eba1488dd5a7d4bdb00d4da0a75e895717,27579a5b-d52e-4b3a-b266-e21f946cedaf
420,7,0.8433433175086975,2026-08-19T05:53:09.944994+00:00,8c7e18eba1488dd5a7d4bdb00d4da0a75e895717,27579a5b-d52e-4b3a-b266-e21f946cedaf
420,8,0.8897256851196289,2026-08-19T05:53:09.944994+00:00,8c7e18eba1488dd5a7d4bdb00d4da0a75e895717,27579a5b-d52e-4b3a-b266-e21f946cedaf
421,1,1.033461570739746,2026-08-19T05:53:09.944994+00:00,8c7e18eba1488dd5a7d4bdb00d4da0a75e895717,27579a5b-d52e-4b3a-b266-e21f946cedaf
421,2,1.1422744989395142,2026-08-19T05:53:09.944994+00:00,8c7e18eba1488dd5a7d4bdb00d4da0a75e895717,27579a5b-d52e-4b3a-b266-e21f946cedaf
421,3,0.9903539419174194,2026-08-19T05:53:09.944994+00:00,8c7e18eba1488dd5a7d4bdb00d4da0a75e895717,27579a5b-d52e-4b3a-b266-e21f946cedaf
421,4,0.9199833869934082,2026-08-19T05:53:09.944994+00:00,8c7e18eba1488dd5a7d4bdb00d4da0a75e895717,27579a5b-d52e-4b3a-b266-e21f946cedaf
421,5,0.9773973822593689,2026-08-19T05:53:09.944994+00:00,8c7e18eba1488dd5a7d4bdb00d4da0a75e895717,27579a5b-d52e-4b3a-b266-e21f946cedaf
421,6,1.0313849449157715,2026-08-19T05:53:09.944994+00:00,8c7e18eba1488dd5a7d4bdb00d4da0a75e895717,27579a5b-d52e-4b3a-b266-e21f946cedaf
421,7,0.9952044486999512,2026-08-19T05:53:09.944994+00:00,8c7e18eba1488dd5a7d4bdb00d4da0a75e895717,27579a5b-d52e-4b3a-b266-e21f946cedaf
421,8,1.0271329879760742,2026-08-19T05:53:09.944994+00:00,8c7e18eba1488dd5a7d4bdb00d4da0a75e895717,27579a5b-d52e-4b3a-b266-e21f946cedaf
422,1,0.8864353895187378,2026-08-19T05:53:09.944994+00:00,8c7e18eba1488dd5a7d4bdb00d4da0a75e895717,27579a5b-d52e-4b3a-b266-e21f946cedaf
422,2,1.0553975105285645,2026-08-19T05:53:09.944994+00:00,8c7e18eba1488dd5a7d4bdb00d4da0a75e895717,27579a5b-d52e-4b3a-b266-e21f946cedaf
422,3,0.8271816968917847,2026-08-19T05:53:09.944994+00:00,8c7e18eba1488dd5a7d4bdb00d4da0a75e895717,27579a5b-d52e-4b3a-b266-e21f946cedaf
422,4,0.7028723955154419,2026-08-19T05:53:09.944994+00:00,8c7e18eba1488dd5a7d4bdb00d4da0a75e895717,27579a5b-d52e-4b3a-b266-e21f946cedaf
422,5,0.8018488883972168,2026-08-19T05:53:09.944994+00:00,8c7e18eba1488dd5a7d4bdb00d4da0a75e895717,27579a5b-d52e-4b3a-b266-e21f946cedaf
422,6,0.8819539546966553,2026-08-19T05:53:09.944994+00:00,8c7e18eba1488dd5a7d4bdb00d4da0a75e895717,27579a5b-d52e-4b3a-b266-e21f946cedaf
422,7,0.8294215798377991,2026-08-19T05:53:09.944994+00:00,8c7e18eba1488dd5a7d4bdb00d4da0a75e895717,27579a5b-d52e-4b3a-b266-e21f946cedaf
422,8,0.8795561790466309,2026-08-19T05:53:09.944994+00:00,8c7e18eba1488dd5a7d4bdb00d4da0a75e895717,27579a5b-d52e-4b3a-b266-e21f946cedaf
423,1,3.4120938777923584,2026-08-19T05:53:09.944994+00:00,8c7e18eba1488dd5a7d4bdb00d4da0a75e895717,27579a5b-d52e-4b3a-b266-e21f946cedaf
423,2,4.317391872406006,2026-08-19T05:53:09.944994+00:00,8c7e18eba1488dd5a7d4bdb00d4da0a75e895717,27579a5b-d52e-4b3a-b266-e21f946cedaf
423,3,3.220794439315796,2026-08-19T05:53:09.944994+00:00,8c7e18eba1488dd5a7d4bdb00d4da0a75e895717,27579a5b-d52e-4b3a-b266-e21f946cedaf
423,4,2.624870777130127,2026-08-19T05:53:09.944994+00:00,8c7e18eba1488dd5a7d4bdb00d4da0a75e895717,27579a5b-d52e-4b3a-b266-e21f946cedaf
423,5,3.064528226852417,2026-08-19T05:53:09.944994+00:00,8c7e18eba1488dd5a7d4bdb00d4da0a75e895717,27579a5b-d52e-4b3a-b266-e21f946cedaf
423,6,3.366987943649292,2026-08-19T05:53:09.944994+00:00,8c7e18eba1488dd5a7d4bdb00d4da0a75e895717,27579a5b-d52e-4b3a-b266-e21f946cedaf
423,7,3.180058240890503,2026-08-19T05:53:09.944994+00:00,8c7e18eba1488dd5a7d4bdb00d4da0a75e895717,27579a5b-d52e-4b3a-b266-e21f946cedaf
423,8,3.400770902633667,2026-08-19T05:53:09.944994+00:00,8c7e18eba1488dd5a7d4bdb00d4da0a75e895717,27579a5b-d52e-4b3a-b266-e21f946cedaf
424,1,0.0,2026-08-19T05:53:09.944994+00:00,8c7e18eba1488dd5a7d4bdb00d4da0a75e895717,27579a5b-d52e-4b3a-b266-e21f946cedaf
424,2,0.0,2026-08-19T05:53:09.944994+00:00,8c7e18eba1488dd5a7d4bdb00d4da0a75e895717,27579a5b-d52e-4b3a-b266-e21f946cedaf
424,3,0.0,2026-08-19T05:53:09.944994+00:00,8c7e18eba1488dd5a7d4bdb00d4da0a75e895717,27579a5b-d52e-4b3a-b266-e21f946cedaf
424,4,0.0,2026-08-19T05:53:09.944994+00:00,8c7e18eba1488dd5a7d4bdb00d4da0a75e895717,27579a5b-d52e-4b3a-b266-e21f946cedaf
424,5,0.0,2026-08-19T05:53:09.944994+00:00,8c7e18eba1488dd5a7d4bdb00d4da0a75e895717,27579a5b-d52e-4b3a-b266-e21f946cedaf
424,6,0.0,2026-08-19T05:53:09.944994+00:00,8c7e18eba1488dd5a7d4bdb00d4da0a75e895717,27579a5b-d52e-4b3a-b266-e21f946cedaf
424,7,0.0,2026-08-19T05:53:09.944994+00:00,8c7e18eba1488dd5a7d4bdb00d4da0a75e895717,27579a5b-d52e-4b3a-b266-e21f946cedaf
424,8,0.0,2026-08-19T05:53:09.944994+00:00,8c7e18eba1488dd5a7d4bdb00d4da0a75e895717,27579a5b-d52e-4b3a-b266-e21f946cedaf
425,1,0.0,2026-08-19T05:53:09.944994+00:00,8c7e18eba1488dd5a7d4bdb00d4da0a75e895717,27579a5b-d52e-4b3a-b266-e21f946cedaf
425,2,0.0,2026-08-19T05:53:09.944994+00:00,8c7e18eba1488dd5a7d4bdb00d4da0a75e895717,27579a5b-d52e-4b3a-b266-e21f946cedaf
425,3,0.0,2026-08-19T05:53:09.944994+00:00,8c7e18eba1488dd5a7d4bdb00d4da0a75e895717,27579a5b-d52e-4b3a-b266-e21f946cedaf
425,4,0.0,2026-08-19T05:53:09.944994+00:00,8c7e18eba1488dd5a7d4bdb00d4da0a75e895717,27579a5b-d52e-4b3a-b266-e21f946cedaf
425,5,0.0,2026-08-19T05:53:09.944994+00:00,8c7e18eba1488dd5a7d4bdb00d4da0a75e895717,27579a5b-d52e-4b3a-b266-e21f946cedaf
425,6,0.0,2026-08-19T05:53:09.944994+00:00,8c7e18eba1488dd5a7d4bdb00d4da0a75e895717,27579a5b-d52e-4b3a-b266-e21f946cedaf
425,7,0.0,2026-08-19T05:53:09.944994+00:00,8c7e18eba1488dd5a7d4bdb00d4da0a75e895717,27579a5b-d52e-4b3a-b266-e21f946cedaf
425,8,0.0,2026-08-19T05:53:09.944994+00:00,8c7e18eba1488dd5a7d4bdb00d4da0a75e895717,27579a5b-d52e-4b3a-b266-e21f946cedaf
426,1,6.200952529907227,2026-08-19T05:53:09.944994+00:00,8c7e18eba1488dd5a7d4bdb00d4da0a75e895717,27579a5b-d52e-4b3a-b266-e21f946cedaf
426,2,7.453760147094727,2026-08-19T05:53:09.944994+00:00,8c7e18eba1488dd5a7d4bdb00d4da0a75e895717,27579a5b-d52e-4b3a-b266-e21f946cedaf
426,3,5.4913649559021,2026-08-19T05:53:09.944994+00:00,8c7e18eba1488dd5a7d4bdb00d4da0a75e895717,27579a5b-d52e-4b3a-b266-e21f946cedaf
426,4,5.177919864654541,2026-08-19T05:53:09.944994+00:00,8c7e18eba1488dd5a7d4bdb00d4da0a75e895717,27579a5b-d52e-4b3a-b266-e21f946cedaf
426,5,5.503204822540283,2026-08-19T05:53:09.944994+00:00,8c7e18eba1488dd5a7d4bdb00d4da0a75e895717,27579a5b-d52e-4b3a-b266-e21f946cedaf
426,6,6.211821556091309,2026-08-19T05:53:09.944994+00:00,8c7e18eba1488dd5a7d4bdb00d4da0a75e895717,27579a5b-d52e-4b3a-b266-e21f946cedaf
426,7,5.7026519775390625,2026-08-19T05:53:09.944994+00:00,8c7e18eba1488dd5a7d4bdb00d4da0a75e895717,27579a5b-d52e-4b3a-b266-e21f946cedaf
426,8,6.040543079376221,2026-08-19T05:53:09.944994+00:00,8c7e18eba1488dd5a7d4bdb00d4da0a75e895717,27579a5b-d52e-4b3a-b266-e21f946cedaf
427,1,4.828994274139404,2026-08-19T05:53:09.944994+00:00,8c7e18eba1488dd5a7d4bdb00d4da0a75e895717,27579a5b-d52e-4b3a-b266-e21f946cedaf
427,2,5.706384658813477,2026-08-19T05:53:09.944994+00:00,8c7e18eba1488dd5a7d4bdb00d4da0a75e895717,27579a5b-d52e-4b3a-b266-e21f946cedaf
427,3,4.354493618011475,2026-08-19T05:53:09.944994+00:00,8c7e18eba1488dd5a7d4bdb00d4da0a75e895717,27579a5b-d52e-4b3a-b266-e21f946cedaf
427,4,4.114783763885498,2026-08-19T05:53:09.944994+00:00,8c7e18eba1488dd5a7d4bdb00d4da0a75e895717,27579a5b-d52e-4b3a-b266-e21f946cedaf
427,5,4.352425575256348,2026-08-19T05:53:09.944994+00:00,8c7e18eba1488dd5a7d4bdb00d4da0a75e895717,27579a5b-d52e-4b3a-b266-e21f946cedaf
427,6,4.832899570465088,2026-08-19T05:53:09.944994+00:00,8c7e18eba1488dd5a7d4bdb00d4da0a75e895717,27579a5b-d52e-4b3a-b266-e21f946cedaf
427,7,4.489562034606934,2026-08-19T05:53:09.944994+00:00,8c7e18eba1488dd5a7d4bdb00d4da0a75e895717,27579a5b-d52e-4b3a-b266-e21f946cedaf
427,8,4.723553657531738,2026-08-19T05:53:09.944994+00:00,8c7e18eba1488dd5a7d4bdb00d4da0a75e895717,27579a5b-d52e-4b3a-b266-e21f946cedaf
428,1,5.21883487701416,2026-08-19T05:53:09.944994+00:00,8c7e18eba1488dd5a7d4bdb00d4da0a75e895717,27579a5b-d52e-4b3a-b266-e21f946cedaf
428,2,6.198275089263916,2026-08-19T05:53:09.944994+00:00,8c7e18eba1488dd5a7d4bdb00d4da0a75e895717,27579a5b-d52e-4b3a-b266-e21f946cedaf
428,3,4.6804304122924805,2026-08-19T05:53:09.944994+00:00,8c7e18eba1488dd5a7d4bdb00d4da0a75e895717,27579a5b-d52e-4b3a-b266-e21f946cedaf
428,4,4.420677185058594,2026-08-19T05:53:09.944994+00:00,8c7e18eba1488dd5a7d4bdb00d4da0a75e895717,27579a5b-d52e-4b3a-b266-e21f946cedaf
428,5,4.682142734527588,2026-08-19T05:53:09.944994+00:00,8c7e18eba1488dd5a7d4bdb00d4da0a75e895717,27579a5b-d52e-4b3a-b266-e21f946cedaf
428,6,5.22463321685791,2026-08-19T05:53:09.944994+00:00,8c7e18eba1488dd5a7d4bdb00d4da0a75e895717,27579a5b-d52e-4b3a-b266-e21f946cedaf
428,7,4.836217880249023,2026-08-19T05:53:09.944994+00:00,8c7e18eba1488dd5a7d4bdb00d4da0a75e895717,27579a5b-d52e-4b3a-b266-e21f946cedaf
428,8,5.098451614379883,2026-08-19T05:53:09.944994+00:00,8c7e18eba1488dd5a7d4bdb00d4da0a75e895717,27579a5b-d52e-4b3a-b266-e21f946cedaf
429,1,0.0,2026-08-19T05:53:09.944994+00:00,8c7e18eba1488dd5a7d4bdb00d4da0a75e895717,27579a5b-d52e-4b3a-b266-e21f946cedaf
429,2,0.0,2026-08-19T05:53:09.944994+00:00,8c7e18eba1488dd5a7d4bdb00d4da0a75e895717,27579a5b-d52e-4b3a-b266-e21f946cedaf
429,3,0.0,2026-08-19T05:53:09.944994+00:00,8c7e18eba1488dd5a7d4bdb00d4da0a75e895717,27579a5b-d52e-4b3a-b266-e21f946cedaf
429,4,0.0,2026-08-19T05:53:09.944994+00:00,8c7e18eba1488dd5a7d4bdb00d4da0a75e895717,27579a5b-d52e-4b3a-b266-e21f946cedaf
429,5,0.0,2026-08-19T05:53:09.944994+00:00,8c7e18eba1488dd5a7d4bdb00d4da0a75e895717,27579a5b-d52e-4b3a-b266-e21f946cedaf
429,6,0.0,2026-08-19T05:53:09.944994+00:00,8c7e18eba1488dd5a7d4bdb00d4da0a75e895717,27579a5b-d52e-4b3a-b266-e21f946cedaf
429,7,0.0,2026-08-19T05:53:09.944994+00:00,8c7e18eba1488dd5a7d4bdb00d4da0a75e895717,27579a5b-d52e-4b3a-b266-e21f946cedaf
429,8,0.0,2026-08-19T05:53:09.944994+00:00,8c7e18eba1488dd5a7d4bdb00d4da0a75e895717,27579a5b-d52e-4b3a-b266-e21f946cedaf
430,1,0.0,2026-08-19T05:53:09.944994+00:00,8c7e18eba1488dd5a7d4bdb00d4da0a75e895717,27579a5b-d52e-4b3a-b266-e21f946cedaf
430,2,0.0,2026-08-19T05:53:09.944994+00:00,8c7e18eba1488dd5a7d4bdb00d4da0a75e895717,27579a5b-d52e-4b3a-b266-e21f946cedaf
430,3,0.0,2026-08-19T05:53:09.944994+00:00,8c7e18eba1488dd5a7d4bdb00d4da0a75e895717,27579a5b-d52e-4b3a-b266-e21f946cedaf
430,4,0.0,2026-08-19T05:53:09.944994+00:00,8c7e18eba1488dd5a7d4bdb00d4da0a75e895717,27579a5b-d52e-4b3a-b266-e21f946cedaf
430,5,0.0,2026-08-19T05:53:09.944994+00:00,8c7e18eba1488dd5a7d4bdb00d4da0a75e895717,27579a5b-d52e-4b3a-b266-e21f946cedaf
430,6,0.0,2026-08-19T05:53:09.944994+00:00,8c7e18eba1488dd5a7d4bdb00d4da0a75e895717,27579a5b-d52e-4b3a-b266-e21f946cedaf
430,7,0.0,2026-08-19T05:53:09.944994+00:00,8c7e18eba1488dd5a7d4bdb00d4da0a75e895717,27579a5b-d52e-4b3a-b266-e21f946cedaf
430,8,0.0,2026-08-19T05:53:09.944994+00:00,8c7e18eba1488dd5a7d4bdb00d4da0a75e895717,27579a5b-d52e-4b3a-b266-e21f946cedaf
431,1,4.13464879989624,2026-08-19T05:53:09.944994+00:00,8c7e18eba1488dd5a7d4bdb00d4da0a75e895717,27579a5b-d52e-4b3a-b266-e21f946cedaf
431,2,4.775886535644531,2026-08-19T05:53:09.944994+00:00,8c7e18eba1488dd5a7d4bdb00d4da0a75e895717,27579a5b-d52e-4b3a-b266-e21f946cedaf
431,3,3.808028221130371,2026-08-19T05:53:09.944994+00:00,8c7e18eba1488dd5a7d4bdb00d4da0a75e895717,27579a5b-d52e-4b3a-b266-e21f946cedaf
431,4,3.6147007942199707,2026-08-19T05:53:09.944994+00:00,8c7e18eba1488dd5a7d4bdb00d4da0a75e895717,27579a5b-d52e-4b3a-b266-e21f946cedaf
431,5,3.797211170196533,2026-08-19T05:53:09.944994+00:00,8c7e18eba1488dd5a7d4bdb00d4da0a75e895717,27579a5b-d52e-4b3a-b266-e21f946cedaf
431,6,4.134173393249512,2026-08-19T05:53:09.944994+00:00,8c7e18eba1488dd5a7d4bdb00d4da0a75e895717,27579a5b-d52e-4b3a-b266-e21f946cedaf
431,7,3.8951516151428223,2026-08-19T05:53:09.944994+00:00,8c7e18eba1488dd5a7d4bdb00d4da0a75e895717,27579a5b-d52e-4b3a-b266-e21f946cedaf
431,8,4.063785552978516,2026-08-19T05:53:09.944994+00:00,8c7e18eba1488dd5a7d4bdb00d4da0a75e895717,27579a5b-d52e-4b3a-b266-e21f946cedaf
432,1,3.729428291320801,2026-08-19T05:53:09.944994+00:00,8c7e18eba1488dd5a7d4bdb00d4da0a75e895717,27579a5b-d52e-4b3a-b266-e21f946cedaf
432,2,4.164490222930908,2026-08-19T05:53:09.944994+00:00,8c7e18eba1488dd5a7d4bdb00d4da0a75e895717,27579a5b-d52e-4b3a-b266-e21f946cedaf
432,3,3.531914710998535,2026-08-19T05:53:09.944994+00:00,8c7e18eba1488dd5a7d4bdb00d4da0a75e895717,27579a5b-d52e-4b3a-b266-e21f946cedaf
432,4,3.379082202911377,2026-08-19T05:53:09.944994+00:00,8c7e18eba1488dd5a7d4bdb00d4da0a75e895717,27579a5b-d52e-4b3a-b266-e21f946cedaf
432,5,3.5134596824645996,2026-08-19T05:53:09.944994+00:00,8c7e18eba1488dd5a7d4bdb00d4da0a75e895717,27579a5b-d52e-4b3a-b266-e21f946cedaf
432,6,3.725128173828125,2026-08-19T05:53:09.944994+00:00,8c7e18eba1488dd5a7d4bdb00d4da0a75e895717,27579a5b-d52e-4b3a-b266-e21f946cedaf
432,7,3.5771799087524414,2026-08-19T05:53:09.944994+00:00,8c7e18eba1488dd5a7d4bdb00d4da0a75e895717,27579a5b-d52e-4b3a-b266-e21f946cedaf
432,8,3.688753128051758,2026-08-19T05:53:09.944994+00:00,8c7e18eba1488dd5a7d4bdb00d4da0a75e895717,27579a5b-d52e-4b3a-b266-e21f946cedaf
433,1,0.0,2026-08-19T05:53:09.944994+00:00,8c7e18eba1488dd5a7d4bdb00d4da0a75e895717,27579a5b-d52e-4b3a-b266-e21f946cedaf
433,2,0.0,2026-08-19T05:53:09.944994+00:00,8c7e18eba1488dd5a7d4bdb00d4da0a75e895717,27579a5b-d52e-4b3a-b266-e21f946cedaf
433,3,0.0,2026-08-19T05:53:09.944994+00:00,8c7e18eba1488dd5a7d4bdb00d4da0a75e895717,27579a5b-d52e-4b3a-b266-e21f946cedaf
433,4,0.0,2026-08-19T05:53:09.944994+00:00,8c7e18eba1488dd5a7d4bdb00d4da0a75e895717,27579a5b-d52e-4b3a-b266-e21f946cedaf
433,5,0.0,2026-08-19T05:53:09.944994+00:00,8c7e18eba1488dd5a7d4bdb00d4da0a75e895717,27579a5b-d52e-4b3a-b266-e21f946cedaf
433,6,0.0,2026-08-19T05:53:09.944994+00:00,8c7e18eba1488dd5a7d4bdb00d4da0a75e895717,27579a5b-d52e-4b3a-b266-e21f946cedaf
433,7,0.0,2026-08-19T05:53:09.944994+00:00,8c7e18eba1488dd5a7d4bdb00d4da0a75e895717,27579a5b-d52e-4b3a-b266-e21f946cedaf
433,8,0.0,2026-08-19T05:53:09.944994+00:00,8c7e18eba1488dd5a7d4bdb00d4da0a75e895717,27579a5b-d52e-4b3a-b266-e21f946cedaf
434,1,0.0,2026-08-19T05:53:09.944994+00:00,8c7e18eba1488dd5a7d4bdb00d4da0a75e895717,27579a5b-d52e-4b3a-b266-e21f946cedaf
434,2,0.0,2026-08-19T05:53:09.944994+00:00,8c7e18eba1488dd5a7d4bdb00d4da0a75e895717,27579a5b-d52e-4b3a-b266-e21f946cedaf
434,3,0.0,2026-08-19T05:53:09.944994+00:00,8c7e18eba1488dd5a7d4bdb00d4da0a75e895717,27579a5b-d52e-4b3a-b266-e21f946cedaf
434,4,0.0,2026-08-19T05:53:09.944994+00:00,8c7e18eba1488dd5a7d4bdb00d4da0a75e895717,27579a5b-d52e-4b3a-b266-e21f946cedaf
434,5,0.0,2026-08-19T05:53:09.944994+00:00,8c7e18eba1488dd5a7d4bdb00d4da0a75e895717,27579a5b-d52e-4b3a-b266-e21f946cedaf
434,6,0.0,2026-08-19T05:53:09.944994+00:00,8c7e18eba1488dd5a7d4bdb00d4da0a75e895717,27579a5b-d52e-4b3a-b266-e21f946cedaf
434,7,0.0,2026-08-19T05:53:09.944994+00:00,8c7e18eba1488dd5a7d4bdb00d4da0a75e895717,27579a5b-d52e-4b3a-b266-e21f946cedaf
434,8,0.0,2026-08-19T05:53:09.944994+00:00,8c7e18eba1488dd5a7d4bdb00d4da0a75e895717,27579a5b-d52e-4b3a-b266-e21f946cedaf
435,1,1.0504554510116577,2026-08-19T05:53:09.944994+00:00,8c7e18eba1488dd5a7d4bdb00d4da0a75e895717,27579a5b-d52e-4b3a-b266-e21f946cedaf
435,2,1.0694341659545898,2026-08-19T05:53:09.944994+00:00,8c7e18eba1488dd5a7d4bdb00d4da0a75e895717,27579a5b-d52e-4b3a-b266-e21f946cedaf
435,3,1.0385710000991821,2026-08-19T05:53:09.944994+00:00,8c7e18eba1488dd5a7d4bdb00d4da0a75e895717,27579a5b-d52e-4b3a-b266-e21f946cedaf
435,4,1.0348434448242188,2026-08-19T05:53:09.944994+00:00,8c7e18eba1488dd5a7d4bdb00d4da0a75e895717,27579a5b-d52e-4b3a-b266-e21f946cedaf
435,5,1.0392740964889526,2026-08-19T05:53:09.944994+00:00,8c7e18eba1488dd5a7d4bdb00d4da0a75e895717,27579a5b-d52e-4b3a-b266-e21f946cedaf
435,6,1.0508074760437012,2026-08-19T05:53:09.944994+00:00,8c7e18eba1488dd5a7d4bdb00d4da0a75e895717,27579a5b-d52e-4b3a-b266-e21f946cedaf
435,7,1.0424240827560425,2026-08-19T05:53:09.944994+00:00,8c7e18eba1488dd5a7d4bdb00d4da0a75e895717,27579a5b-d52e-4b3a-b266-e21f946cedaf
435,8,1.0476765632629395,2026-08-19T05:53:09.944994+00:00,8c7e18eba1488dd5a7d4bdb00d4da0a75e895717,27579a5b-d52e-4b3a-b266-e21f946cedaf
436,1,0.0,2026-08-19T05:53:09.944994+00:00,8c7e18eba1488dd5a7d4bdb00d4da0a75e895717,27579a5b-d52e-4b3a-b266-e21f946cedaf
436,2,0.0,2026-08-19T05:53:09.944994+00:00,8c7e18eba1488dd5a7d4bdb00d4da0a75e895717,27579a5b-d52e-4b3a-b266-e21f946cedaf
436,3,0.0,2026-08-19T05:53:09.944994+00:00,8c7e18eba1488dd5a7d4bdb00d4da0a75e895717,27579a5b-d52e-4b3a-b266-e21f946cedaf
436,4,0.0,2026-08-19T05:53:09.944994+00:00,8c7e18eba1488dd5a7d4bdb00d4da0a75e895717,27579a5b-d52e-4b3a-b266-e21f946cedaf
436,5,0.0,2026-08-19T05:53:09.944994+00:00,8c7e18eba1488dd5a7d4bdb00d4da0a75e895717,27579a5b-d52e-4b3a-b266-e21f946cedaf
436,6,0.0,2026-08-19T05:53:09.944994+00:00,8c7e18eba1488dd5a7d4bdb00d4da0a75e895717,27579a5b-d52e-4b3a-b266-e21f946cedaf
436,7,0.0,2026-08-19T05:53:09.944994+00:00,8c7e18eba1488dd5a7d4bdb00d4da0a75e895717,27579a5b-d52e-4b3a-b266-e21f946cedaf
436,8,0.0,2026-08-19T05:53:09.944994+00:00,8c7e18eba1488dd5a7d4bdb00d4da0a75e895717,27579a5b-d52e-4b3a-b266-e21f946cedaf
437,1,0.0,2026-08-19T05:53:09.944994+00:00,8c7e18eba1488dd5a7d4bdb00d4da0a75e895717,27579a5b-d52e-4b3a-b266-e21f946cedaf
437,2,0.0,2026-08-19T05:53:09.944994+00:00,8c7e18eba1488dd5a7d4bdb00d4da0a75e895717,27579a5b-d52e-4b3a-b266-e21f946cedaf
437,3,0.0,2026-08-19T05:53:09.944994+00:00,8c7e18eba1488dd5a7d4bdb00d4da0a75e895717,27579a5b-d52e-4b3a-b266-e21f946cedaf
437,4,0.0,2026-08-19T05:53:09.944994+00:00,8c7e18eba1488dd5a7d4bdb00d4da0a75e895717,27579a5b-d52e-4b3a-b266-e21f946cedaf
437,5,0.0,2026-08-19T05:53:09.944994+00:00,8c7e18eba1488dd5a7d4bdb00d4da0a75e895717,27579a5b-d52e-4b3a-b266-e21f946cedaf
437,6,0.0,2026-08-19T05:53:09.944994+00:00,8c7e18eba1488dd5a7d4bdb00d4da0a75e895717,27579a5b-d52e-4b3a-b266-e21f946cedaf
437,7,0.0,2026-08-19T05:53:09.944994+00:00,8c7e18eba1488dd5a7d4bdb00d4da0a75e895717,27579a5b-d52e-4b3a-b266-e21f946cedaf
437,8,0.0,2026-08-19T05:53:09.944994+00:00,8c7e18eba1488dd5a7d4bdb00d4da0a75e895717,27579a5b-d52e-4b3a-b266-e21f946cedaf
438,1,1.0291900634765625,2026-08-19T05:53:09.944994+00:00,8c7e18eba1488dd5a7d4bdb00d4da0a75e895717,27579a5b-d52e-4b3a-b266-e21f946cedaf
438,2,1.0401698350906372,2026-08-19T05:53:09.944994+00:00,8c7e18eba1488dd5a7d4bdb00d4da0a75e895717,27579a5b-d52e-4b3a-b266-e21f946cedaf
438,3,1.0223145484924316,2026-08-19T05:53:09.944994+00:00,8c7e18eba1488dd5a7d4bdb00d4da0a75e895717,27579a5b-d52e-4b3a-b266-e21f946cedaf
438,4,1.0201579332351685,2026-08-19T05:53:09.944994+00:00,8c7e18eba1488dd5a7d4bdb00d4da0a75e895717,27579a5b-d52e-4b3a-b266-e21f946cedaf
438,5,1.022721290588379,2026-08-19T05:53:09.944994+00:00,8c7e18eba1488dd5a7d4bdb00d4da0a75e895717,27579a5b-d52e-4b3a-b266-e21f946cedaf
438,6,1.0293936729431152,2026-08-19T05:53:09.944994+00:00,8c7e18eba1488dd5a7d4bdb00d4da0a75e895717,27579a5b-d52e-4b3a-b266-e21f946cedaf
438,7,1.0245436429977417,2026-08-19T05:53:09.944994+00:00,8c7e18eba1488dd5a7d4bdb00d4da0a75e895717,27579a5b-d52e-4b3a-b266-e21f946cedaf
438,8,1.0275824069976807,2026-08-19T05:53:09.944994+00:00,8c7e18eba1488dd5a7d4bdb00d4da0a75e895717,27579a5b-d52e-4b3a-b266-e21f946cedaf
439,1,2.9474594593048096,2026-08-19T05:53:09.944994+00:00,8c7e18eba1488dd5a7d4bdb00d4da0a75e895717,27579a5b-d52e-4b3a-b266-e21f946cedaf
439,2,3.6038639545440674,2026-08-19T05:53:09.944994+00:00,8c7e18eba1488dd5a7d4bdb00d4da0a75e895717,27579a5b-d52e-4b3a-b266-e21f946cedaf
439,3,2.53641676902771,2026-08-19T05:53:09.944994+00:00,8c7e18eba1488dd5a7d4bdb00d4da0a75e895717,27579a5b-d52e-4b3a-b266-e21f946cedaf
439,4,2.407493829727173,2026-08-19T05:53:09.944994+00:00,8c7e18eba1488dd5a7d4bdb00d4da0a75e895717,27579a5b-d52e-4b3a-b266-e21f946cedaf
439,5,2.560734272003174,2026-08-19T05:53:09.944994+00:00,8c7e18eba1488dd5a7d4bdb00d4da0a75e895717,27579a5b-d52e-4b3a-b266-e21f946cedaf
439,6,2.9596354961395264,2026-08-19T05:53:09.944994+00:00,8c7e18eba1488dd5a7d4bdb00d4da0a75e895717,27579a5b-d52e-4b3a-b266-e21f946cedaf
439,7,2.669682741165161,2026-08-19T05:53:09.944994+00:00,8c7e18eba1488dd5a7d4bdb00d4da0a75e895717,27579a5b-d52e-4b3a-b266-e21f946cedaf
439,8,2.851348400115967,2026-08-19T05:53:09.944994+00:00,8c7e18eba1488dd5a7d4bdb00d4da0a75e895717,27579a5b-d52e-4b3a-b266-e21f946cedaf
440,1,1.2984962463378906,2026-08-19T05:53:09.944994+00:00,8c7e18eba1488dd5a7d4bdb00d4da0a75e895717,27579a5b-d52e-4b3a-b266-e21f946cedaf
440,2,1.4107747077941895,2026-08-19T05:53:09.944994+00:00,8c7e18eba1488dd5a7d4bdb00d4da0a75e895717,27579a5b-d52e-4b3a-b266-e21f946cedaf
440,3,1.2281872034072876,2026-08-19T05:53:09.944994+00:00,8c7e18eba1488dd5a7d4bdb00d4da0a75e895717,27579a5b-d52e-4b3a-b266-e21f946cedaf
440,4,1.2061347961425781,2026-08-19T05:53:09.944994+00:00,8c7e18eba1488dd5a7d4bdb00d4da0a75e895717,27579a5b-d52e-4b3a-b266-e21f946cedaf
440,5,1.2323466539382935,2026-08-19T05:53:09.944994+00:00,8c7e18eba1488dd5a7d4bdb00d4da0a75e895717,27579a5b-d52e-4b3a-b266-e21f946cedaf
440,6,1.3005790710449219,2026-08-19T05:53:09.944994+00:00,8c7e18eba1488dd5a7d4bdb00d4da0a75e895717,27579a5b-d52e-4b3a-b266-e21f946cedaf
440,7,1.250982403755188,2026-08-19T05:53:09.944994+00:00,8c7e18eba1488dd5a7d4bdb00d4da0a75e895717,27579a5b-d52e-4b3a-b266-e21f946cedaf
440,8,1.282056450843811,2026-08-19T05:53:09.944994+00:00,8c7e18eba1488dd5a7d4bdb00d4da0a75e895717,27579a5b-d52e-4b3a-b266-e21f946cedaf
441,1,0.0,2026-08-19T05:53:09.944994+00:00,8c7e18eba1488dd5a7d4bdb00d4da0a75e895717,27579a5b-d52e-4b3a-b266-e21f946cedaf
441,2,0.0,2026-08-19T05:53:09.944994+00:00,8c7e18eba1488dd5a7d4bdb00d4da0a75e895717,27579a5b-d52e-4b3a-b266-e21f946cedaf
441,3,0.0,2026-08-19T05:53:09.944994+00:00,8c7e18eba1488dd5a7d4bdb00d4da0a75e895717,27579a5b-d52e-4b3a-b266-e21f946cedaf
441,4,0.0,2026-08-19T05:53:09.944994+00:00,8c7e18eba1488dd5a7d4bdb00d4da0a75e895717,27579a5b-d52e-4b3a-b266-e21f946cedaf
441,5,0.0,2026-08-19T05:53:09.944994+00:00,8c7e18eba1488dd5a7d4bdb00d4da0a75e895717,27579a5b-d52e-4b3a-b266-e21f946cedaf
441,6,0.0,2026-08-19T05:53:09.944994+00:00,8c7e18eba1488dd5a7d4bdb00d4da0a75e895717,27579a5b-d52e-4b3a-b266-e21f946cedaf
441,7,0.0,2026-08-19T05:53:09.944994+00:00,8c7e18eba1488dd5a7d4bdb00d4da0a75e895717,27579a5b-d52e-4b3a-b266-e21f946cedaf
441,8,0.0,2026-08-19T05:53:09.944994+00:00,8c7e18eba1488dd5a7d4bdb00d4da0a75e895717,27579a5b-d52e-4b3a-b266-e21f946cedaf
442,1,0.6250261664390564,2026-08-19T05:53:09.944994+00:00,8c7e18eba1488dd5a7d4bdb00d4da0a75e895717,27579a5b-d52e-4b3a-b266-e21f946cedaf
442,2,0.6957066655158997,2026-08-19T05:53:09.944994+00:00,8c7e18eba1488dd5a7d4bdb00d4da0a75e895717,27579a5b-d52e-4b3a-b266-e21f946cedaf
442,3,0.7511588931083679,2026-08-19T05:53:09.944994+00:00,8c7e18eba1488dd5a7d4bdb00d4da0a75e895717,27579a5b-d52e-4b3a-b266-e21f946cedaf
442,4,0.7189579010009766,2026-08-19T05:53:09.944994+00:00,8c7e18eba1488dd5a7d4bdb00d4da0a75e895717,27579a5b-d52e-4b3a-b266-e21f946cedaf
442,5,0.796090841293335,2026-08-19T05:53:09.944994+00:00,8c7e18eba1488dd5a7d4bdb00d4da0a75e895717,27579a5b-d52e-4b3a-b266-e21f946cedaf
442,6,0.7488883137702942,2026-08-19T05:53:09.944994+00:00,8c7e18eba1488dd5a7d4bdb00d4da0a75e895717,27579a5b-d52e-4b3a-b266-e21f946cedaf
442,7,0.7091127634048462,2026-08-19T05:53:09.944994+00:00,8c7e18eba1488dd5a7d4bdb00d4da0a75e895717,27579a5b-d52e-4b3a-b266-e21f946cedaf
442,8,0.7170731425285339,2026-08-19T05:53:09.944994+00:00,8c7e18eba1488dd5a7d4bdb00d4da0a75e895717,27579a5b-d52e-4b3a-b266-e21f946cedaf
443,1,0.0,2026-08-19T05:53:09.944994+00:00,8c7e18eba1488dd5a7d4bdb00d4da0a75e895717,27579a5b-d52e-4b3a-b266-e21f946cedaf
443,2,0.0,2026-08-19T05:53:09.944994+00:00,8c7e18eba1488dd5a7d4bdb00d4da0a75e895717,27579a5b-d52e-4b3a-b266-e21f946cedaf
443,3,0.0,2026-08-19T05:53:09.944994+00:00,8c7e18eba1488dd5a7d4bdb00d4da0a75e895717,27579a5b-d52e-4b3a-b266-e21f946cedaf
443,4,0.0,2026-08-19T05:53:09.944994+00:00,8c7e18eba1488dd5a7d4bdb00d4da0a75e895717,27579a5b-d52e-4b3a-b266-e21f946cedaf
443,5,0.0,2026-08-19T05:53:09.944994+00:00,8c7e18eba1488dd5a7d4bdb00d4da0a75e895717,27579a5b-d52e-4b3a-b266-e21f946cedaf
443,6,0.0,2026-08-19T05:53:09.944994+00:00,8c7e18eba1488dd5a7d4bdb00d4da0a75e895717,27579a5b-d52e-4b3a-b266-e21f946cedaf
443,7,0.0,2026-08-19T05:53:09.944994+00:00,8c7e18eba1488dd5a7d4bdb00d4da0a75e895717,27579a5b-d52e-4b3a-b266-e21f946cedaf
443,8,0.0,2026-08-19T05:53:09.944994+00:00,8c7e18eba1488dd5a7d4bdb00d4da0a75e895717,27579a5b-d52e-4b3a-b266-e21f946cedaf
444,1,0.0,2026-08-19T05:53:09.944994+00:00,8c7e18eba1488dd5a7d4bdb00d4da0a75e895717,27579a5b-d52e-4b3a-b266-e21f946cedaf
444,2,0.0,2026-08-19T05:53:09.944994+00:00,8c7e18eba1488dd5a7d4bdb00d4da0a75e895717,27579a5b-d52e-4b3a-b266-e21f946cedaf
444,3,0.0,2026-08-19T05:53:09.944994+00:00,8c7e18eba1488dd5a7d4bdb00d4da0a75e895717,27579a5b-d52e-4b3a-b266-e21f946cedaf
444,4,0.0,2026-08-19T05:53:09.944994+00:00,8c7e18eba1488dd5a7d4bdb00d4da0a75e895717,27579a5b-d52e-4b3a-b266-e21f946cedaf
444,5,0.0,2026-08-19T05:53:09.944994+00:00,8c7e18eba1488dd5a7d4bdb00d4da0a75e895717,27579a5b-d52e-4b3a-b266-e21f946cedaf
444,6,0.0,2026-08-19T05:53:09.944994+00:00,8c7e18eba1488dd5a7d4bdb00d4da0a75e895717,27579a5b-d52e-4b3a-b266-e21f946cedaf
444,7,0.0,2026-08-19T05:53:09.944994+00:00,8c7e18eba1488dd5a7d4bdb00d4da0a75e895717,27579a5b-d52e-4b3a-b266-e21f946cedaf
444,8,0.0,2026-08-19T05:53:09.944994+00:00,8c7e18eba1488dd5a7d4bdb00d4da0a75e895717,27579a5b-d52e-4b3a-b266-e21f946cedaf
445,1,3.6495704650878906,2026-08-19T05:53:09.944994+00:00,8c7e18eba1488dd5a7d4bdb00d4da0a75e895717,27579a5b-d52e-4b3a-b266-e21f946cedaf
445,2,4.005402565002441,2026-08-19T05:53:09.944994+00:00,8c7e18eba1488dd5a7d4bdb00d4da0a75e895717,27579a5b-d52e-4b3a-b266-e21f946cedaf
445,3,4.461206436157227,2026-08-19T05:53:09.944994+00:00,8c7e18eba1488dd5a7d4bdb00d4da0a75e895717,27579a5b-d52e-4b3a-b266-e21f946cedaf
445,4,4.152149677276611,2026-08-19T05:53:09.944994+00:00,8c7e18eba1488dd5a7d4bdb00d4da0a75e895717,27579a5b-d52e-4b3a-b266-e21f946cedaf
445,5,4.955427646636963,2026-08-19T05:53:09.944994+00:00,8c7e18eba1488dd5a7d4bdb00d4da0a75e895717,27579a5b-d52e-4b3a-b266-e21f946cedaf
445,6,4.424998760223389,2026-08-19T05:53:09.944994+00:00,8c7e18eba1488dd5a7d4bdb00d4da0a75e895717,27579a5b-d52e-4b3a-b266-e21f946cedaf
445,7,4.150301456451416,2026-08-19T05:53:09.944994+00:00,8c7e18eba1488dd5a7d4bdb00d4da0a75e895717,27579a5b-d52e-4b3a-b266-e21f946cedaf
445,8,4.1012725830078125,2026-08-19T05:53:09.944994+00:00,8c7e18eba1488dd5a7d4bdb00d4da0a75e895717,27579a5b-d52e-4b3a-b266-e21f946cedaf
446,1,0.8095328211784363,2026-08-19T05:53:09.944994+00:00,8c7e18eba1488dd5a7d4bdb00d4da0a75e895717,27579a5b-d52e-4b3a-b266-e21f946cedaf
446,2,0.8837804198265076,2026-08-19T05:53:09.944994+00:00,8c7e18eba1488dd5a7d4bdb00d4da0a75e895717,27579a5b-d52e-4b3a-b266-e21f946cedaf
446,3,1.0290135145187378,2026-08-19T05:53:09.944994+00:00,8c7e18eba1488dd5a7d4bdb00d4da0a75e895717,27579a5b-d52e-4b3a-b266-e21f946cedaf
446,4,0.9146391749382019,2026-08-19T05:53:09.944994+00:00,8c7e18eba1488dd5a7d4bdb00d4da0a75e895717,27579a5b-d52e-4b3a-b266-e21f946cedaf
446,5,1.1997684240341187,2026-08-19T05:53:09.944994+00:00,8c7e18eba1488dd5a7d4bdb00d4da0a75e895717,27579a5b-d52e-4b3a-b266-e21f946cedaf
446,6,1.0035649538040161,2026-08-19T05:53:09.944994+00:00,8c7e18eba1488dd5a7d4bdb00d4da0a75e895717,27579a5b-d52e-4b3a-b266-e21f946cedaf
446,7,0.9503017067909241,2026-08-19T05:53:09.944994+00:00,8c7e18eba1488dd5a7d4bdb00d4da0a75e895717,27579a5b-d52e-4b3a-b266-e21f946cedaf
446,8,0.8855416178703308,2026-08-19T05:53:09.944994+00:00,8c7e18eba1488dd5a7d4bdb00d4da0a75e895717,27579a5b-d52e-4b3a-b266-e21f946cedaf
447,1,3.7089664936065674,2026-08-19T05:53:09.944994+00:00,8c7e18eba1488dd5a7d4bdb00d4da0a75e895717,27579a5b-d52e-4b3a-b266-e21f946cedaf
447,2,4.059100151062012,2026-08-19T05:53:09.944994+00:00,8c7e18eba1488dd5a7d4bdb00d4da0a75e895717,27579a5b-d52e-4b3a-b266-e21f946cedaf
447,3,4.4800567626953125,2026-08-19T05:53:09.944994+00:00,8c7e18eba1488dd5a7d4bdb00d4da0a75e895717,27579a5b-d52e-4b3a-b266-e21f946cedaf
447,4,4.201725959777832,2026-08-19T05:53:09.944994+00:00,8c7e18eba1488dd5a7d4bdb00d4da0a75e895717,27579a5b-d52e-4b3a-b266-e21f946cedaf
447,5,4.927506446838379,2026-08-19T05:53:09.944994+00:00,8c7e18eba1488dd5a7d4bdb00d4da0a75e895717,27579a5b-d52e-4b3a-b266-e21f946cedaf
447,6,4.452086925506592,2026-08-19T05:53:09.944994+00:00,8c7e18eba1488dd5a7d4bdb00d4da0a75e895717,27579a5b-d52e-4b3a-b266-e21f946cedaf
447,7,4.184605121612549,2026-08-19T05:53:09.944994+00:00,8c7e18eba1488dd5a7d4bdb00d4da0a75e895717,27579a5b-d52e-4b3a-b266-e21f946cedaf
447,8,4.160470962524414,2026-08-19T05:53:09.944994+00:00,8c7e18eba1488dd5a7d4bdb00d4da0a75e895717,27579a5b-d52e-4b3a-b266-e21f946cedaf
448,1,0.6316572427749634,2026-08-19T05:53:09.944994+00:00,8c7e18eba1488dd5a7d4bdb00d4da0a75e895717,27579a5b-d52e-4b3a-b266-e21f946cedaf
448,2,0.7116098999977112,2026-08-19T05:53:09.944994+00:00,8c7e18eba1488dd5a7d4bdb00d4da0a75e895717,27579a5b-d52e-4b3a-b266-e21f946cedaf
448,3,0.8321330547332764,2026-08-19T05:53:09.944994+00:00,8c7e18eba1488dd5a7d4bdb00d4da0a75e895717,27579a5b-d52e-4b3a-b266-e21f946cedaf
448,4,0.7421865463256836,2026-08-19T05:53:09.944994+00:00,8c7e18eba1488dd5a7d4bdb00d4da0a75e895717,27579a5b-d52e-4b3a-b266-e21f946cedaf
448,5,0.965057373046875,2026-08-19T05:53:09.944994+00:00,8c7e18eba1488dd5a7d4bdb00d4da0a75e895717,27579a5b-d52e-4b3a-b266-e21f946cedaf
448,6,0.8142398595809937,2026-08-19T05:53:09.944994+00:00,8c7e18eba1488dd5a7d4bdb00d4da0a75e895717,27579a5b-d52e-4b3a-b266-e21f946cedaf
448,7,0.7616181373596191,2026-08-19T05:53:09.944994+00:00,8c7e18eba1488dd5a7d4bdb00d4da0a75e895717,27579a5b-d52e-4b3a-b266-e21f946cedaf
448,8,0.7220358848571777,2026-08-19T05:53:09.944994+00:00,8c7e18eba1488dd5a7d4bdb00d4da0a75e895717,27579a5b-d52e-4b3a-b266-e21f946cedaf
449,1,3.3303706645965576,2026-08-19T05:53:09.944994+00:00,8c7e18eba1488dd5a7d4bdb00d4da0a75e895717,27579a5b-d52e-4b3a-b266-e21f946cedaf
449,2,3.669919729232788,2026-08-19T05:53:09.944994+00:00,8c7e18eba1488dd5a7d4bdb00d4da0a75e895717,27579a5b-d52e-4b3a-b266-e21f946cedaf
449,3,4.074400901794434,2026-08-19T05:53:09.944994+00:00,8c7e18eba1488dd5a7d4bdb00d4da0a75e895717,27579a5b-d52e-4b3a-b266-e21f946cedaf
449,4,3.8084588050842285,2026-08-19T05:53:09.944994+00:00,8c7e18eba1488dd5a7d4bdb00d4da0a75e895717,27579a5b-d52e-4b3a-b266-e21f946cedaf
449,5,4.503515243530273,2026-08-19T05:53:09.944994+00:00,8c7e18eba1488dd5a7d4bdb00d4da0a75e895717,27579a5b-d52e-4b3a-b266-e21f946cedaf
449,6,4.048937797546387,2026-08-19T05:53:09.944994+00:00,8c7e18eba1488dd5a7d4bdb00d4da0a75e895717,27579a5b-d52e-4b3a-b266-e21f946cedaf
449,7,3.7884907722473145,2026-08-19T05:53:09.944994+00:00,8c7e18eba1488dd5a7d4bdb00d4da0a75e895717,27579a5b-d52e-4b3a-b266-e21f946cedaf
449,8,3.770033121109009,2026-08-19T05:53:09.944994+00:00,8c7e18eba1488dd5a7d4bdb00d4da0a75e895717,27579a5b-d52e-4b3a-b266-e21f946cedaf
450,1,2.8688206672668457,2026-08-19T05:53:09.944994+00:00,8c7e18eba1488dd5a7d4bdb00d4da0a75e895717,27579a5b-d52e-4b3a-b266-e21f946cedaf
450,2,3.2310948371887207,2026-08-19T05:53:09.944994+00:00,8c7e18eba1488dd5a7d4bdb00d4da0a75e895717,27579a5b-d52e-4b3a-b266-e21f946cedaf
450,3,3.5949978828430176,2026-08-19T05:53:09.944994+00:00,8c7e18eba1488dd5a7d4bdb00d4da0a75e895717,27579a5b-d52e-4b3a-b266-e21f946cedaf
450,4,3.3727898597717285,2026-08-19T05:53:09.944994+00:00,8c7e18eba1488dd5a7d4bdb00d4da0a75e895717,27579a5b-d52e-4b3a-b266-e21f946cedaf
450,5,3.955592632293701,2026-08-19T05:53:09.944994+00:00,8c7e18eba1488dd5a7d4bdb00d4da0a75e895717,27579a5b-d52e-4b3a-b266-e21f946cedaf
450,6,3.5842909812927246,2026-08-19T05:53:09.944994+00:00,8c7e18eba1488dd5a7d4bdb00d4da0a75e895717,27579a5b-d52e-4b3a-b266-e21f946cedaf
450,7,3.3187646865844727,2026-08-19T05:53:09.944994+00:00,8c7e18eba1488dd5a7d4bdb00d4da0a75e895717,27579a5b-d52e-4b3a-b266-e21f946cedaf
450,8,3.3519678115844727,2026-08-19T05:53:09.944994+00:00,8c7e18eba1488dd5a7d4bdb00d4da0a75e895717,27579a5b-d52e-4b3a-b266-e21f946cedaf
451,1,0.0,2026-08-19T05:53:09.944994+00:00,8c7e18eba1488dd5a7d4bdb00d4da0a75e895717,27579a5b-d52e-4b3a-b266-e21f946cedaf
451,2,0.0,2026-08-19T05:53:09.944994+00:00,8c7e18eba1488dd5a7d4bdb00d4da0a75e895717,27579a5b-d52e-4b3a-b266-e21f946cedaf
451,3,0.0,2026-08-19T05:53:09.944994+00:00,8c7e18eba1488dd5a7d4bdb00d4da0a75e895717,27579a5b-d52e-4b3a-b266-e21f946cedaf
451,4,0.0,2026-08-19T05:53:09.944994+00:00,8c7e18eba1488dd5a7d4bdb00d4da0a75e895717,27579a5b-d52e-4b3a-b266-e21f946cedaf
451,5,0.0,2026-08-19T05:53:09.944994+00:00,8c7e18eba1488dd5a7d4bdb00d4da0a75e895717,27579a5b-d52e-4b3a-b266-e21f946cedaf
451,6,0.0,2026-08-19T05:53:09.944994+00:00,8c7e18eba1488dd5a7d4bdb00d4da0a75e895717,27579a5b-d52e-4b3a-b266-e21f946cedaf
451,7,0.0,2026-08-19T05:53:09.944994+00:00,8c7e18eba1488dd5a7d4bdb00d4da0a75e895717,27579a5b-d52e-4b3a-b266-e21f946cedaf
451,8,0.0,2026-08-19T05:53:09.944994+00:00,8c7e18eba1488dd5a7d4bdb00d4da0a75e895717,27579a5b-d52e-4b3a-b266-e21f946cedaf
452,1,0.0,2026-08-19T05:53:09.944994+00:00,8c7e18eba1488dd5a7d4bdb00d4da0a75e895717,27579a5b-d52e-4b3a-b266-e21f946cedaf
452,2,0.0,2026-08-19T05:53:09.944994+00:00,8c7e18eba1488dd5a7d4bdb00d4da0a75e895717,27579a5b-d52e-4b3a-b266-e21f946cedaf
452,3,0.0,2026-08-19T05:53:09.944994+00:00,8c7e18eba1488dd5a7d4bdb00d4da0a75e895717,27579a5b-d52e-4b3a-b266-e21f946cedaf
452,4,0.0,2026-08-19T05:53:09.944994+00:00,8c7e18eba1488dd5a7d4bdb00d4da0a75e895717,27579a5b-d52e-4b3a-b266-e21f946cedaf
452,5,0.0,2026-08-19T05:53:09.944994+00:00,8c7e18eba1488dd5a7d4bdb00d4da0a75e895717,27579a5b-d52e-4b3a-b266-e21f946cedaf
452,6,0.0,2026-08-19T05:53:09.944994+00:00,8c7e18eba1488dd5a7d4bdb00d4da0a75e895717,27579a5b-d52e-4b3a-b266-e21f946cedaf
452,7,0.0,2026-08-19T05:53:09.944994+00:00,8c7e18eba1488dd5a7d4bdb00d4da0a75e895717,27579a5b-d52e-4b3a-b266-e21f946cedaf
452,8,0.0,2026-08-19T05:53:09.944994+00:00,8c7e18eba1488dd5a7d4bdb00d4da0a75e895717,27579a5b-d52e-4b3a-b266-e21f946cedaf
453,1,2.237658977508545,2026-08-19T05:53:09.944994+00:00,8c7e18eba1488dd5a7d4bdb00d4da0a75e895717,27579a5b-d52e-4b3a-b266-e21f946cedaf
453,2,2.1882128715515137,2026-08-19T05:53:09.944994+00:00,8c7e18eba1488dd5a7d4bdb00d4da0a75e895717,27579a5b-d52e-4b3a-b266-e21f946cedaf
453,3,2.417116641998291,2026-08-19T05:53:09.944994+00:00,8c7e18eba1488dd5a7d4bdb00d4da0a75e895717,27579a5b-d52e-4b3a-b266-e21f946cedaf
453,4,2.1917481422424316,2026-08-19T05:53:09.944994+00:00,8c7e18eba1488dd5a7d4bdb00d4da0a75e895717,27579a5b-d52e-4b3a-b266-e21f946cedaf
453,5,2.7659378051757812,2026-08-19T05:53:09.944994+00:00,8c7e18eba1488dd5a7d4bdb00d4da0a75e895717,27579a5b-d52e-4b3a-b266-e21f946cedaf
453,6,2.3477253913879395,2026-08-19T05:53:09.944994+00:00,8c7e18eba1488dd5a7d4bdb00d4da0a75e895717,27579a5b-d52e-4b3a-b266-e21f946cedaf
453,7,2.340219020843506,2026-08-19T05:53:09.944994+00:00,8c7e18eba1488dd5a7d4bdb00d4da0a75e895717,27579a5b-d52e-4b3a-b266-e21f946cedaf
453,8,2.109609603881836,2026-08-19T05:53:09.944994+00:00,8c7e18eba1488dd5a7d4bdb00d4da0a75e895717,27579a5b-d52e-4b3a-b266-e21f946cedaf
454,1,1.4692573547363281,2026-08-19T05:53:09.944994+00:00,8c7e18eba1488dd5a7d4bdb00d4da0a75e895717,27579a5b-d52e-4b3a-b266-e21f946cedaf
454,2,1.4483072757720947,2026-08-19T05:53:09.944994+00:00,8c7e18eba1488dd5a7d4bdb00d4da0a75e895717,27579a5b-d52e-4b3a-b266-e21f946cedaf
454,3,1.5452938079833984,2026-08-19T05:53:09.944994+00:00,8c7e18eba1488dd5a7d4bdb00d4da0a75e895717,27579a5b-d52e-4b3a-b266-e21f946cedaf
454,4,1.4498051404953003,2026-08-19T05:53:09.944994+00:00,8c7e18eba1488dd5a7d4bdb00d4da0a75e895717,27579a5b-d52e-4b3a-b266-e21f946cedaf
454,5,1.6930890083312988,2026-08-19T05:53:09.944994+00:00,8c7e18eba1488dd5a7d4bdb00d4da0a75e895717,27579a5b-d52e-4b3a-b266-e21f946cedaf
454,6,1.5158926248550415,2026-08-19T05:53:09.944994+00:00,8c7e18eba1488dd5a7d4bdb00d4da0a75e895717,27579a5b-d52e-4b3a-b266-e21f946cedaf
454,7,1.5127122402191162,2026-08-19T05:53:09.944994+00:00,8c7e18eba1488dd5a7d4bdb00d4da0a75e895717,27579a5b-d52e-4b3a-b266-e21f946cedaf
454,8,1.4150030612945557,2026-08-19T05:53:09.944994+00:00,8c7e18eba1488dd5a7d4bdb00d4da0a75e895717,27579a5b-d52e-4b3a-b266-e21f946cedaf
455,1,0.0,2026-08-19T05:53:09.944994+00:00,8c7e18eba1488dd5a7d4bdb00d4da0a75e895717,27579a5b-d52e-4b3a-b266-e21f946cedaf
455,2,0.0,2026-08-19T05:53:09.944994+00:00,8c7e18eba1488dd5a7d4bdb00d4da0a75e895717,27579a5b-d52e-4b3a-b266-e21f946cedaf
455,3,0.0,2026-08-19T05:53:09.944994+00:00,8c7e18eba1488dd5a7d4bdb00d4da0a75e895717,27579a5b-d52e-4b3a-b266-e21f946cedaf
455,4,0.0,2026-08-19T05:53:09.944994+00:00,8c7e18eba1488dd5a7d4bdb00d4da0a75e895717,27579a5b-d52e-4b3a-b266-e21f946cedaf
455,5,0.0,2026-08-19T05:53:09.944994+00:00,8c7e18eba1488dd5a7d4bdb00d4da0a75e895717,27579a5b-d52e-4b3a-b266-e21f946cedaf
455,6,0.0,2026-08-19T05:53:09.944994+00:00,8c7e18eba1488dd5a7d4bdb00d4da0a75e895717,27579a5b-d52e-4b3a-b266-e21f946cedaf
455,7,0.0,2026-08-19T05:53:09.944994+00:00,8c7e18eba1488dd5a7d4bdb00d4da0a75e895717,27579a5b-d52e-4b3a-b266-e21f946cedaf
455,8,0.0,2026-08-19T05:53:09.944994+00:00,8c7e18eba1488dd5a7d4bdb00d4da0a75e895717,27579a5b-d52e-4b3a-b266-e21f946cedaf
456,1,1.5487251281738281,2026-08-19T05:53:09.944994+00:00,8c7e18eba1488dd5a7d4bdb00d4da0a75e895717,27579a5b-d52e-4b3a-b266-e21f946cedaf
456,2,1.5173859596252441,2026-08-19T05:53:09.944994+00:00,8c7e18eba1488dd5a7d4bdb00d4da0a75e895717,27579a5b-d52e-4b3a-b266-e21f946cedaf
456,3,1.662467360496521,2026-08-19T05:53:09.944994+00:00,8c7e18eba1488dd5a7d4bdb00d4da0a75e895717,27579a5b-d52e-4b3a-b266-e21f946cedaf
456,4,1.5196266174316406,2026-08-19T05:53:09.944994+00:00,8c7e18eba1488dd5a7d4bdb00d4da0a75e895717,27579a5b-d52e-4b3a-b266-e21f946cedaf
456,5,1.883553385734558,2026-08-19T05:53:09.944994+00:00,8c7e18eba1488dd5a7d4bdb00d4da0a75e895717,27579a5b-d52e-4b3a-b266-e21f946cedaf
456,6,1.6184864044189453,2026-08-19T05:53:09.944994+00:00,8c7e18eba1488dd5a7d4bdb00d4da0a75e895717,27579a5b-d52e-4b3a-b266-e21f946cedaf
456,7,1.6137290000915527,2026-08-19T05:53:09.944994+00:00,8c7e18eba1488dd5a7d4bdb00d4da0a75e895717,27579a5b-d52e-4b3a-b266-e21f946cedaf
456,8,1.4675664901733398,2026-08-19T05:53:09.944994+00:00,8c7e18eba1488dd5a7d4bdb00d4da0a75e895717,27579a5b-d52e-4b3a-b266-e21f946cedaf
457,1,1.9062774181365967,2026-08-19T05:53:09.944994+00:00,8c7e18eba1488dd5a7d4bdb00d4da0a75e895717,27579a5b-d52e-4b3a-b266-e21f946cedaf
457,2,1.8630858659744263,2026-08-19T05:53:09.944994+00:00,8c7e18eba1488dd5a7d4bdb00d4da0a75e895717,27579a5b-d52e-4b3a-b266-e21f946cedaf
457,3,2.063037157058716,2026-08-19T05:53:09.944994+00:00,8c7e18eba1488dd5a7d4bdb00d4da0a75e895717,27579a5b-d52e-4b3a-b266-e21f946cedaf
457,4,1.8661737442016602,2026-08-19T05:53:09.944994+00:00,8c7e18eba1488dd5a7d4bdb00d4da0a75e895717,27579a5b-d52e-4b3a-b266-e21f946cedaf
457,5,2.367737054824829,2026-08-19T05:53:09.944994+00:00,8c7e18eba1488dd5a7d4bdb00d4da0a75e895717,27579a5b-d52e-4b3a-b266-e21f946cedaf
457,6,2.002422332763672,2026-08-19T05:53:09.944994+00:00,8c7e18eba1488dd5a7d4bdb00d4da0a75e895717,27579a5b-d52e-4b3a-b266-e21f946cedaf
457,7,1.9958653450012207,2026-08-19T05:53:09.944994+00:00,8c7e18eba1488dd5a7d4bdb00d4da0a75e895717,27579a5b-d52e-4b3a-b266-e21f946cedaf
457,8,1.7944245338439941,2026-08-19T05:53:09.944994+00:00,8c7e18eba1488dd5a7d4bdb00d4da0a75e895717,27579a5b-d52e-4b3a-b266-e21f946cedaf
458,1,0.0,2026-08-19T05:53:09.944994+00:00,8c7e18eba1488dd5a7d4bdb00d4da0a75e895717,27579a5b-d52e-4b3a-b266-e21f946cedaf
458,2,0.0,2026-08-19T05:53:09.944994+00:00,8c7e18eba1488dd5a7d4bdb00d4da0a75e895717,27579a5b-d52e-4b3a-b266-e21f946cedaf
458,3,0.0,2026-08-19T05:53:09.944994+00:00,8c7e18eba1488dd5a7d4bdb00d4da0a75e895717,27579a5b-d52e-4b3a-b266-e21f946cedaf
458,4,0.0,2026-08-19T05:53:09.944994+00:00,8c7e18eba1488dd5a7d4bdb00d4da0a75e895717,27579a5b-d52e-4b3a-b266-e21f946cedaf
458,5,0.0,2026-08-19T05:53:09.944994+00:00,8c7e18eba1488dd5a7d4bdb00d4da0a75e895717,27579a5b-d52e-4b3a-b266-e21f946cedaf
458,6,0.0,2026-08-19T05:53:09.944994+00:00,8c7e18eba1488dd5a7d4bdb00d4da0a75e895717,27579a5b-d52e-4b3a-b266-e21f946cedaf
458,7,0.0,2026-08-19T05:53:09.944994+00:00,8c7e18eba1488dd5a7d4bdb00d4da0a75e895717,27579a5b-d52e-4b3a-b266-e21f946cedaf
458,8,0.0,2026-08-19T05:53:09.944994+00:00,8c7e18eba1488dd5a7d4bdb00d4da0a75e895717,27579a5b-d52e-4b3a-b266-e21f946cedaf
459,1,3.7473158836364746,2026-08-19T05:53:09.944994+00:00,8c7e18eba1488dd5a7d4bdb00d4da0a75e895717,27579a5b-d52e-4b3a-b266-e21f946cedaf
459,2,3.7738170623779297,2026-08-19T05:53:09.944994+00:00,8c7e18eba1488dd5a7d4bdb00d4da0a75e895717,27579a5b-d52e-4b3a-b266-e21f946cedaf
459,3,3.9970550537109375,2026-08-19T05:53:09.944994+00:00,8c7e18eba1488dd5a7d4bdb00d4da0a75e895717,27579a5b-d52e-4b3a-b266-e21f946cedaf
459,4,3.801666259765625,2026-08-19T05:53:09.944994+00:00,8c7e18eba1488dd5a7d4bdb00d4da0a75e895717,27579a5b-d52e-4b3a-b266-e21f946cedaf
459,5,4.305747985839844,2026-08-19T05:53:09.944994+00:00,8c7e18eba1488dd5a7d4bdb00d4da0a75e895717,27579a5b-d52e-4b3a-b266-e21f946cedaf
459,6,3.9480395317077637,2026-08-19T05:53:09.944994+00:00,8c7e18eba1488dd5a7d4bdb00d4da0a75e895717,27579a5b-d52e-4b3a-b266-e21f946cedaf
459,7,3.8936214447021484,2026-08-19T05:53:09.944994+00:00,8c7e18eba1488dd5a7d4bdb00d4da0a75e895717,27579a5b-d52e-4b3a-b266-e21f946cedaf
459,8,3.741264820098877,2026-08-19T05:53:09.944994+00:00,8c7e18eba1488dd5a7d4bdb00d4da0a75e895717,27579a5b-d52e-4b3a-b266-e21f946cedaf
460,1,1.3587661981582642,2026-08-19T05:53:09.944994+00:00,8c7e18eba1488dd5a7d4bdb00d4da0a75e895717,27579a5b-d52e-4b3a-b266-e21f946cedaf
460,2,1.3386698961257935,2026-08-19T05:53:09.944994+00:00,8c7e18eba1488dd5a7d4bdb00d4da0a75e895717,27579a5b-d52e-4b3a-b266-e21f946cedaf
460,3,1.4317032098770142,2026-08-19T05:53:09.944994+00:00,8c7e18eba1488dd5a7d4bdb00d4da0a75e895717,27579a5b-d52e-4b3a-b266-e21f946cedaf
460,4,1.340106725692749,2026-08-19T05:53:09.944994+00:00,8c7e18eba1488dd5a7d4bdb00d4da0a75e895717,27579a5b-d52e-4b3a-b266-e21f946cedaf
460,5,1.5734745264053345,2026-08-19T05:53:09.944994+00:00,8c7e18eba1488dd5a7d4bdb00d4da0a75e895717,27579a5b-d52e-4b3a-b266-e21f946cedaf
460,6,1.4035005569458008,2026-08-19T05:53:09.944994+00:00,8c7e18eba1488dd5a7d4bdb00d4da0a75e895717,27579a5b-d52e-4b3a-b266-e21f946cedaf
460,7,1.4004498720169067,2026-08-19T05:53:09.944994+00:00,8c7e18eba1488dd5a7d4bdb00d4da0a75e895717,27579a5b-d52e-4b3a-b266-e21f946cedaf
460,8,1.3067231178283691,2026-08-19T05:53:09.944994+00:00,8c7e18eba1488dd5a7d4bdb00d4da0a75e895717,27579a5b-d52e-4b3a-b266-e21f946cedaf
461,1,0.0,2026-08-19T05:53:09.944994+00:00,8c7e18eba1488dd5a7d4bdb00d4da0a75e895717,27579a5b-d52e-4b3a-b266-e21f946cedaf
461,2,0.0,2026-08-19T05:53:09.944994+00:00,8c7e18eba1488dd5a7d4bdb00d4da0a75e895717,27579a5b-d52e-4b3a-b266-e21f946cedaf
461,3,0.0,2026-08-19T05:53:09.944994+00:00,8c7e18eba1488dd5a7d4bdb00d4da0a75e895717,27579a5b-d52e-4b3a-b266-e21f946cedaf
461,4,0.0,2026-08-19T05:53:09.944994+00:00,8c7e18eba1488dd5a7d4bdb00d4da0a75e895717,27579a5b-d52e-4b3a-b266-e21f946cedaf
461,5,0.0,2026-08-19T05:53:09.944994+00:00,8c7e18eba1488dd5a7d4bdb00d4da0a75e895717,27579a5b-d52e-4b3a-b266-e21f946cedaf
461,6,0.0,2026-08-19T05:53:09.944994+00:00,8c7e18eba1488dd5a7d4bdb00d4da0a75e895717,27579a5b-d52e-4b3a-b266-e21f946cedaf
461,7,0.0,2026-08-19T05:53:09.944994+00:00,8c7e18eba1488dd5a7d4bdb00d4da0a75e895717,27579a5b-d52e-4b3a-b266-e21f946cedaf
461,8,0.0,2026-08-19T05:53:09.944994+00:00,8c7e18eba1488dd5a7d4bdb00d4da0a75e895717,27579a5b-d52e-4b3a-b266-e21f946cedaf
462,1,0.0,2026-08-19T05:53:09.944994+00:00,8c7e18eba1488dd5a7d4bdb00d4da0a75e895717,27579a5b-d52e-4b3a-b266-e21f946cedaf
462,2,0.0,2026-08-19T05:53:09.944994+00:00,8c7e18eba1488dd5a7d4bdb00d4da0a75e895717,27579a5b-d52e-4b3a-b266-e21f946cedaf
462,3,0.0,2026-08-19T05:53:09.944994+00:00,8c7e18eba1488dd5a7d4bdb00d4da0a75e895717,27579a5b-d52e-4b3a-b266-e21f946cedaf
462,4,0.0,2026-08-19T05:53:09.944994+00:00,8c7e18eba1488dd5a7d4bdb00d4da0a75e895717,27579a5b-d52e-4b3a-b266-e21f946cedaf
462,5,0.0,2026-08-19T05:53:09.944994+00:00,8c7e18eba1488dd5a7d4bdb00d4da0a75e895717,27579a5b-d52e-4b3a-b266-e21f946cedaf
462,6,0.0,2026-08-19T05:53:09.944994+00:00,8c7e18eba1488dd5a7d4bdb00d4da0a75e895717,27579a5b-d52e-4b3a-b266-e21f946cedaf
462,7,0.0,2026-08-19T05:53:09.944994+00:00,8c7e18eba1488dd5a7d4bdb00d4da0a75e895717,27579a5b-d52e-4b3a-b266-e21f946cedaf
462,8,0.0,2026-08-19T05:53:09.944994+00:00,8c7e18eba1488dd5a7d4bdb00d4da0a75e895717,27579a5b-d52e-4b3a-b266-e21f946cedaf
463,1,2.1512622833251953,2026-08-19T05:53:09.944994+00:00,8c7e18eba1488dd5a7d4bdb00d4da0a75e895717,27579a5b-d52e-4b3a-b266-e21f946cedaf
463,2,2.103520393371582,2026-08-19T05:53:09.944994+00:00,8c7e18eba1488dd5a7d4bdb00d4da0a75e895717,27579a5b-d52e-4b3a-b266-e21f946cedaf
463,3,2.3245372772216797,2026-08-19T05:53:09.944994+00:00,8c7e18eba1488dd5a7d4bdb00d4da0a75e895717,27579a5b-d52e-4b3a-b266-e21f946cedaf
463,4,2.10693359375,2026-08-19T05:53:09.944994+00:00,8c7e18eba1488dd5a7d4bdb00d4da0a75e895717,27579a5b-d52e-4b3a-b266-e21f946cedaf
463,5,2.661339282989502,2026-08-19T05:53:09.944994+00:00,8c7e18eba1488dd5a7d4bdb00d4da0a75e895717,27579a5b-d52e-4b3a-b266-e21f946cedaf
463,6,2.2575368881225586,2026-08-19T05:53:09.944994+00:00,8c7e18eba1488dd5a7d4bdb00d4da0a75e895717,27579a5b-d52e-4b3a-b266-e21f946cedaf
463,7,2.250288963317871,2026-08-19T05:53:09.944994+00:00,8c7e18eba1488dd5a7d4bdb00d4da0a75e895717,27579a5b-d52e-4b3a-b266-e21f946cedaf
463,8,2.02762508392334,2026-08-19T05:53:09.944994+00:00,8c7e18eba1488dd5a7d4bdb00d4da0a75e895717,27579a5b-d52e-4b3a-b266-e21f946cedaf
464,1,1.247143268585205,2026-08-19T05:53:09.944994+00:00,8c7e18eba1488dd5a7d4bdb00d4da0a75e895717,27579a5b-d52e-4b3a-b266-e21f946cedaf
464,2,1.2361093759536743,2026-08-19T05:53:09.944994+00:00,8c7e18eba1488dd5a7d4bdb00d4da0a75e895717,27579a5b-d52e-4b3a-b266-e21f946cedaf
464,3,1.2871891260147095,2026-08-19T05:53:09.944994+00:00,8c7e18eba1488dd5a7d4bdb00d4da0a75e895717,27579a5b-d52e-4b3a-b266-e21f946cedaf
464,4,1.2368983030319214,2026-08-19T05:53:09.944994+00:00,8c7e18eba1488dd5a7d4bdb00d4da0a75e895717,27579a5b-d52e-4b3a-b266-e21f946cedaf
464,5,1.3650283813476562,2026-08-19T05:53:09.944994+00:00,8c7e18eba1488dd5a7d4bdb00d4da0a75e895717,27579a5b-d52e-4b3a-b266-e21f946cedaf
464,6,1.2717045545578003,2026-08-19T05:53:09.944994+00:00,8c7e18eba1488dd5a7d4bdb00d4da0a75e895717,27579a5b-d52e-4b3a-b266-e21f946cedaf
464,7,1.2700295448303223,2026-08-19T05:53:09.944994+00:00,8c7e18eba1488dd5a7d4bdb00d4da0a75e895717,27579a5b-d52e-4b3a-b266-e21f946cedaf
464,8,1.2185691595077515,2026-08-19T05:53:09.944994+00:00,8c7e18eba1488dd5a7d4bdb00d4da0a75e895717,27579a5b-d52e-4b3a-b266-e21f946cedaf
465,1,2.6305670738220215,2026-08-19T05:53:09.944994+00:00,8c7e18eba1488dd5a7d4bdb00d4da0a75e895717,27579a5b-d52e-4b3a-b266-e21f946cedaf
465,2,2.5582594871520996,2026-08-19T05:53:09.944994+00:00,8c7e18eba1488dd5a7d4bdb00d4da0a75e895717,27579a5b-d52e-4b3a-b266-e21f946cedaf
465,3,2.8930001258850098,2026-08-19T05:53:09.944994+00:00,8c7e18eba1488dd5a7d4bdb00d4da0a75e895717,27579a5b-d52e-4b3a-b266-e21f946cedaf
465,4,2.563429355621338,2026-08-19T05:53:09.944994+00:00,8c7e18eba1488dd5a7d4bdb00d4da0a75e895717,27579a5b-d52e-4b3a-b266-e21f946cedaf
465,5,3.4031026363372803,2026-08-19T05:53:09.944994+00:00,8c7e18eba1488dd5a7d4bdb00d4da0a75e895717,27579a5b-d52e-4b3a-b266-e21f946cedaf
465,6,2.7915244102478027,2026-08-19T05:53:09.944994+00:00,8c7e18eba1488dd5a7d4bdb00d4da0a75e895717,27579a5b-d52e-4b3a-b266-e21f946cedaf
465,7,2.780548095703125,2026-08-19T05:53:09.944994+00:00,8c7e18eba1488dd5a7d4bdb00d4da0a75e895717,27579a5b-d52e-4b3a-b266-e21f946cedaf
465,8,2.443312644958496,2026-08-19T05:53:09.944994+00:00,8c7e18eba1488dd5a7d4bdb00d4da0a75e895717,27579a5b-d52e-4b3a-b266-e21f946cedaf
466,1,1.0334030389785767,2026-08-19T05:53:09.944994+00:00,8c7e18eba1488dd5a7d4bdb00d4da0a75e895717,27579a5b-d52e-4b3a-b266-e21f946cedaf
466,2,1.0319117307662964,2026-08-19T05:53:09.944994+00:00,8c7e18eba1488dd5a7d4bdb00d4da0a75e895717,27579a5b-d52e-4b3a-b266-e21f946cedaf
466,3,1.0388154983520508,2026-08-19T05:53:09.944994+00:00,8c7e18eba1488dd5a7d4bdb00d4da0a75e895717,27579a5b-d52e-4b3a-b266-e21f946cedaf
466,4,1.0320183038711548,2026-08-19T05:53:09.944994+00:00,8c7e18eba1488dd5a7d4bdb00d4da0a75e895717,27579a5b-d52e-4b3a-b266-e21f946cedaf
466,5,1.0493359565734863,2026-08-19T05:53:09.944994+00:00,8c7e18eba1488dd5a7d4bdb00d4da0a75e895717,27579a5b-d52e-4b3a-b266-e21f946cedaf
466,6,1.0367226600646973,2026-08-19T05:53:09.944994+00:00,8c7e18eba1488dd5a7d4bdb00d4da0a75e895717,27579a5b-d52e-4b3a-b266-e21f946cedaf
466,7,1.0364962816238403,2026-08-19T05:53:09.944994+00:00,8c7e18eba1488dd5a7d4bdb00d4da0a75e895717,27579a5b-d52e-4b3a-b266-e21f946cedaf
466,8,1.029541015625,2026-08-19T05:53:09.944994+00:00,8c7e18eba1488dd5a7d4bdb00d4da0a75e895717,27579a5b-d52e-4b3a-b266-e21f946cedaf
467,1,3.9156322479248047,2026-08-19T05:53:09.944994+00:00,8c7e18eba1488dd5a7d4bdb00d4da0a75e895717,27579a5b-d52e-4b3a-b266-e21f946cedaf
467,2,2.672048568725586,2026-08-19T05:53:09.944994+00:00,8c7e18eba1488dd5a7d4bdb00d4da0a75e895717,27579a5b-d52e-4b3a-b266-e21f946cedaf
467,3,3.633167266845703,2026-08-19T05:53:09.944994+00:00,8c7e18eba1488dd5a7d4bdb00d4da0a75e895717,27579a5b-d52e-4b3a-b266-e21f946cedaf
467,4,3.0106911659240723,2026-08-19T05:53:09.944994+00:00,8c7e18eba1488dd5a7d4bdb00d4da0a75e895717,27579a5b-d52e-4b3a-b266-e21f946cedaf
467,5,4.017417907714844,2026-08-19T05:53:09.944994+00:00,8c7e18eba1488dd5a7d4bdb00d4da0a75e895717,27579a5b-d52e-4b3a-b266-e21f946cedaf
467,6,3.4918479919433594,2026-08-19T05:53:09.944994+00:00,8c7e18eba1488dd5a7d4bdb00d4da0a75e895717,27579a5b-d52e-4b3a-b266-e21f946cedaf
467,7,3.00886869430542,2026-08-19T05:53:09.944994+00:00,8c7e18eba1488dd5a7d4bdb00d4da0a75e895717,27579a5b-d52e-4b3a-b266-e21f946cedaf
467,8,4.216713905334473,2026-08-19T05:53:09.944994+00:00,8c7e18eba1488dd5a7d4bdb00d4da0a75e895717,27579a5b-d52e-4b3a-b266-e21f946cedaf
468,1,0.6972715258598328,2026-08-19T05:53:09.944994+00:00,8c7e18eba1488dd5a7d4bdb00d4da0a75e895717,27579a5b-d52e-4b3a-b266-e21f946cedaf
468,2,0.49558520317077637,2026-08-19T05:53:09.944994+00:00,8c7e18eba1488dd5a7d4bdb00d4da0a75e895717,27579a5b-d52e-4b3a-b266-e21f946cedaf
468,3,0.6623468995094299,2026-08-19T05:53:09.944994+00:00,8c7e18eba1488dd5a7d4bdb00d4da0a75e895717,27579a5b-d52e-4b3a-b266-e21f946cedaf
468,4,0.5636047124862671,2026-08-19T05:53:09.944994+00:00,8c7e18eba1488dd5a7d4bdb00d4da0a75e895717,27579a5b-d52e-4b3a-b266-e21f946cedaf
468,5,0.7090239524841309,2026-08-19T05:53:09.944994+00:00,8c7e18eba1488dd5a7d4bdb00d4da0a75e895717,27579a5b-d52e-4b3a-b266-e21f946cedaf
468,6,0.6419928669929504,2026-08-19T05:53:09.944994+00:00,8c7e18eba1488dd5a7d4bdb00d4da0a75e895717,27579a5b-d52e-4b3a-b266-e21f946cedaf
468,7,0.5635755658149719,2026-08-19T05:53:09.944994+00:00,8c7e18eba1488dd5a7d4bdb00d4da0a75e895717,27579a5b-d52e-4b3a-b266-e21f946cedaf
468,8,0.7292048335075378,2026-08-19T05:53:09.944994+00:00,8c7e18eba1488dd5a7d4bdb00d4da0a75e895717,27579a5b-d52e-4b3a-b266-e21f946cedaf
469,1,4.045538902282715,2026-08-19T05:53:09.944994+00:00,8c7e18eba1488dd5a7d4bdb00d4da0a75e895717,27579a5b-d52e-4b3a-b266-e21f946cedaf
469,2,2.6970434188842773,2026-08-19T05:53:09.944994+00:00,8c7e18eba1488dd5a7d4bdb00d4da0a75e895717,27579a5b-d52e-4b3a-b266-e21f946cedaf
469,3,3.765319347381592,2026-08-19T05:53:09.944994+00:00,8c7e18eba1488dd5a7d4bdb00d4da0a75e895717,27579a5b-d52e-4b3a-b266-e21f946cedaf
469,4,3.059971809387207,2026-08-19T05:53:09.944994+00:00,8c7e18eba1488dd5a7d4bdb00d4da0a75e895717,27579a5b-d52e-4b3a-b266-e21f946cedaf
469,5,4.214363098144531,2026-08-19T05:53:09.944994+00:00,8c7e18eba1488dd5a7d4bdb00d4da0a75e895717,27579a5b-d52e-4b3a-b266-e21f946cedaf
469,6,3.5510005950927734,2026-08-19T05:53:09.944994+00:00,8c7e18eba1488dd5a7d4bdb00d4da0a75e895717,27579a5b-d52e-4b3a-b266-e21f946cedaf
469,7,2.9619851112365723,2026-08-19T05:53:09.944994+00:00,8c7e18eba1488dd5a7d4bdb00d4da0a75e895717,27579a5b-d52e-4b3a-b266-e21f946cedaf
469,8,4.452547550201416,2026-08-19T05:53:09.944994+00:00,8c7e18eba1488dd5a7d4bdb00d4da0a75e895717,27579a5b-d52e-4b3a-b266-e21f946cedaf
470,1,0.8685842752456665,2026-08-19T05:53:09.944994+00:00,8c7e18eba1488dd5a7d4bdb00d4da0a75e895717,27579a5b-d52e-4b3a-b266-e21f946cedaf
470,2,0.6367459893226624,2026-08-19T05:53:09.944994+00:00,8c7e18eba1488dd5a7d4bdb00d4da0a75e895717,27579a5b-d52e-4b3a-b266-e21f946cedaf
470,3,0.835856556892395,2026-08-19T05:53:09.944994+00:00,8c7e18eba1488dd5a7d4bdb00d4da0a75e895717,27579a5b-d52e-4b3a-b266-e21f946cedaf
470,4,0.7109014987945557,2026-08-19T05:53:09.944994+00:00,8c7e18eba1488dd5a7d4bdb00d4da0a75e895717,27579a5b-d52e-4b3a-b266-e21f946cedaf
470,5,0.9042353630065918,2026-08-19T05:53:09.944994+00:00,8c7e18eba1488dd5a7d4bdb00d4da0a75e895717,27579a5b-d52e-4b3a-b266-e21f946cedaf
470,6,0.789777398109436,2026-08-19T05:53:09.944994+00:00,8c7e18eba1488dd5a7d4bdb00d4da0a75e895717,27579a5b-d52e-4b3a-b266-e21f946cedaf
470,7,0.6759247779846191,2026-08-19T05:53:09.944994+00:00,8c7e18eba1488dd5a7d4bdb00d4da0a75e895717,27579a5b-d52e-4b3a-b266-e21f946cedaf
470,8,0.9377515316009521,2026-08-19T05:53:09.944994+00:00,8c7e18eba1488dd5a7d4bdb00d4da0a75e895717,27579a5b-d52e-4b3a-b266-e21f946cedaf
471,1,4.227824687957764,2026-08-19T05:53:09.944994+00:00,8c7e18eba1488dd5a7d4bdb00d4da0a75e895717,27579a5b-d52e-4b3a-b266-e21f946cedaf
471,2,2.882383346557617,2026-08-19T05:53:09.944994+00:00,8c7e18eba1488dd5a7d4bdb00d4da0a75e895717,27579a5b-d52e-4b3a-b266-e21f946cedaf
471,3,3.9475646018981934,2026-08-19T05:53:09.944994+00:00,8c7e18eba1488dd5a7d4bdb00d4da0a75e895717,27579a5b-d52e-4b3a-b266-e21f946cedaf
471,4,3.2445907592773438,2026-08-19T05:53:09.944994+00:00,8c7e18eba1488dd5a7d4bdb00d4da0a75e895717,27579a5b-d52e-4b3a-b266-e21f946cedaf
471,5,4.394772529602051,2026-08-19T05:53:09.944994+00:00,8c7e18eba1488dd5a7d4bdb00d4da0a75e895717,27579a5b-d52e-4b3a-b266-e21f946cedaf
471,6,3.7352938652038574,2026-08-19T05:53:09.944994+00:00,8c7e18eba1488dd5a7d4bdb00d4da0a75e895717,27579a5b-d52e-4b3a-b266-e21f946cedaf
471,7,3.1492843627929688,2026-08-19T05:53:09.944994+00:00,8c7e18eba1488dd5a7d4bdb00d4da0a75e895717,27579a5b-d52e-4b3a-b266-e21f946cedaf
471,8,4.631860256195068,2026-08-19T05:53:09.944994+00:00,8c7e18eba1488dd5a7d4bdb00d4da0a75e895717,27579a5b-d52e-4b3a-b266-e21f946cedaf
472,1,4.232208728790283,2026-08-19T05:53:09.944994+00:00,8c7e18eba1488dd5a7d4bdb00d4da0a75e895717,27579a5b-d52e-4b3a-b266-e21f946cedaf
472,2,2.9574687480926514,2026-08-19T05:53:09.944994+00:00,8c7e18eba1488dd5a7d4bdb00d4da0a75e895717,27579a5b-d52e-4b3a-b266-e21f946cedaf
472,3,3.9561116695404053,2026-08-19T05:53:09.944994+00:00,8c7e18eba1488dd5a7d4bdb00d4da0a75e895717,27579a5b-d52e-4b3a-b266-e21f946cedaf
472,4,3.3002240657806396,2026-08-19T05:53:09.944994+00:00,8c7e18eba1488dd5a7d4bdb00d4da0a75e895717,27579a5b-d52e-4b3a-b266-e21f946cedaf
472,5,4.370920181274414,2026-08-19T05:53:09.944994+00:00,8c7e18eba1488dd5a7d4bdb00d4da0a75e895717,27579a5b-d52e-4b3a-b266-e21f946cedaf
472,6,3.775681257247925,2026-08-19T05:53:09.944994+00:00,8c7e18eba1488dd5a7d4bdb00d4da0a75e895717,27579a5b-d52e-4b3a-b266-e21f946cedaf
472,7,3.242987871170044,2026-08-19T05:53:09.944994+00:00,8c7e18eba1488dd5a7d4bdb00d4da0a75e895717,27579a5b-d52e-4b3a-b266-e21f946cedaf
472,8,4.589694976806641,2026-08-19T05:53:09.944994+00:00,8c7e18eba1488dd5a7d4bdb00d4da0a75e895717,27579a5b-d52e-4b3a-b266-e21f946cedaf
473,1,4.087133407592773,2026-08-19T05:53:09.944994+00:00,8c7e18eba1488dd5a7d4bdb00d4da0a75e895717,27579a5b-d52e-4b3a-b266-e21f946cedaf
473,2,2.745481491088867,2026-08-19T05:53:09.944994+00:00,8c7e18eba1488dd5a7d4bdb00d4da0a75e895717,27579a5b-d52e-4b3a-b266-e21f946cedaf
473,3,3.804377555847168,2026-08-19T05:53:09.944994+00:00,8c7e18eba1488dd5a7d4bdb00d4da0a75e895717,27579a5b-d52e-4b3a-b266-e21f946cedaf
473,4,3.108124256134033,2026-08-19T05:53:09.944994+00:00,8c7e18eba1488dd5a7d4bdb00d4da0a75e895717,27579a5b-d52e-4b3a-b266-e21f946cedaf
473,5,4.244451999664307,2026-08-19T05:53:09.944994+00:00,8c7e18eba1488dd5a7d4bdb00d4da0a75e895717,27579a5b-d52e-4b3a-b266-e21f946cedaf
473,6,3.6021275520324707,2026-08-19T05:53:09.944994+00:00,8c7e18eba1488dd5a7d4bdb00d4da0a75e895717,27579a5b-d52e-4b3a-b266-e21f946cedaf
473,7,3.02766752243042,2026-08-19T05:53:09.944994+00:00,8c7e18eba1488dd5a7d4bdb00d4da0a75e895717,27579a5b-d52e-4b3a-b266-e21f946cedaf
473,8,4.476775646209717,2026-08-19T05:53:09.944994+00:00,8c7e18eba1488dd5a7d4bdb00d4da0a75e895717,27579a5b-d52e-4b3a-b266-e21f946cedaf
474,1,0.9804946184158325,2026-08-19T05:53:09.944994+00:00,8c7e18eba1488dd5a7d4bdb00d4da0a75e895717,27579a5b-d52e-4b3a-b266-e21f946cedaf
474,2,0.764060378074646,2026-08-19T05:53:09.944994+00:00,8c7e18eba1488dd5a7d4bdb00d4da0a75e895717,27579a5b-d52e-4b3a-b266-e21f946cedaf
474,3,0.9497342109680176,2026-08-19T05:53:09.944994+00:00,8c7e18eba1488dd5a7d4bdb00d4da0a75e895717,27579a5b-d52e-4b3a-b266-e21f946cedaf
474,4,0.8334015607833862,2026-08-19T05:53:09.944994+00:00,8c7e18eba1488dd5a7d4bdb00d4da0a75e895717,27579a5b-d52e-4b3a-b266-e21f946cedaf
474,5,1.0131580829620361,2026-08-19T05:53:09.944994+00:00,8c7e18eba1488dd5a7d4bdb00d4da0a75e895717,27579a5b-d52e-4b3a-b266-e21f946cedaf
474,6,0.9073506593704224,2026-08-19T05:53:09.944994+00:00,8c7e18eba1488dd5a7d4bdb00d4da0a75e895717,27579a5b-d52e-4b3a-b266-e21f946cedaf
474,7,0.8017256259918213,2026-08-19T05:53:09.944994+00:00,8c7e18eba1488dd5a7d4bdb00d4da0a75e895717,27579a5b-d52e-4b3a-b266-e21f946cedaf
474,8,1.044158935546875,2026-08-19T05:53:09.944994+00:00,8c7e18eba1488dd5a7d4bdb00d4da0a75e895717,27579a5b-d52e-4b3a-b266-e21f946cedaf
475,1,0.0,2026-08-19T05:53:09.944994+00:00,8c7e18eba1488dd5a7d4bdb00d4da0a75e895717,27579a5b-d52e-4b3a-b266-e21f946cedaf
475,2,0.0,2026-08-19T05:53:09.944994+00:00,8c7e18eba1488dd5a7d4bdb00d4da0a75e895717,27579a5b-d52e-4b3a-b266-e21f946cedaf
475,3,0.0,2026-08-19T05:53:09.944994+00:00,8c7e18eba1488dd5a7d4bdb00d4da0a75e895717,27579a5b-d52e-4b3a-b266-e21f946cedaf
475,4,0.0,2026-08-19T05:53:09.944994+00:00,8c7e18eba1488dd5a7d4bdb00d4da0a75e895717,27579a5b-d52e-4b3a-b266-e21f946cedaf
475,5,0.0,2026-08-19T05:53:09.944994+00:00,8c7e18eba1488dd5a7d4bdb00d4da0a75e895717,27579a5b-d52e-4b3a-b266-e21f946cedaf
475,6,0.0,2026-08-19T05:53:09.944994+00:00,8c7e18eba1488dd5a7d4bdb00d4da0a75e895717,27579a5b-d52e-4b3a-b266-e21f946cedaf
475,7,0.0,2026-08-19T05:53:09.944994+00:00,8c7e18eba1488dd5a7d4bdb00d4da0a75e895717,27579a5b-d52e-4b3a-b266-e21f946cedaf
475,8,0.0,2026-08-19T05:53:09.944994+00:00,8c7e18eba1488dd5a7d4bdb00d4da0a75e895717,27579a5b-d52e-4b3a-b266-e21f946cedaf
476,1,0.0,2026-08-19T05:53:09.944994+00:00,8c7e18eba1488dd5a7d4bdb00d4da0a75e895717,27579a5b-d52e-4b3a-b266-e21f946cedaf
476,2,0.0,2026-08-19T05:53:09.944994+00:00,8c7e18eba1488dd5a7d4bdb00d4da0a75e895717,27579a5b-d52e-4b3a-b266-e21f946cedaf
476,3,0.0,2026-08-19T05:53:09.944994+00:00,8c7e18eba1488dd5a7d4bdb00d4da0a75e895717,27579a5b-d52e-4b3a-b266-e21f946cedaf
476,4,0.0,2026-08-19T05:53:09.944994+00:00,8c7e18eba1488dd5a7d4bdb00d4da0a75e895717,27579a5b-d52e-4b3a-b266-e21f946cedaf
476,5,0.0,2026-08-19T05:53:09.944994+00:00,8c7e18eba1488dd5a7d4bdb00d4da0a75e895717,27579a5b-d52e-4b3a-b266-e21f946cedaf
476,6,0.0,2026-08-19T05:53:09.944994+00:00,8c7e18eba1488dd5a7d4bdb00d4da0a75e895717,27579a5b-d52e-4b3a-b266-e21f946cedaf
476,7,0.0,2026-08-19T05:53:09.944994+00:00,8c7e18eba1488dd5a7d4bdb00d4da0a75e895717,27579a5b-d52e-4b3a-b266-e21f946cedaf
476,8,0.0,2026-08-19T05:53:09.944994+00:00,8c7e18eba1488dd5a7d4bdb00d4da0a75e895717,27579a5b-d52e-4b3a-b266-e21f946cedaf
477,1,1.0081638097763062,2026-08-19T05:53:09.944994+00:00,8c7e18eba1488dd5a7d4bdb00d4da0a75e895717,27579a5b-d52e-4b3a-b266-e21f946cedaf
477,2,0.9813127517700195,2026-08-19T05:53:09.944994+00:00,8c7e18eba1488dd5a7d4bdb00d4da0a75e895717,27579a5b-d52e-4b3a-b266-e21f946cedaf
477,3,1.0044983625411987,2026-08-19T05:53:09.944994+00:00,8c7e18eba1488dd5a7d4bdb00d4da0a75e895717,27579a5b-d52e-4b3a-b266-e21f946cedaf
477,4,0.9898332953453064,2026-08-19T05:53:09.944994+00:00,8c7e18eba1488dd5a7d4bdb00d4da0a75e895717,27579a5b-d52e-4b3a-b266-e21f946cedaf
477,5,1.01266610622406,2026-08-19T05:53:09.944994+00:00,8c7e18eba1488dd5a7d4bdb00d4da0a75e895717,27579a5b-d52e-4b3a-b266-e21f946cedaf
477,6,0.9987791776657104,2026-08-19T05:53:09.944994+00:00,8c7e18eba1488dd5a7d4bdb00d4da0a75e895717,27579a5b-d52e-4b3a-b266-e21f946cedaf
477,7,0.9851933121681213,2026-08-19T05:53:09.944994+00:00,8c7e18eba1488dd5a7d4bdb00d4da0a75e895717,27579a5b-d52e-4b3a-b266-e21f946cedaf
477,8,1.0167217254638672,2026-08-19T05:53:09.944994+00:00,8c7e18eba1488dd5a7d4bdb00d4da0a75e895717,27579a5b-d52e-4b3a-b266-e21f946cedaf
478,1,0.9813709855079651,2026-08-19T05:53:09.944994+00:00,8c7e18eba1488dd5a7d4bdb00d4da0a75e895717,27579a5b-d52e-4b3a-b266-e21f946cedaf
478,2,0.8045721650123596,2026-08-19T05:53:09.944994+00:00,8c7e18eba1488dd5a7d4bdb00d4da0a75e895717,27579a5b-d52e-4b3a-b266-e21f946cedaf
478,3,0.9565867781639099,2026-08-19T05:53:09.944994+00:00,8c7e18eba1488dd5a7d4bdb00d4da0a75e895717,27579a5b-d52e-4b3a-b266-e21f946cedaf
478,4,0.8610283732414246,2026-08-19T05:53:09.944994+00:00,8c7e18eba1488dd5a7d4bdb00d4da0a75e895717,27579a5b-d52e-4b3a-b266-e21f946cedaf
478,5,1.0090768337249756,2026-08-19T05:53:09.944994+00:00,8c7e18eba1488dd5a7d4bdb00d4da0a75e895717,27579a5b-d52e-4b3a-b266-e21f946cedaf
478,6,0.9209157228469849,2026-08-19T05:53:09.944994+00:00,8c7e18eba1488dd5a7d4bdb00d4da0a75e895717,27579a5b-d52e-4b3a-b266-e21f946cedaf
478,7,0.8335369229316711,2026-08-19T05:53:09.944994+00:00,8c7e18eba1488dd5a7d4bdb00d4da0a75e895717,27579a5b-d52e-4b3a-b266-e21f946cedaf
478,8,1.0348777770996094,2026-08-19T05:53:09.944994+00:00,8c7e18eba1488dd5a7d4bdb00d4da0a75e895717,27579a5b-d52e-4b3a-b266-e21f946cedaf
479,1,0.0,2026-08-19T05:53:09.944994+00:00,8c7e18eba1488dd5a7d4bdb00d4da0a75e895717,27579a5b-d52e-4b3a-b266-e21f946cedaf
479,2,0.0,2026-08-19T05:53:09.944994+00:00,8c7e18eba1488dd5a7d4bdb00d4da0a75e895717,27579a5b-d52e-4b3a-b266-e21f946cedaf
479,3,0.0,2026-08-19T05:53:09.944994+00:00,8c7e18eba1488dd5a7d4bdb00d4da0a75e895717,27579a5b-d52e-4b3a-b266-e21f946cedaf
479,4,0.0,2026-08-19T05:53:09.944994+00:00,8c7e18eba1488dd5a7d4bdb00d4da0a75e895717,27579a5b-d52e-4b3a-b266-e21f946cedaf
479,5,0.0,2026-08-19T05:53:09.944994+00:00,8c7e18eba1488dd5a7d4bdb00d4da0a75e895717,27579a5b-d52e-4b3a-b266-e21f946cedaf
479,6,0.0,2026-08-19T05:53:09.944994+00:00,8c7e18eba1488dd5a7d4bdb00d4da0a75e895717,27579a5b-d52e-4b3a-b266-e21f946cedaf
479,7,0.0,2026-08-19T05:53:09.944994+00:00,8c7e18eba1488dd5a7d4bdb00d4da0a75e895717,27579a5b-d52e-4b3a-b266-e21f946cedaf
479,8,0.0,2026-08-19T05:53:09.944994+00:00,8c7e18eba1488dd5a7d4bdb00d4da0a75e895717,27579a5b-d52e-4b3a-b266-e21f946cedaf
480,1,4.649795055389404,2026-08-19T05:53:09.944994+00:00,8c7e18eba1488dd5a7d4bdb00d4da0a75e895717,27579a5b-d52e-4b3a-b266-e21f946cedaf
480,2,3.927510976791382,2026-08-19T05:53:09.944994+00:00,8c7e18eba1488dd5a7d4bdb00d4da0a75e895717,27579a5b-d52e-4b3a-b266-e21f946cedaf
480,3,4.591314315795898,2026-08-19T05:53:09.944994+00:00,8c7e18eba1488dd5a7d4bdb00d4da0a75e895717,27579a5b-d52e-4b3a-b266-e21f946cedaf
480,4,4.105589389801025,2026-08-19T05:53:09.944994+00:00,8c7e18eba1488dd5a7d4bdb00d4da0a75e895717,27579a5b-d52e-4b3a-b266-e21f946cedaf
480,5,4.948062896728516,2026-08-19T05:53:09.944994+00:00,8c7e18eba1488dd5a7d4bdb00d4da0a75e895717,27579a5b-d52e-4b3a-b266-e21f946cedaf
480,6,4.259544849395752,2026-08-19T05:53:09.944994+00:00,8c7e18eba1488dd5a7d4bdb00d4da0a75e895717,27579a5b-d52e-4b3a-b266-e21f946cedaf
480,7,3.7123515605926514,2026-08-19T05:53:09.944994+00:00,8c7e18eba1488dd5a7d4bdb00d4da0a75e895717,27579a5b-d52e-4b3a-b266-e21f946cedaf
480,8,5.155015468597412,2026-08-19T05:53:09.944994+00:00,8c7e18eba1488dd5a7d4bdb00d4da0a75e895717,27579a5b-d52e-4b3a-b266-e21f946cedaf
481,1,0.0,2026-08-19T05:53:09.944994+00:00,8c7e18eba1488dd5a7d4bdb00d4da0a75e895717,27579a5b-d52e-4b3a-b266-e21f946cedaf
481,2,0.0,2026-08-19T05:53:09.944994+00:00,8c7e18eba1488dd5a7d4bdb00d4da0a75e895717,27579a5b-d52e-4b3a-b266-e21f946cedaf
481,3,0.0,2026-08-19T05:53:09.944994+00:00,8c7e18eba1488dd5a7d4bdb00d4da0a75e895717,27579a5b-d52e-4b3a-b266-e21f946cedaf
481,4,0.0,2026-08-19T05:53:09.944994+00:00,8c7e18eba1488dd5a7d4bdb00d4da0a75e895717,27579a5b-d52e-4b3a-b266-e21f946cedaf
481,5,0.0,2026-08-19T05:53:09.944994+00:00,8c7e18eba1488dd5a7d4bdb00d4da0a75e895717,27579a5b-d52e-4b3a-b266-e21f946cedaf
481,6,0.0,2026-08-19T05:53:09.944994+00:00,8c7e18eba1488dd5a7d4bdb00d4da0a75e895717,27579a5b-d52e-4b3a-b266-e21f946cedaf
481,7,0.0,2026-08-19T05:53:09.944994+00:00,8c7e18eba1488dd5a7d4bdb00d4da0a75e895717,27579a5b-d52e-4b3a-b266-e21f946cedaf
481,8,0.0,2026-08-19T05:53:09.944994+00:00,8c7e18eba1488dd5a7d4bdb00d4da0a75e895717,27579a5b-d52e-4b3a-b266-e21f946cedaf
482,1,4.090364456176758,2026-08-19T05:53:09.944994+00:00,8c7e18eba1488dd5a7d4bdb00d4da0a75e895717,27579a5b-d52e-4b3a-b266-e21f946cedaf
482,2,3.5671370029449463,2026-08-19T05:53:09.944994+00:00,8c7e18eba1488dd5a7d4bdb00d4da0a75e895717,27579a5b-d52e-4b3a-b266-e21f946cedaf
482,3,4.03414249420166,2026-08-19T05:53:09.944994+00:00,8c7e18eba1488dd5a7d4bdb00d4da0a75e895717,27579a5b-d52e-4b3a-b266-e21f946cedaf
482,4,3.6955935955047607,2026-08-19T05:53:09.944994+00:00,8c7e18eba1488dd5a7d4bdb00d4da0a75e895717,27579a5b-d52e-4b3a-b266-e21f946cedaf
482,5,4.280890941619873,2026-08-19T05:53:09.944994+00:00,8c7e18eba1488dd5a7d4bdb00d4da0a75e895717,27579a5b-d52e-4b3a-b266-e21f946cedaf
482,6,3.8209493160247803,2026-08-19T05:53:09.944994+00:00,8c7e18eba1488dd5a7d4bdb00d4da0a75e895717,27579a5b-d52e-4b3a-b266-e21f946cedaf
482,7,3.454111337661743,2026-08-19T05:53:09.944994+00:00,8c7e18eba1488dd5a7d4bdb00d4da0a75e895717,27579a5b-d52e-4b3a-b266-e21f946cedaf
482,8,4.423122882843018,2026-08-19T05:53:09.944994+00:00,8c7e18eba1488dd5a7d4bdb00d4da0a75e895717,27579a5b-d52e-4b3a-b266-e21f946cedaf
483,1,1.1588596105575562,2026-08-19T05:53:09.944994+00:00,8c7e18eba1488dd5a7d4bdb00d4da0a75e895717,27579a5b-d52e-4b3a-b266-e21f946cedaf
483,2,1.1158581972122192,2026-08-19T05:53:09.944994+00:00,8c7e18eba1488dd5a7d4bdb00d4da0a75e895717,27579a5b-d52e-4b3a-b266-e21f946cedaf
483,3,1.1583716869354248,2026-08-19T05:53:09.944994+00:00,8c7e18eba1488dd5a7d4bdb00d4da0a75e895717,27579a5b-d52e-4b3a-b266-e21f946cedaf
483,4,1.1265777349472046,2026-08-19T05:53:09.944994+00:00,8c7e18eba1488dd5a7d4bdb00d4da0a75e895717,27579a5b-d52e-4b3a-b266-e21f946cedaf
483,5,1.1821343898773193,2026-08-19T05:53:09.944994+00:00,8c7e18eba1488dd5a7d4bdb00d4da0a75e895717,27579a5b-d52e-4b3a-b266-e21f946cedaf
483,6,1.132755994796753,2026-08-19T05:53:09.944994+00:00,8c7e18eba1488dd5a7d4bdb00d4da0a75e895717,27579a5b-d52e-4b3a-b266-e21f946cedaf
483,7,1.093794822692871,2026-08-19T05:53:09.944994+00:00,8c7e18eba1488dd5a7d4bdb00d4da0a75e895717,27579a5b-d52e-4b3a-b266-e21f946cedaf
483,8,1.196115493774414,2026-08-19T05:53:09.944994+00:00,8c7e18eba1488dd5a7d4bdb00d4da0a75e895717,27579a5b-d52e-4b3a-b266-e21f946cedaf
484,1,1.833935022354126,2026-08-19T05:53:09.944994+00:00,8c7e18eba1488dd5a7d4bdb00d4da0a75e895717,27579a5b-d52e-4b3a-b266-e21f946cedaf
484,2,1.6152794361114502,2026-08-19T05:53:09.944994+00:00,8c7e18eba1488dd5a7d4bdb00d4da0a75e895717,27579a5b-d52e-4b3a-b266-e21f946cedaf
484,3,1.8314539194107056,2026-08-19T05:53:09.944994+00:00,8c7e18eba1488dd5a7d4bdb00d4da0a75e895717,27579a5b-d52e-4b3a-b266-e21f946cedaf
484,4,1.6697869300842285,2026-08-19T05:53:09.944994+00:00,8c7e18eba1488dd5a7d4bdb00d4da0a75e895717,27579a5b-d52e-4b3a-b266-e21f946cedaf
484,5,1.952283501625061,2026-08-19T05:53:09.944994+00:00,8c7e18eba1488dd5a7d4bdb00d4da0a75e895717,27579a5b-d52e-4b3a-b266-e21f946cedaf
484,6,1.701202630996704,2026-08-19T05:53:09.944994+00:00,8c7e18eba1488dd5a7d4bdb00d4da0a75e895717,27579a5b-d52e-4b3a-b266-e21f946cedaf
484,7,1.5030909776687622,2026-08-19T05:53:09.944994+00:00,8c7e18eba1488dd5a7d4bdb00d4da0a75e895717,27579a5b-d52e-4b3a-b266-e21f946cedaf
484,8,2.0233757495880127,2026-08-19T05:53:09.944994+00:00,8c7e18eba1488dd5a7d4bdb00d4da0a75e895717,27579a5b-d52e-4b3a-b266-e21f946cedaf
485,1,1.2920548915863037,2026-08-19T05:53:09.944994+00:00,8c7e18eba1488dd5a7d4bdb00d4da0a75e895717,27579a5b-d52e-4b3a-b266-e21f946cedaf
485,2,1.2129991054534912,2026-08-19T05:53:09.944994+00:00,8c7e18eba1488dd5a7d4bdb00d4da0a75e895717,27579a5b-d52e-4b3a-b266-e21f946cedaf
485,3,1.2911579608917236,2026-08-19T05:53:09.944994+00:00,8c7e18eba1488dd5a7d4bdb00d4da0a75e895717,27579a5b-d52e-4b3a-b266-e21f946cedaf
485,4,1.2327064275741577,2026-08-19T05:53:09.944994+00:00,8c7e18eba1488dd5a7d4bdb00d4da0a75e895717,27579a5b-d52e-4b3a-b266-e21f946cedaf
485,5,1.3348443508148193,2026-08-19T05:53:09.944994+00:00,8c7e18eba1488dd5a7d4bdb00d4da0a75e895717,27579a5b-d52e-4b3a-b266-e21f946cedaf
485,6,1.2440649271011353,2026-08-19T05:53:09.944994+00:00,8c7e18eba1488dd5a7d4bdb00d4da0a75e895717,27579a5b-d52e-4b3a-b266-e21f946cedaf
485,7,1.1724368333816528,2026-08-19T05:53:09.944994+00:00,8c7e18eba1488dd5a7d4bdb00d4da0a75e895717,27579a5b-d52e-4b3a-b266-e21f946cedaf
485,8,1.3605480194091797,2026-08-19T05:53:09.944994+00:00,8c7e18eba1488dd5a7d4bdb00d4da0a75e895717,27579a5b-d52e-4b3a-b266-e21f946cedaf
486,1,1.2110610008239746,2026-08-19T05:53:09.944994+00:00,8c7e18eba1488dd5a7d4bdb00d4da0a75e895717,27579a5b-d52e-4b3a-b266-e21f946cedaf
486,2,1.1539292335510254,2026-08-19T05:53:09.944994+00:00,8c7e18eba1488dd5a7d4bdb00d4da0a75e895717,27579a5b-d52e-4b3a-b266-e21f946cedaf
486,3,1.2104127407073975,2026-08-19T05:53:09.944994+00:00,8c7e18eba1488dd5a7d4bdb00d4da0a75e895717,27579a5b-d52e-4b3a-b266-e21f946cedaf
486,4,1.1681714057922363,2026-08-19T05:53:09.944994+00:00,8c7e18eba1488dd5a7d4bdb00d4da0a75e895717,27579a5b-d52e-4b3a-b266-e21f946cedaf
486,5,1.2419838905334473,2026-08-19T05:53:09.944994+00:00,8c7e18eba1488dd5a7d4bdb00d4da0a75e895717,27579a5b-d52e-4b3a-b266-e21f946cedaf
486,6,1.1763797998428345,2026-08-19T05:53:09.944994+00:00,8c7e18eba1488dd5a7d4bdb00d4da0a75e895717,27579a5b-d52e-4b3a-b266-e21f946cedaf
486,7,1.1246159076690674,2026-08-19T05:53:09.944994+00:00,8c7e18eba1488dd5a7d4bdb00d4da0a75e895717,27579a5b-d52e-4b3a-b266-e21f946cedaf
486,8,1.260559320449829,2026-08-19T05:53:09.944994+00:00,8c7e18eba1488dd5a7d4bdb00d4da0a75e895717,27579a5b-d52e-4b3a-b266-e21f946cedaf
487,1,1.133313775062561,2026-08-19T05:53:09.944994+00:00,8c7e18eba1488dd5a7d4bdb00d4da0a75e895717,27579a5b-d52e-4b3a-b266-e21f946cedaf
487,2,1.0531127452850342,2026-08-19T05:53:09.944994+00:00,8c7e18eba1488dd5a7d4bdb00d4da0a75e895717,27579a5b-d52e-4b3a-b266-e21f946cedaf
487,3,1.1324037313461304,2026-08-19T05:53:09.944994+00:00,8c7e18eba1488dd5a7d4bdb00d4da0a75e895717,27579a5b-d52e-4b3a-b266-e21f946cedaf
487,4,1.0731055736541748,2026-08-19T05:53:09.944994+00:00,8c7e18eba1488dd5a7d4bdb00d4da0a75e895717,27579a5b-d52e-4b3a-b266-e21f946cedaf
487,5,1.1767230033874512,2026-08-19T05:53:09.944994+00:00,8c7e18eba1488dd5a7d4bdb00d4da0a75e895717,27579a5b-d52e-4b3a-b266-e21f946cedaf
487,6,1.0846285820007324,2026-08-19T05:53:09.944994+00:00,8c7e18eba1488dd5a7d4bdb00d4da0a75e895717,27579a5b-d52e-4b3a-b266-e21f946cedaf
487,7,1.011962890625,2026-08-19T05:53:09.944994+00:00,8c7e18eba1488dd5a7d4bdb00d4da0a75e895717,27579a5b-d52e-4b3a-b266-e21f946cedaf
487,8,1.2027990818023682,2026-08-19T05:53:09.944994+00:00,8c7e18eba1488dd5a7d4bdb00d4da0a75e895717,27579a5b-d52e-4b3a-b266-e21f946cedaf
488,1,3.6854734420776367,2026-08-19T05:53:09.944994+00:00,8c7e18eba1488dd5a7d4bdb00d4da0a75e895717,27579a5b-d52e-4b3a-b266-e21f946cedaf
488,2,3.2700371742248535,2026-08-19T05:53:09.944994+00:00,8c7e18eba1488dd5a7d4bdb00d4da0a75e895717,27579a5b-d52e-4b3a-b266-e21f946cedaf
488,3,3.63047456741333,2026-08-19T05:53:09.944994+00:00,8c7e18eba1488dd5a7d4bdb00d4da0a75e895717,27579a5b-d52e-4b3a-b266-e21f946cedaf
488,4,3.3716230392456055,2026-08-19T05:53:09.944994+00:00,8c7e18eba1488dd5a7d4bdb00d4da0a75e895717,27579a5b-d52e-4b3a-b266-e21f946cedaf
488,5,3.817657470703125,2026-08-19T05:53:09.944994+00:00,8c7e18eba1488dd5a7d4bdb00d4da0a75e895717,27579a5b-d52e-4b3a-b266-e21f946cedaf
488,6,3.4814915657043457,2026-08-19T05:53:09.944994+00:00,8c7e18eba1488dd5a7d4bdb00d4da0a75e895717,27579a5b-d52e-4b3a-b266-e21f946cedaf
488,7,3.2123169898986816,2026-08-19T05:53:09.944994+00:00,8c7e18eba1488dd5a7d4bdb00d4da0a75e895717,27579a5b-d52e-4b3a-b266-e21f946cedaf
488,8,3.9248433113098145,2026-08-19T05:53:09.944994+00:00,8c7e18eba1488dd5a7d4bdb00d4da0a75e895717,27579a5b-d52e-4b3a-b266-e21f946cedaf
489,1,1.224958062171936,2026-08-19T05:53:09.944994+00:00,8c7e18eba1488dd5a7d4bdb00d4da0a75e895717,27579a5b-d52e-4b3a-b266-e21f946cedaf
489,2,1.164064645767212,2026-08-19T05:53:09.944994+00:00,8c7e18eba1488dd5a7d4bdb00d4da0a75e895717,27579a5b-d52e-4b3a-b266-e21f946cedaf
489,3,1.2242671251296997,2026-08-19T05:53:09.944994+00:00,8c7e18eba1488dd5a7d4bdb00d4da0a75e895717,27579a5b-d52e-4b3a-b266-e21f946cedaf
489,4,1.1792443990707397,2026-08-19T05:53:09.944994+00:00,8c7e18eba1488dd5a7d4bdb00d4da0a75e895717,27579a5b-d52e-4b3a-b266-e21f946cedaf
489,5,1.257917046546936,2026-08-19T05:53:09.944994+00:00,8c7e18eba1488dd5a7d4bdb00d4da0a75e895717,27579a5b-d52e-4b3a-b266-e21f946cedaf
489,6,1.1879932880401611,2026-08-19T05:53:09.944994+00:00,8c7e18eba1488dd5a7d4bdb00d4da0a75e895717,27579a5b-d52e-4b3a-b266-e21f946cedaf
489,7,1.1328210830688477,2026-08-19T05:53:09.944994+00:00,8c7e18eba1488dd5a7d4bdb00d4da0a75e895717,27579a5b-d52e-4b3a-b266-e21f946cedaf
489,8,1.2777154445648193,2026-08-19T05:53:09.944994+00:00,8c7e18eba1488dd5a7d4bdb00d4da0a75e895717,27579a5b-d52e-4b3a-b266-e21f946cedaf
490,1,2.4364638328552246,2026-08-19T05:53:09.944994+00:00,8c7e18eba1488dd5a7d4bdb00d4da0a75e895717,27579a5b-d52e-4b3a-b266-e21f946cedaf
490,2,2.074152708053589,2026-08-19T05:53:09.944994+00:00,8c7e18eba1488dd5a7d4bdb00d4da0a75e895717,27579a5b-d52e-4b3a-b266-e21f946cedaf
490,3,2.4323527812957764,2026-08-19T05:53:09.944994+00:00,8c7e18eba1488dd5a7d4bdb00d4da0a75e895717,27579a5b-d52e-4b3a-b266-e21f946cedaf
490,4,2.164471387863159,2026-08-19T05:53:09.944994+00:00,8c7e18eba1488dd5a7d4bdb00d4da0a75e895717,27579a5b-d52e-4b3a-b266-e21f946cedaf
490,5,2.6325666904449463,2026-08-19T05:53:09.944994+00:00,8c7e18eba1488dd5a7d4bdb00d4da0a75e895717,27579a5b-d52e-4b3a-b266-e21f946cedaf
490,6,2.216526746749878,2026-08-19T05:53:09.944994+00:00,8c7e18eba1488dd5a7d4bdb00d4da0a75e895717,27579a5b-d52e-4b3a-b266-e21f946cedaf
490,7,1.888256311416626,2026-08-19T05:53:09.944994+00:00,8c7e18eba1488dd5a7d4bdb00d4da0a75e895717,27579a5b-d52e-4b3a-b266-e21f946cedaf
490,8,2.7503662109375,2026-08-19T05:53:09.944994+00:00,8c7e18eba1488dd5a7d4bdb00d4da0a75e895717,27579a5b-d52e-4b3a-b266-e21f946cedaf
491,1,3.9800217151641846,2026-08-19T05:53:09.944994+00:00,8c7e18eba1488dd5a7d4bdb00d4da0a75e895717,27579a5b-d52e-4b3a-b266-e21f946cedaf
491,2,3.5595836639404297,2026-08-19T05:53:09.944994+00:00,8c7e18eba1488dd5a7d4bdb00d4da0a75e895717,27579a5b-d52e-4b3a-b266-e21f946cedaf
491,3,3.9752509593963623,2026-08-19T05:53:09.944994+00:00,8c7e18eba1488dd5a7d4bdb00d4da0a75e895717,27579a5b-d52e-4b3a-b266-e21f946cedaf
491,4,3.6643922328948975,2026-08-19T05:53:09.944994+00:00,8c7e18eba1488dd5a7d4bdb00d4da0a75e895717,27579a5b-d52e-4b3a-b266-e21f946cedaf
491,5,4.207586288452148,2026-08-19T05:53:09.944994+00:00,8c7e18eba1488dd5a7d4bdb00d4da0a75e895717,27579a5b-d52e-4b3a-b266-e21f946cedaf
491,6,3.724799394607544,2026-08-19T05:53:09.944994+00:00,8c7e18eba1488dd5a7d4bdb00d4da0a75e895717,27579a5b-d52e-4b3a-b266-e21f946cedaf
491,7,3.3438637256622314,2026-08-19T05:53:09.944994+00:00,8c7e18eba1488dd5a7d4bdb00d4da0a75e895717,27579a5b-d52e-4b3a-b266-e21f946cedaf
491,8,4.344284534454346,2026-08-19T05:53:09.944994+00:00,8c7e18eba1488dd5a7d4bdb00d4da0a75e895717,27579a5b-d52e-4b3a-b266-e21f946cedaf
492,1,0.0,2026-08-19T05:53:09.944994+00:00,8c7e18eba1488dd5a7d4bdb00d4da0a75e895717,27579a5b-d52e-4b3a-b266-e21f946cedaf
492,2,0.0,2026-08-19T05:53:09.944994+00:00,8c7e18eba1488dd5a7d4bdb00d4da0a75e895717,27579a5b-d52e-4b3a-b266-e21f946cedaf
492,3,0.0,2026-08-19T05:53:09.944994+00:00,8c7e18eba1488dd5a7d4bdb00d4da0a75e895717,27579a5b-d52e-4b3a-b266-e21f946cedaf
492,4,0.0,2026-08-19T05:53:09.944994+00:00,8c7e18eba1488dd5a7d4bdb00d4da0a75e895717,27579a5b-d52e-4b3a-b266-e21f946cedaf
492,5,0.0,2026-08-19T05:53:09.944994+00:00,8c7e18eba1488dd5a7d4bdb00d4da0a75e895717,27579a5b-d52e-4b3a-b266-e21f946cedaf
492,6,0.0,2026-08-19T05:53:09.944994+00:00,8c7e18eba1488dd5a7d4bdb00d4da0a75e895717,27579a5b-d52e-4b3a-b266-e21f946cedaf
492,7,0.0,2026-08-19T05:53:09.944994+00:00,8c7e18eba1488dd5a7d4bdb00d4da0a75e895717,27579a5b-d52e-4b3a-b266-e21f946cedaf
492,8,0.0,2026-08-19T05:53:09.944994+00:00,8c7e18eba1488dd5a7d4bdb00d4da0a75e895717,27579a5b-d52e-4b3a-b266-e21f946cedaf
493,1,1.056161642074585,2026-08-19T05:53:09.944994+00:00,8c7e18eba1488dd5a7d4bdb00d4da0a75e895717,27579a5b-d52e-4b3a-b266-e21f946cedaf
493,2,1.040959358215332,2026-08-19T05:53:09.944994+00:00,8c7e18eba1488dd5a7d4bdb00d4da0a75e895717,27579a5b-d52e-4b3a-b266-e21f946cedaf
493,3,1.055989146232605,2026-08-19T05:53:09.944994+00:00,8c7e18eba1488dd5a7d4bdb00d4da0a75e895717,27579a5b-d52e-4b3a-b266-e21f946cedaf
493,4,1.0447490215301514,2026-08-19T05:53:09.944994+00:00,8c7e18eba1488dd5a7d4bdb00d4da0a75e895717,27579a5b-d52e-4b3a-b266-e21f946cedaf
493,5,1.064389944076538,2026-08-19T05:53:09.944994+00:00,8c7e18eba1488dd5a7d4bdb00d4da0a75e895717,27579a5b-d52e-4b3a-b266-e21f946cedaf
493,6,1.0469332933425903,2026-08-19T05:53:09.944994+00:00,8c7e18eba1488dd5a7d4bdb00d4da0a75e895717,27579a5b-d52e-4b3a-b266-e21f946cedaf
493,7,1.0331592559814453,2026-08-19T05:53:09.944994+00:00,8c7e18eba1488dd5a7d4bdb00d4da0a75e895717,27579a5b-d52e-4b3a-b266-e21f946cedaf
493,8,1.0693327188491821,2026-08-19T05:53:09.944994+00:00,8c7e18eba1488dd5a7d4bdb00d4da0a75e895717,27579a5b-d52e-4b3a-b266-e21f946cedaf
494,1,2.927234172821045,2026-08-19T05:53:09.944994+00:00,8c7e18eba1488dd5a7d4bdb00d4da0a75e895717,27579a5b-d52e-4b3a-b266-e21f946cedaf
494,2,3.275261402130127,2026-08-19T05:53:09.944994+00:00,8c7e18eba1488dd5a7d4bdb00d4da0a75e895717,27579a5b-d52e-4b3a-b266-e21f946cedaf
494,3,3.269942283630371,2026-08-19T05:53:09.944994+00:00,8c7e18eba1488dd5a7d4bdb00d4da0a75e895717,27579a5b-d52e-4b3a-b266-e21f946cedaf
494,4,3.6928539276123047,2026-08-19T05:53:09.944994+00:00,8c7e18eba1488dd5a7d4bdb00d4da0a75e895717,27579a5b-d52e-4b3a-b266-e21f946cedaf
494,5,3.1933541297912598,2026-08-19T05:53:09.944994+00:00,8c7e18eba1488dd5a7d4bdb00d4da0a75e895717,27579a5b-d52e-4b3a-b266-e21f946cedaf
494,6,2.789316177368164,2026-08-19T05:53:09.944994+00:00,8c7e18eba1488dd5a7d4bdb00d4da0a75e895717,27579a5b-d52e-4b3a-b266-e21f946cedaf
494,7,3.7666707038879395,2026-08-19T05:53:09.944994+00:00,8c7e18eba1488dd5a7d4bdb00d4da0a75e895717,27579a5b-d52e-4b3a-b266-e21f946cedaf
494,8,2.8458094596862793,2026-08-19T05:53:09.944994+00:00,8c7e18eba1488dd5a7d4bdb00d4da0a75e895717,27579a5b-d52e-4b3a-b266-e21f946cedaf
495,1,0.0,2026-08-19T05:53:09.944994+00:00,8c7e18eba1488dd5a7d4bdb00d4da0a75e895717,27579a5b-d52e-4b3a-b266-e21f946cedaf
495,2,0.0,2026-08-19T05:53:09.944994+00:00,8c7e18eba1488dd5a7d4bdb00d4da0a75e895717,27579a5b-d52e-4b3a-b266-e21f946cedaf
495,3,0.0,2026-08-19T05:53:09.944994+00:00,8c7e18eba1488dd5a7d4bdb00d4da0a75e895717,27579a5b-d52e-4b3a-b266-e21f946cedaf
495,4,0.0,2026-08-19T05:53:09.944994+00:00,8c7e18eba1488dd5a7d4bdb00d4da0a75e895717,27579a5b-d52e-4b3a-b266-e21f946cedaf
495,5,0.0,2026-08-19T05:53:09.944994+00:00,8c7e18eba1488dd5a7d4bdb00d4da0a75e895717,27579a5b-d52e-4b3a-b266-e21f946cedaf
495,6,0.0,2026-08-19T05:53:09.944994+00:00,8c7e18eba1488dd5a7d4bdb00d4da0a75e895717,27579a5b-d52e-4b3a-b266-e21f946cedaf
495,7,0.0,2026-08-19T05:53:09.944994+00:00,8c7e18eba1488dd5a7d4bdb00d4da0a75e895717,27579a5b-d52e-4b3a-b266-e21f946cedaf
495,8,0.0,2026-08-19T05:53:09.944994+00:00,8c7e18eba1488dd5a7d4bdb00d4da0a75e895717,27579a5b-d52e-4b3a-b266-e21f946cedaf
496,1,2.8821473121643066,2026-08-19T05:53:09.944994+00:00,8c7e18eba1488dd5a7d4bdb00d4da0a75e895717,27579a5b-d52e-4b3a-b266-e21f946cedaf
496,2,3.2168045043945312,2026-08-19T05:53:09.944994+00:00,8c7e18eba1488dd5a7d4bdb00d4da0a75e895717,27579a5b-d52e-4b3a-b266-e21f946cedaf
496,3,3.210888385772705,2026-08-19T05:53:09.944994+00:00,8c7e18eba1488dd5a7d4bdb00d4da0a75e895717,27579a5b-d52e-4b3a-b266-e21f946cedaf
496,4,3.621082305908203,2026-08-19T05:53:09.944994+00:00,8c7e18eba1488dd5a7d4bdb00d4da0a75e895717,27579a5b-d52e-4b3a-b266-e21f946cedaf
496,5,3.137535572052002,2026-08-19T05:53:09.944994+00:00,8c7e18eba1488dd5a7d4bdb00d4da0a75e895717,27579a5b-d52e-4b3a-b266-e21f946cedaf
496,6,2.7501978874206543,2026-08-19T05:53:09.944994+00:00,8c7e18eba1488dd5a7d4bdb00d4da0a75e895717,27579a5b-d52e-4b3a-b266-e21f946cedaf
496,7,3.6942834854125977,2026-08-19T05:53:09.944994+00:00,8c7e18eba1488dd5a7d4bdb00d4da0a75e895717,27579a5b-d52e-4b3a-b266-e21f946cedaf
496,8,2.8041229248046875,2026-08-19T05:53:09.944994+00:00,8c7e18eba1488dd5a7d4bdb00d4da0a75e895717,27579a5b-d52e-4b3a-b266-e21f946cedaf
497,1,0.0,2026-08-19T05:53:09.944994+00:00,8c7e18eba1488dd5a7d4bdb00d4da0a75e895717,27579a5b-d52e-4b3a-b266-e21f946cedaf
497,2,0.0,2026-08-19T05:53:09.944994+00:00,8c7e18eba1488dd5a7d4bdb00d4da0a75e895717,27579a5b-d52e-4b3a-b266-e21f946cedaf
497,3,0.0,2026-08-19T05:53:09.944994+00:00,8c7e18eba1488dd5a7d4bdb00d4da0a75e895717,27579a5b-d52e-4b3a-b266-e21f946cedaf
497,4,0.0,2026-08-19T05:53:09.944994+00:00,8c7e18eba1488dd5a7d4bdb00d4da0a75e895717,27579a5b-d52e-4b3a-b266-e21f946cedaf
497,5,0.0,2026-08-19T05:53:09.944994+00:00,8c7e18eba1488dd5a7d4bdb00d4da0a75e895717,27579a5b-d52e-4b3a-b266-e21f946cedaf
497,6,0.0,2026-08-19T05:53:09.944994+00:00,8c7e18eba1488dd5a7d4bdb00d4da0a75e895717,27579a5b-d52e-4b3a-b266-e21f946cedaf
497,7,0.0,2026-08-19T05:53:09.944994+00:00,8c7e18eba1488dd5a7d4bdb00d4da0a75e895717,27579a5b-d52e-4b3a-b266-e21f946cedaf
497,8,0.0,2026-08-19T05:53:09.944994+00:00,8c7e18eba1488dd5a7d4bdb00d4da0a75e895717,27579a5b-d52e-4b3a-b266-e21f946cedaf
498,1,0.0,2026-08-19T05:53:09.944994+00:00,8c7e18eba1488dd5a7d4bdb00d4da0a75e895717,27579a5b-d52e-4b3a-b266-e21f946cedaf
498,2,0.0,2026-08-19T05:53:09.944994+00:00,8c7e18eba1488dd5a7d4bdb00d4da0a75e895717,27579a5b-d52e-4b3a-b266-e21f946cedaf
498,3,0.0,2026-08-19T05:53:09.944994+00:00,8c7e18eba1488dd5a7d4bdb00d4da0a75e895717,27579a5b-d52e-4b3a-b266-e21f946cedaf
498,4,0.0,2026-08-19T05:53:09.944994+00:00,8c7e18eba1488dd5a7d4bdb00d4da0a75e895717,27579a5b-d52e-4b3a-b266-e21f946cedaf
498,5,0.0,2026-08-19T05:53:09.944994+00:00,8c7e18eba1488dd5a7d4bdb00d4da0a75e895717,27579a5b-d52e-4b3a-b266-e21f946cedaf
498,6,0.0,2026-08-19T05:53:09.944994+00:00,8c7e18eba1488dd5a7d4bdb00d4da0a75e895717,27579a5b-d52e-4b3a-b266-e21f946cedaf
498,7,0.0,2026-08-19T05:53:09.944994+00:00,8c7e18eba1488dd5a7d4bdb00d4da0a75e895717,27579a5b-d52e-4b3a-b266-e21f946cedaf
498,8,0.0,2026-08-19T05:53:09.944994+00:00,8c7e18eba1488dd5a7d4bdb00d4da0a75e895717,27579a5b-d52e-4b3a-b266-e21f946cedaf
499,1,3.4246487617492676,2026-08-19T05:53:09.944994+00:00,8c7e18eba1488dd5a7d4bdb00d4da0a75e895717,27579a5b-d52e-4b3a-b266-e21f946cedaf
499,2,3.8664698600769043,2026-08-19T05:53:09.944994+00:00,8c7e18eba1488dd5a7d4bdb00d4da0a75e895717,27579a5b-d52e-4b3a-b266-e21f946cedaf
499,3,3.7467007637023926,2026-08-19T05:53:09.944994+00:00,8c7e18eba1488dd5a7d4bdb00d4da0a75e895717,27579a5b-d52e-4b3a-b266-e21f946cedaf
499,4,4.298618316650391,2026-08-19T05:53:09.944994+00:00,8c7e18eba1488dd5a7d4bdb00d4da0a75e895717,27579a5b-d52e-4b3a-b266-e21f946cedaf
499,5,3.7480082511901855,2026-08-19T05:53:09.944994+00:00,8c7e18eba1488dd5a7d4bdb00d4da0a75e895717,27579a5b-d52e-4b3a-b266-e21f946cedaf
499,6,3.2325339317321777,2026-08-19T05:53:09.944994+00:00,8c7e18eba1488dd5a7d4bdb00d4da0a75e895717,27579a5b-d52e-4b3a-b266-e21f946cedaf
499,7,4.55255126953125,2026-08-19T05:53:09.944994+00:00,8c7e18eba1488dd5a7d4bdb00d4da0a75e895717,27579a5b-d52e-4b3a-b266-e21f946cedaf
499,8,3.295579433441162,2026-08-19T05:53:09.944994+00:00,8c7e18eba1488dd5a7d4bdb00d4da0a75e895717,27579a5b-d52e-4b3a-b266-e21f946cedaf
500,1,0.0,2026-08-19T05:53:09.944994+00:00,8c7e18eba1488dd5a7d4bdb00d4da0a75e895717,27579a5b-d52e-4b3a-b266-e21f946cedaf
500,2,0.0,2026-08-19T05:53:09.944994+00:00,8c7e18eba1488dd5a7d4bdb00d4da0a75e895717,27579a5b-d52e-4b3a-b266-e21f946cedaf
500,3,0.0,2026-08-19T05:53:09.944994+00:00,8c7e18eba1488dd5a7d4bdb00d4da0a75e895717,27579a5b-d52e-4b3a-b266-e21f946cedaf
500,4,0.0,2026-08-19T05:53:09.944994+00:00,8c7e18eba1488dd5a7d4bdb00d4da0a75e895717,27579a5b-d52e-4b3a-b266-e21f946cedaf
500,5,0.0,2026-08-19T05:53:09.944994+00:00,8c7e18eba1488dd5a7d4bdb00d4da0a75e895717,27579a5b-d52e-4b3a-b266-e21f946cedaf
500,6,0.0,2026-08-19T05:53:09.944994+00:00,8c7e18eba1488dd5a7d4bdb00d4da0a75e895717,27579a5b-d52e-4b3a-b266-e21f946cedaf
500,7,0.0,2026-08-19T05:53:09.944994+00:00,8c7e18eba1488dd5a7d4bdb00d4da0a75e895717,27579a5b-d52e-4b3a-b266-e21f946cedaf
500,8,0.0,2026-08-19T05:53:09.944994+00:00,8c7e18eba1488dd5a7d4bdb00d4da0a75e895717,27579a5b-d52e-4b3a-b266-e21f946cedaf
501,1,3.408097267150879,2026-08-19T05:53:09.944994+00:00,8c7e18eba1488dd5a7d4bdb00d4da0a75e895717,27579a5b-d52e-4b3a-b266-e21f946cedaf
501,2,3.7963814735412598,2026-08-19T05:53:09.944994+00:00,8c7e18eba1488dd5a7d4bdb00d4da0a75e895717,27579a5b-d52e-4b3a-b266-e21f946cedaf
501,3,3.7520828247070312,2026-08-19T05:53:09.944994+00:00,8c7e18eba1488dd5a7d4bdb00d4da0a75e895717,27579a5b-d52e-4b3a-b266-e21f946cedaf
501,4,4.226962089538574,2026-08-19T05:53:09.944994+00:00,8c7e18eba1488dd5a7d4bdb00d4da0a75e895717,27579a5b-d52e-4b3a-b266-e21f946cedaf
501,5,3.7003278732299805,2026-08-19T05:53:09.944994+00:00,8c7e18eba1488dd5a7d4bdb00d4da0a75e895717,27579a5b-d52e-4b3a-b266-e21f946cedaf
501,6,3.247972011566162,2026-08-19T05:53:09.944994+00:00,8c7e18eba1488dd5a7d4bdb00d4da0a75e895717,27579a5b-d52e-4b3a-b266-e21f946cedaf
501,7,4.3630571365356445,2026-08-19T05:53:09.944994+00:00,8c7e18eba1488dd5a7d4bdb00d4da0a75e895717,27579a5b-d52e-4b3a-b266-e21f946cedaf
501,8,3.308257579803467,2026-08-19T05:53:09.944994+00:00,8c7e18eba1488dd5a7d4bdb00d4da0a75e895717,27579a5b-d52e-4b3a-b266-e21f946cedaf
502,1,0.0,2026-08-19T05:53:09.944994+00:00,8c7e18eba1488dd5a7d4bdb00d4da0a75e895717,27579a5b-d52e-4b3a-b266-e21f946cedaf
502,2,0.0,2026-08-19T05:53:09.944994+00:00,8c7e18eba1488dd5a7d4bdb00d4da0a75e895717,27579a5b-d52e-4b3a-b266-e21f946cedaf
502,3,0.0,2026-08-19T05:53:09.944994+00:00,8c7e18eba1488dd5a7d4bdb00d4da0a75e895717,27579a5b-d52e-4b3a-b266-e21f946cedaf
502,4,0.0,2026-08-19T05:53:09.944994+00:00,8c7e18eba1488dd5a7d4bdb00d4da0a75e895717,27579a5b-d52e-4b3a-b266-e21f946cedaf
502,5,0.0,2026-08-19T05:53:09.944994+00:00,8c7e18eba1488dd5a7d4bdb00d4da0a75e895717,27579a5b-d52e-4b3a-b266-e21f946cedaf
502,6,0.0,2026-08-19T05:53:09.944994+00:00,8c7e18eba1488dd5a7d4bdb00d4da0a75e895717,27579a5b-d52e-4b3a-b266-e21f946cedaf
502,7,0.0,2026-08-19T05:53:09.944994+00:00,8c7e18eba1488dd5a7d4bdb00d4da0a75e895717,27579a5b-d52e-4b3a-b266-e21f946cedaf
502,8,0.0,2026-08-19T05:53:09.944994+00:00,8c7e18eba1488dd5a7d4bdb00d4da0a75e895717,27579a5b-d52e-4b3a-b266-e21f946cedaf
503,1,2.98172664642334,2026-08-19T05:53:09.944994+00:00,8c7e18eba1488dd5a7d4bdb00d4da0a75e895717,27579a5b-d52e-4b3a-b266-e21f946cedaf
503,2,3.378329277038574,2026-08-19T05:53:09.944994+00:00,8c7e18eba1488dd5a7d4bdb00d4da0a75e895717,27579a5b-d52e-4b3a-b266-e21f946cedaf
503,3,3.290327310562134,2026-08-19T05:53:09.944994+00:00,8c7e18eba1488dd5a7d4bdb00d4da0a75e895717,27579a5b-d52e-4b3a-b266-e21f946cedaf
503,4,3.787902355194092,2026-08-19T05:53:09.944994+00:00,8c7e18eba1488dd5a7d4bdb00d4da0a75e895717,27579a5b-d52e-4b3a-b266-e21f946cedaf
503,5,3.273930072784424,2026-08-19T05:53:09.944994+00:00,8c7e18eba1488dd5a7d4bdb00d4da0a75e895717,27579a5b-d52e-4b3a-b266-e21f946cedaf
503,6,2.8133082389831543,2026-08-19T05:53:09.944994+00:00,8c7e18eba1488dd5a7d4bdb00d4da0a75e895717,27579a5b-d52e-4b3a-b266-e21f946cedaf
503,7,3.9896886348724365,2026-08-19T05:53:09.944994+00:00,8c7e18eba1488dd5a7d4bdb00d4da0a75e895717,27579a5b-d52e-4b3a-b266-e21f946cedaf
503,8,2.8709323406219482,2026-08-19T05:53:09.944994+00:00,8c7e18eba1488dd5a7d4bdb00d4da0a75e895717,27579a5b-d52e-4b3a-b266-e21f946cedaf
504,1,0.0,2026-08-19T05:53:09.944994+00:00,8c7e18eba1488dd5a7d4bdb00d4da0a75e895717,27579a5b-d52e-4b3a-b266-e21f946cedaf
504,2,0.0,2026-08-19T05:53:09.944994+00:00,8c7e18eba1488dd5a7d4bdb00d4da0a75e895717,27579a5b-d52e-4b3a-b266-e21f946cedaf
504,3,0.0,2026-08-19T05:53:09.944994+00:00,8c7e18eba1488dd5a7d4bdb00d4da0a75e895717,27579a5b-d52e-4b3a-b266-e21f946cedaf
504,4,0.0,2026-08-19T05:53:09.944994+00:00,8c7e18eba1488dd5a7d4bdb00d4da0a75e895717,27579a5b-d52e-4b3a-b266-e21f946cedaf
504,5,0.0,2026-08-19T05:53:09.944994+00:00,8c7e18eba1488dd5a7d4bdb00d4da0a75e895717,27579a5b-d52e-4b3a-b266-e21f946cedaf
504,6,0.0,2026-08-19T05:53:09.944994+00:00,8c7e18eba1488dd5a7d4bdb00d4da0a75e895717,27579a5b-d52e-4b3a-b266-e21f946cedaf
504,7,0.0,2026-08-19T05:53:09.944994+00:00,8c7e18eba1488dd5a7d4bdb00d4da0a75e895717,27579a5b-d52e-4b3a-b266-e21f946cedaf
504,8,0.0,2026-08-19T05:53:09.944994+00:00,8c7e18eba1488dd5a7d4bdb00d4da0a75e895717,27579a5b-d52e-4b3a-b266-e21f946cedaf
505,1,0.0,2026-08-19T05:53:09.944994+00:00,8c7e18eba1488dd5a7d4bdb00d4da0a75e895717,27579a5b-d52e-4b3a-b266-e21f946cedaf
505,2,0.0,2026-08-19T05:53:09.944994+00:00,8c7e18eba1488dd5a7d4bdb00d4da0a75e895717,27579a5b-d52e-4b3a-b266-e21f946cedaf
505,3,0.0,2026-08-19T05:53:09.944994+00:00,8c7e18eba1488dd5a7d4bdb00d4da0a75e895717,27579a5b-d52e-4b3a-b266-e21f946cedaf
505,4,0.0,2026-08-19T05:53:09.944994+00:00,8c7e18eba1488dd5a7d4bdb00d4da0a75e895717,27579a5b-d52e-4b3a-b266-e21f946cedaf
505,5,0.0,2026-08-19T05:53:09.944994+00:00,8c7e18eba1488dd5a7d4bdb00d4da0a75e895717,27579a5b-d52e-4b3a-b266-e21f946cedaf
505,6,0.0,2026-08-19T05:53:09.944994+00:00,8c7e18eba1488dd5a7d4bdb00d4da0a75e895717,27579a5b-d52e-4b3a-b266-e21f946cedaf
505,7,0.0,2026-08-19T05:53:09.944994+00:00,8c7e18eba1488dd5a7d4bdb00d4da0a75e895717,27579a5b-d52e-4b3a-b266-e21f946cedaf
505,8,0.0,2026-08-19T05:53:09.944994+00:00,8c7e18eba1488dd5a7d4bdb00d4da0a75e895717,27579a5b-d52e-4b3a-b266-e21f946cedaf
506,1,2.6810379028320312,2026-08-19T05:53:09.944994+00:00,8c7e18eba1488dd5a7d4bdb00d4da0a75e895717,27579a5b-d52e-4b3a-b266-e21f946cedaf
506,2,3.0593647956848145,2026-08-19T05:53:09.944994+00:00,8c7e18eba1488dd5a7d4bdb00d4da0a75e895717,27579a5b-d52e-4b3a-b266-e21f946cedaf
506,3,3.0062685012817383,2026-08-19T05:53:09.944994+00:00,8c7e18eba1488dd5a7d4bdb00d4da0a75e895717,27579a5b-d52e-4b3a-b266-e21f946cedaf
506,4,3.474478244781494,2026-08-19T05:53:09.944994+00:00,8c7e18eba1488dd5a7d4bdb00d4da0a75e895717,27579a5b-d52e-4b3a-b266-e21f946cedaf
506,5,2.964005470275879,2026-08-19T05:53:09.944994+00:00,8c7e18eba1488dd5a7d4bdb00d4da0a75e895717,27579a5b-d52e-4b3a-b266-e21f946cedaf
506,6,2.524489641189575,2026-08-19T05:53:09.944994+00:00,8c7e18eba1488dd5a7d4bdb00d4da0a75e895717,27579a5b-d52e-4b3a-b266-e21f946cedaf
506,7,3.622490882873535,2026-08-19T05:53:09.944994+00:00,8c7e18eba1488dd5a7d4bdb00d4da0a75e895717,27579a5b-d52e-4b3a-b266-e21f946cedaf
506,8,2.5820555686950684,2026-08-19T05:53:09.944994+00:00,8c7e18eba1488dd5a7d4bdb00d4da0a75e895717,27579a5b-d52e-4b3a-b266-e21f946cedaf
507,1,0.0,2026-08-19T05:53:09.944994+00:00,8c7e18eba1488dd5a7d4bdb00d4da0a75e895717,27579a5b-d52e-4b3a-b266-e21f946cedaf
507,2,0.0,2026-08-19T05:53:09.944994+00:00,8c7e18eba1488dd5a7d4bdb00d4da0a75e895717,27579a5b-d52e-4b3a-b266-e21f946cedaf
507,3,0.0,2026-08-19T05:53:09.944994+00:00,8c7e18eba1488dd5a7d4bdb00d4da0a75e895717,27579a5b-d52e-4b3a-b266-e21f946cedaf
507,4,0.0,2026-08-19T05:53:09.944994+00:00,8c7e18eba1488dd5a7d4bdb00d4da0a75e895717,27579a5b-d52e-4b3a-b266-e21f946cedaf
507,5,0.0,2026-08-19T05:53:09.944994+00:00,8c7e18eba1488dd5a7d4bdb00d4da0a75e895717,27579a5b-d52e-4b3a-b266-e21f946cedaf
507,6,0.0,2026-08-19T05:53:09.944994+00:00,8c7e18eba1488dd5a7d4bdb00d4da0a75e895717,27579a5b-d52e-4b3a-b266-e21f946cedaf
507,7,0.0,2026-08-19T05:53:09.944994+00:00,8c7e18eba1488dd5a7d4bdb00d4da0a75e895717,27579a5b-d52e-4b3a-b266-e21f946cedaf
507,8,0.0,2026-08-19T05:53:09.944994+00:00,8c7e18eba1488dd5a7d4bdb00d4da0a75e895717,27579a5b-d52e-4b3a-b266-e21f946cedaf
508,1,0.9808682799339294,2026-08-19T05:53:09.944994+00:00,8c7e18eba1488dd5a7d4bdb00d4da0a75e895717,27579a5b-d52e-4b3a-b266-e21f946cedaf
508,2,1.010250449180603,2026-08-19T05:53:09.944994+00:00,8c7e18eba1488dd5a7d4bdb00d4da0a75e895717,27579a5b-d52e-4b3a-b266-e21f946cedaf
508,3,0.995913028717041,2026-08-19T05:53:09.944994+00:00,8c7e18eba1488dd5a7d4bdb00d4da0a75e895717,27579a5b-d52e-4b3a-b266-e21f946cedaf
508,4,1.0291095972061157,2026-08-19T05:53:09.944994+00:00,8c7e18eba1488dd5a7d4bdb00d4da0a75e895717,27579a5b-d52e-4b3a-b266-e21f946cedaf
508,5,1.0020718574523926,2026-08-19T05:53:09.944994+00:00,8c7e18eba1488dd5a7d4bdb00d4da0a75e895717,27579a5b-d52e-4b3a-b266-e21f946cedaf
508,6,0.966126024723053,2026-08-19T05:53:09.944994+00:00,8c7e18eba1488dd5a7d4bdb00d4da0a75e895717,27579a5b-d52e-4b3a-b266-e21f946cedaf
508,7,1.053652048110962,2026-08-19T05:53:09.944994+00:00,8c7e18eba1488dd5a7d4bdb00d4da0a75e895717,27579a5b-d52e-4b3a-b266-e21f946cedaf
508,8,0.9702578783035278,2026-08-19T05:53:09.944994+00:00,8c7e18eba1488dd5a7d4bdb00d4da0a75e895717,27579a5b-d52e-4b3a-b266-e21f946cedaf
509,1,0.0,2026-08-19T05:53:09.944994+00:00,8c7e18eba1488dd5a7d4bdb00d4da0a75e895717,27579a5b-d52e-4b3a-b266-e21f946cedaf
509,2,0.0,2026-08-19T05:53:09.944994+00:00,8c7e18eba1488dd5a7d4bdb00d4da0a75e895717,27579a5b-d52e-4b3a-b266-e21f946cedaf
509,3,0.0,2026-08-19T05:53:09.944994+00:00,8c7e18eba1488dd5a7d4bdb00d4da0a75e895717,27579a5b-d52e-4b3a-b266-e21f946cedaf
509,4,0.0,2026-08-19T05:53:09.944994+00:00,8c7e18eba1488dd5a7d4bdb00d4da0a75e895717,27579a5b-d52e-4b3a-b266-e21f946cedaf
509,5,0.0,2026-08-19T05:53:09.944994+00:00,8c7e18eba1488dd5a7d4bdb00d4da0a75e895717,27579a5b-d52e-4b3a-b266-e21f946cedaf
509,6,0.0,2026-08-19T05:53:09.944994+00:00,8c7e18eba1488dd5a7d4bdb00d4da0a75e895717,27579a5b-d52e-4b3a-b266-e21f946cedaf
509,7,0.0,2026-08-19T05:53:09.944994+00:00,8c7e18eba1488dd5a7d4bdb00d4da0a75e895717,27579a5b-d52e-4b3a-b266-e21f946cedaf
509,8,0.0,2026-08-19T05:53:09.944994+00:00,8c7e18eba1488dd5a7d4bdb00d4da0a75e895717,27579a5b-d52e-4b3a-b266-e21f946cedaf
510,1,0.9997994303703308,2026-08-19T05:53:09.944994+00:00,8c7e18eba1488dd5a7d4bdb00d4da0a75e895717,27579a5b-d52e-4b3a-b266-e21f946cedaf
510,2,1.0000088214874268,2026-08-19T05:53:09.944994+00:00,8c7e18eba1488dd5a7d4bdb00d4da0a75e895717,27579a5b-d52e-4b3a-b266-e21f946cedaf
510,3,0.9999145269393921,2026-08-19T05:53:09.944994+00:00,8c7e18eba1488dd5a7d4bdb00d4da0a75e895717,27579a5b-d52e-4b3a-b266-e21f946cedaf
510,4,1.0001484155654907,2026-08-19T05:53:09.944994+00:00,8c7e18eba1488dd5a7d4bdb00d4da0a75e895717,27579a5b-d52e-4b3a-b266-e21f946cedaf
510,5,0.9999517202377319,2026-08-19T05:53:09.944994+00:00,8c7e18eba1488dd5a7d4bdb00d4da0a75e895717,27579a5b-d52e-4b3a-b266-e21f946cedaf
510,6,0.9996953010559082,2026-08-19T05:53:09.944994+00:00,8c7e18eba1488dd5a7d4bdb00d4da0a75e895717,27579a5b-d52e-4b3a-b266-e21f946cedaf
510,7,1.0003117322921753,2026-08-19T05:53:09.944994+00:00,8c7e18eba1488dd5a7d4bdb00d4da0a75e895717,27579a5b-d52e-4b3a-b266-e21f946cedaf
510,8,0.9997254014015198,2026-08-19T05:53:09.944994+00:00,8c7e18eba1488dd5a7d4bdb00d4da0a75e895717,27579a5b-d52e-4b3a-b266-e21f946cedaf
511,1,0.9789920449256897,2026-08-19T05:53:09.944994+00:00,8c7e18eba1488dd5a7d4bdb00d4da0a75e895717,27579a5b-d52e-4b3a-b266-e21f946cedaf
511,2,0.9991293549537659,2026-08-19T05:53:09.944994+00:00,8c7e18eba1488dd5a7d4bdb00d4da0a75e895717,27579a5b-d52e-4b3a-b266-e21f946cedaf
511,3,0.9902634024620056,2026-08-19T05:53:09.944994+00:00,8c7e18eba1488dd5a7d4bdb00d4da0a75e895717,27579a5b-d52e-4b3a-b266-e21f946cedaf
511,4,1.0126928091049194,2026-08-19T05:53:09.944994+00:00,8c7e18eba1488dd5a7d4bdb00d4da0a75e895717,27579a5b-d52e-4b3a-b266-e21f946cedaf
511,5,0.9936701655387878,2026-08-19T05:53:09.944994+00:00,8c7e18eba1488dd5a7d4bdb00d4da0a75e895717,27579a5b-d52e-4b3a-b266-e21f946cedaf
511,6,0.9689881205558777,2026-08-19T05:53:09.944994+00:00,8c7e18eba1488dd5a7d4bdb00d4da0a75e895717,27579a5b-d52e-4b3a-b266-e21f946cedaf
511,7,1.0280903577804565,2026-08-19T05:53:09.944994+00:00,8c7e18eba1488dd5a7d4bdb00d4da0a75e895717,27579a5b-d52e-4b3a-b266-e21f946cedaf
511,8,0.9719127416610718,2026-08-19T05:53:09.944994+00:00,8c7e18eba1488dd5a7d4bdb00d4da0a75e895717,27579a5b-d52e-4b3a-b266-e21f946cedaf
512,1,3.588071584701538,2026-08-19T05:53:09.944994+00:00,8c7e18eba1488dd5a7d4bdb00d4da0a75e895717,27579a5b-d52e-4b3a-b266-e21f946cedaf
512,2,3.7728374004364014,2026-08-19T05:53:09.944994+00:00,8c7e18eba1488dd5a7d4bdb00d4da0a75e895717,27579a5b-d52e-4b3a-b266-e21f946cedaf
512,3,3.5635886192321777,2026-08-19T05:53:09.944994+00:00,8c7e18eba1488dd5a7d4bdb00d4da0a75e895717,27579a5b-d52e-4b3a-b266-e21f946cedaf
512,4,3.833503246307373,2026-08-19T05:53:09.944994+00:00,8c7e18eba1488dd5a7d4bdb00d4da0a75e895717,27579a5b-d52e-4b3a-b266-e21f946cedaf
512,5,3.7007803916931152,2026-08-19T05:53:09.944994+00:00,8c7e18eba1488dd5a7d4bdb00d4da0a75e895717,27579a5b-d52e-4b3a-b266-e21f946cedaf
512,6,3.4878957271575928,2026-08-19T05:53:09.944994+00:00,8c7e18eba1488dd5a7d4bdb00d4da0a75e895717,27579a5b-d52e-4b3a-b266-e21f946cedaf
512,7,4.171017169952393,2026-08-19T05:53:09.944994+00:00,8c7e18eba1488dd5a7d4bdb00d4da0a75e895717,27579a5b-d52e-4b3a-b266-e21f946cedaf
512,8,3.500281810760498,2026-08-19T05:53:09.944994+00:00,8c7e18eba1488dd5a7d4bdb00d4da0a75e895717,27579a5b-d52e-4b3a-b266-e21f946cedaf
513,1,0.0,2026-08-19T05:53:09.944994+00:00,8c7e18eba1488dd5a7d4bdb00d4da0a75e895717,27579a5b-d52e-4b3a-b266-e21f946cedaf
513,2,0.0,2026-08-19T05:53:09.944994+00:00,8c7e18eba1488dd5a7d4bdb00d4da0a75e895717,27579a5b-d52e-4b3a-b266-e21f946cedaf
513,3,0.0,2026-08-19T05:53:09.944994+00:00,8c7e18eba1488dd5a7d4bdb00d4da0a75e895717,27579a5b-d52e-4b3a-b266-e21f946cedaf
513,4,0.0,2026-08-19T05:53:09.944994+00:00,8c7e18eba1488dd5a7d4bdb00d4da0a75e895717,27579a5b-d52e-4b3a-b266-e21f946cedaf
513,5,0.0,2026-08-19T05:53:09.944994+00:00,8c7e18eba1488dd5a7d4bdb00d4da0a75e895717,27579a5b-d52e-4b3a-b266-e21f946cedaf
513,6,0.0,2026-08-19T05:53:09.944994+00:00,8c7e18eba1488dd5a7d4bdb00d4da0a75e895717,27579a5b-d52e-4b3a-b266-e21f946cedaf
513,7,0.0,2026-08-19T05:53:09.944994+00:00,8c7e18eba1488dd5a7d4bdb00d4da0a75e895717,27579a5b-d52e-4b3a-b266-e21f946cedaf
513,8,0.0,2026-08-19T05:53:09.944994+00:00,8c7e18eba1488dd5a7d4bdb00d4da0a75e895717,27579a5b-d52e-4b3a-b266-e21f946cedaf
514,1,3.690242290496826,2026-08-19T05:53:09.944994+00:00,8c7e18eba1488dd5a7d4bdb00d4da0a75e895717,27579a5b-d52e-4b3a-b266-e21f946cedaf
514,2,3.867694854736328,2026-08-19T05:53:09.944994+00:00,8c7e18eba1488dd5a7d4bdb00d4da0a75e895717,27579a5b-d52e-4b3a-b266-e21f946cedaf
514,3,3.6705899238586426,2026-08-19T05:53:09.944994+00:00,8c7e18eba1488dd5a7d4bdb00d4da0a75e895717,27579a5b-d52e-4b3a-b266-e21f946cedaf
514,4,3.929365634918213,2026-08-19T05:53:09.944994+00:00,8c7e18eba1488dd5a7d4bdb00d4da0a75e895717,27579a5b-d52e-4b3a-b266-e21f946cedaf
514,5,3.798977851867676,2026-08-19T05:53:09.944994+00:00,8c7e18eba1488dd5a7d4bdb00d4da0a75e895717,27579a5b-d52e-4b3a-b266-e21f946cedaf
514,6,3.5946269035339355,2026-08-19T05:53:09.944994+00:00,8c7e18eba1488dd5a7d4bdb00d4da0a75e895717,27579a5b-d52e-4b3a-b266-e21f946cedaf
514,7,4.248064994812012,2026-08-19T05:53:09.944994+00:00,8c7e18eba1488dd5a7d4bdb00d4da0a75e895717,27579a5b-d52e-4b3a-b266-e21f946cedaf
514,8,3.606813430786133,2026-08-19T05:53:09.944994+00:00,8c7e18eba1488dd5a7d4bdb00d4da0a75e895717,27579a5b-d52e-4b3a-b266-e21f946cedaf
515,1,1.07267165184021,2026-08-19T05:53:09.944994+00:00,8c7e18eba1488dd5a7d4bdb00d4da0a75e895717,27579a5b-d52e-4b3a-b266-e21f946cedaf
515,2,1.0807561874389648,2026-08-19T05:53:09.944994+00:00,8c7e18eba1488dd5a7d4bdb00d4da0a75e895717,27579a5b-d52e-4b3a-b266-e21f946cedaf
515,3,1.067332148551941,2026-08-19T05:53:09.944994+00:00,8c7e18eba1488dd5a7d4bdb00d4da0a75e895717,27579a5b-d52e-4b3a-b266-e21f946cedaf
515,4,1.0796456336975098,2026-08-19T05:53:09.944994+00:00,8c7e18eba1488dd5a7d4bdb00d4da0a75e895717,27579a5b-d52e-4b3a-b266-e21f946cedaf
515,5,1.077064037322998,2026-08-19T05:53:09.944994+00:00,8c7e18eba1488dd5a7d4bdb00d4da0a75e895717,27579a5b-d52e-4b3a-b266-e21f946cedaf
515,6,1.067630410194397,2026-08-19T05:53:09.944994+00:00,8c7e18eba1488dd5a7d4bdb00d4da0a75e895717,27579a5b-d52e-4b3a-b266-e21f946cedaf
515,7,1.1004441976547241,2026-08-19T05:53:09.944994+00:00,8c7e18eba1488dd5a7d4bdb00d4da0a75e895717,27579a5b-d52e-4b3a-b266-e21f946cedaf
515,8,1.0678510665893555,2026-08-19T05:53:09.944994+00:00,8c7e18eba1488dd5a7d4bdb00d4da0a75e895717,27579a5b-d52e-4b3a-b266-e21f946cedaf
516,1,3.5230519771575928,2026-08-19T05:53:09.944994+00:00,8c7e18eba1488dd5a7d4bdb00d4da0a75e895717,27579a5b-d52e-4b3a-b266-e21f946cedaf
516,2,3.6413798332214355,2026-08-19T05:53:09.944994+00:00,8c7e18eba1488dd5a7d4bdb00d4da0a75e895717,27579a5b-d52e-4b3a-b266-e21f946cedaf
516,3,3.542447805404663,2026-08-19T05:53:09.944994+00:00,8c7e18eba1488dd5a7d4bdb00d4da0a75e895717,27579a5b-d52e-4b3a-b266-e21f946cedaf
516,4,3.711172580718994,2026-08-19T05:53:09.944994+00:00,8c7e18eba1488dd5a7d4bdb00d4da0a75e895717,27579a5b-d52e-4b3a-b266-e21f946cedaf
516,5,3.5996639728546143,2026-08-19T05:53:09.944994+00:00,8c7e18eba1488dd5a7d4bdb00d4da0a75e895717,27579a5b-d52e-4b3a-b266-e21f946cedaf
516,6,3.4643044471740723,2026-08-19T05:53:09.944994+00:00,8c7e18eba1488dd5a7d4bdb00d4da0a75e895717,27579a5b-d52e-4b3a-b266-e21f946cedaf
516,7,3.8777663707733154,2026-08-19T05:53:09.944994+00:00,8c7e18eba1488dd5a7d4bdb00d4da0a75e895717,27579a5b-d52e-4b3a-b266-e21f946cedaf
516,8,3.4748764038085938,2026-08-19T05:53:09.944994+00:00,8c7e18eba1488dd5a7d4bdb00d4da0a75e895717,27579a5b-d52e-4b3a-b266-e21f946cedaf
517,1,0.0,2026-08-19T05:53:09.944994+00:00,8c7e18eba1488dd5a7d4bdb00d4da0a75e895717,27579a5b-d52e-4b3a-b266-e21f946cedaf
517,2,0.0,2026-08-19T05:53:09.944994+00:00,8c7e18eba1488dd5a7d4bdb00d4da0a75e895717,27579a5b-d52e-4b3a-b266-e21f946cedaf
517,3,0.0,2026-08-19T05:53:09.944994+00:00,8c7e18eba1488dd5a7d4bdb00d4da0a75e895717,27579a5b-d52e-4b3a-b266-e21f946cedaf
517,4,0.0,2026-08-19T05:53:09.944994+00:00,8c7e18eba1488dd5a7d4bdb00d4da0a75e895717,27579a5b-d52e-4b3a-b266-e21f946cedaf
517,5,0.0,2026-08-19T05:53:09.944994+00:00,8c7e18eba1488dd5a7d4bdb00d4da0a75e895717,27579a5b-d52e-4b3a-b266-e21f946cedaf
517,6,0.0,2026-08-19T05:53:09.944994+00:00,8c7e18eba1488dd5a7d4bdb00d4da0a75e895717,27579a5b-d52e-4b3a-b266-e21f946cedaf
517,7,0.0,2026-08-19T05:53:09.944994+00:00,8c7e18eba1488dd5a7d4bdb00d4da0a75e895717,27579a5b-d52e-4b3a-b266-e21f946cedaf
517,8,0.0,2026-08-19T05:53:09.944994+00:00,8c7e18eba1488dd5a7d4bdb00d4da0a75e895717,27579a5b-d52e-4b3a-b266-e21f946cedaf
518,1,1.4072930812835693,2026-08-19T05:53:09.944994+00:00,8c7e18eba1488dd5a7d4bdb00d4da0a75e895717,27579a5b-d52e-4b3a-b266-e21f946cedaf
518,2,1.4708356857299805,2026-08-19T05:53:09.944994+00:00,8c7e18eba1488dd5a7d4bdb00d4da0a75e895717,27579a5b-d52e-4b3a-b266-e21f946cedaf
518,3,1.3653265237808228,2026-08-19T05:53:09.944994+00:00,8c7e18eba1488dd5a7d4bdb00d4da0a75e895717,27579a5b-d52e-4b3a-b266-e21f946cedaf
518,4,1.462106466293335,2026-08-19T05:53:09.944994+00:00,8c7e18eba1488dd5a7d4bdb00d4da0a75e895717,27579a5b-d52e-4b3a-b266-e21f946cedaf
518,5,1.4418165683746338,2026-08-19T05:53:09.944994+00:00,8c7e18eba1488dd5a7d4bdb00d4da0a75e895717,27579a5b-d52e-4b3a-b266-e21f946cedaf
518,6,1.3676701784133911,2026-08-19T05:53:09.944994+00:00,8c7e18eba1488dd5a7d4bdb00d4da0a75e895717,27579a5b-d52e-4b3a-b266-e21f946cedaf
518,7,1.6255782842636108,2026-08-19T05:53:09.944994+00:00,8c7e18eba1488dd5a7d4bdb00d4da0a75e895717,27579a5b-d52e-4b3a-b266-e21f946cedaf
518,8,1.3694052696228027,2026-08-19T05:53:09.944994+00:00,8c7e18eba1488dd5a7d4bdb00d4da0a75e895717,27579a5b-d52e-4b3a-b266-e21f946cedaf
519,1,3.322772264480591,2026-08-19T05:53:09.944994+00:00,8c7e18eba1488dd5a7d4bdb00d4da0a75e895717,27579a5b-d52e-4b3a-b266-e21f946cedaf
519,2,3.4652671813964844,2026-08-19T05:53:09.944994+00:00,8c7e18eba1488dd5a7d4bdb00d4da0a75e895717,27579a5b-d52e-4b3a-b266-e21f946cedaf
519,3,3.326206922531128,2026-08-19T05:53:09.944994+00:00,8c7e18eba1488dd5a7d4bdb00d4da0a75e895717,27579a5b-d52e-4b3a-b266-e21f946cedaf
519,4,3.5317399501800537,2026-08-19T05:53:09.944994+00:00,8c7e18eba1488dd5a7d4bdb00d4da0a75e895717,27579a5b-d52e-4b3a-b266-e21f946cedaf
519,5,3.4125146865844727,2026-08-19T05:53:09.944994+00:00,8c7e18eba1488dd5a7d4bdb00d4da0a75e895717,27579a5b-d52e-4b3a-b266-e21f946cedaf
519,6,3.248955249786377,2026-08-19T05:53:09.944994+00:00,8c7e18eba1488dd5a7d4bdb00d4da0a75e895717,27579a5b-d52e-4b3a-b266-e21f946cedaf
519,7,3.760507106781006,2026-08-19T05:53:09.944994+00:00,8c7e18eba1488dd5a7d4bdb00d4da0a75e895717,27579a5b-d52e-4b3a-b266-e21f946cedaf
519,8,3.2601869106292725,2026-08-19T05:53:09.944994+00:00,8c7e18eba1488dd5a7d4bdb00d4da0a75e895717,27579a5b-d52e-4b3a-b266-e21f946cedaf
520,1,1.2843847274780273,2026-08-19T05:53:09.944994+00:00,8c7e18eba1488dd5a7d4bdb00d4da0a75e895717,27579a5b-d52e-4b3a-b266-e21f946cedaf
520,2,1.3160220384597778,2026-08-19T05:53:09.944994+00:00,8c7e18eba1488dd5a7d4bdb00d4da0a75e895717,27579a5b-d52e-4b3a-b266-e21f946cedaf
520,3,1.2634902000427246,2026-08-19T05:53:09.944994+00:00,8c7e18eba1488dd5a7d4bdb00d4da0a75e895717,27579a5b-d52e-4b3a-b266-e21f946cedaf
520,4,1.3116759061813354,2026-08-19T05:53:09.944994+00:00,8c7e18eba1488dd5a7d4bdb00d4da0a75e895717,27579a5b-d52e-4b3a-b266-e21f946cedaf
520,5,1.3015737533569336,2026-08-19T05:53:09.944994+00:00,8c7e18eba1488dd5a7d4bdb00d4da0a75e895717,27579a5b-d52e-4b3a-b266-e21f946cedaf
520,6,1.2646570205688477,2026-08-19T05:53:09.944994+00:00,8c7e18eba1488dd5a7d4bdb00d4da0a75e895717,27579a5b-d52e-4b3a-b266-e21f946cedaf
520,7,1.3930668830871582,2026-08-19T05:53:09.944994+00:00,8c7e18eba1488dd5a7d4bdb00d4da0a75e895717,27579a5b-d52e-4b3a-b266-e21f946cedaf
520,8,1.2655208110809326,2026-08-19T05:53:09.944994+00:00,8c7e18eba1488dd5a7d4bdb00d4da0a75e895717,27579a5b-d52e-4b3a-b266-e21f946cedaf
521,1,0.0,2026-08-19T05:53:09.944994+00:00,8c7e18eba1488dd5a7d4bdb00d4da0a75e895717,27579a5b-d52e-4b3a-b266-e21f946cedaf
521,2,0.0,2026-08-19T05:53:09.944994+00:00,8c7e18eba1488dd5a7d4bdb00d4da0a75e895717,27579a5b-d52e-4b3a-b266-e21f946cedaf
521,3,0.0,2026-08-19T05:53:09.944994+00:00,8c7e18eba1488dd5a7d4bdb00d4da0a75e895717,27579a5b-d52e-4b3a-b266-e21f946cedaf
521,4,0.0,2026-08-19T05:53:09.944994+00:00,8c7e18eba1488dd5a7d4bdb00d4da0a75e895717,27579a5b-d52e-4b3a-b266-e21f946cedaf
521,5,0.0,2026-08-19T05:53:09.944994+00:00,8c7e18eba1488dd5a7d4bdb00d4da0a75e895717,27579a5b-d52e-4b3a-b266-e21f946cedaf
521,6,0.0,2026-08-19T05:53:09.944994+00:00,8c7e18eba1488dd5a7d4bdb00d4da0a75e895717,27579a5b-d52e-4b3a-b266-e21f946cedaf
521,7,0.0,2026-08-19T05:53:09.944994+00:00,8c7e18eba1488dd5a7d4bdb00d4da0a75e895717,27579a5b-d52e-4b3a-b266-e21f946cedaf
521,8,0.0,2026-08-19T05:53:09.944994+00:00,8c7e18eba1488dd5a7d4bdb00d4da0a75e895717,27579a5b-d52e-4b3a-b266-e21f946cedaf
522,1,1.2235158681869507,2026-08-19T05:53:09.944994+00:00,8c7e18eba1488dd5a7d4bdb00d4da0a75e895717,27579a5b-d52e-4b3a-b266-e21f946cedaf
522,2,1.2582899332046509,2026-08-19T05:53:09.944994+00:00,8c7e18eba1488dd5a7d4bdb00d4da0a75e895717,27579a5b-d52e-4b3a-b266-e21f946cedaf
522,3,1.2005494832992554,2026-08-19T05:53:09.944994+00:00,8c7e18eba1488dd5a7d4bdb00d4da0a75e895717,27579a5b-d52e-4b3a-b266-e21f946cedaf
522,4,1.2535128593444824,2026-08-19T05:53:09.944994+00:00,8c7e18eba1488dd5a7d4bdb00d4da0a75e895717,27579a5b-d52e-4b3a-b266-e21f946cedaf
522,5,1.242409110069275,2026-08-19T05:53:09.944994+00:00,8c7e18eba1488dd5a7d4bdb00d4da0a75e895717,27579a5b-d52e-4b3a-b266-e21f946cedaf
522,6,1.2018320560455322,2026-08-19T05:53:09.944994+00:00,8c7e18eba1488dd5a7d4bdb00d4da0a75e895717,27579a5b-d52e-4b3a-b266-e21f946cedaf
522,7,1.3429735898971558,2026-08-19T05:53:09.944994+00:00,8c7e18eba1488dd5a7d4bdb00d4da0a75e895717,27579a5b-d52e-4b3a-b266-e21f946cedaf
522,8,1.2027815580368042,2026-08-19T05:53:09.944994+00:00,8c7e18eba1488dd5a7d4bdb00d4da0a75e895717,27579a5b-d52e-4b3a-b266-e21f946cedaf
523,1,0.0,2026-08-19T05:53:09.944994+00:00,8c7e18eba1488dd5a7d4bdb00d4da0a75e895717,27579a5b-d52e-4b3a-b266-e21f946cedaf
523,2,0.0,2026-08-19T05:53:09.944994+00:00,8c7e18eba1488dd5a7d4bdb00d4da0a75e895717,27579a5b-d52e-4b3a-b266-e21f946cedaf
523,3,0.0,2026-08-19T05:53:09.944994+00:00,8c7e18eba1488dd5a7d4bdb00d4da0a75e895717,27579a5b-d52e-4b3a-b266-e21f946cedaf
523,4,0.0,2026-08-19T05:53:09.944994+00:00,8c7e18eba1488dd5a7d4bdb00d4da0a75e895717,27579a5b-d52e-4b3a-b266-e21f946cedaf
523,5,0.0,2026-08-19T05:53:09.944994+00:00,8c7e18eba1488dd5a7d4bdb00d4da0a75e895717,27579a5b-d52e-4b3a-b266-e21f946cedaf
523,6,0.0,2026-08-19T05:53:09.944994+00:00,8c7e18eba1488dd5a7d4bdb00d4da0a75e895717,27579a5b-d52e-4b3a-b266-e21f946cedaf
523,7,0.0,2026-08-19T05:53:09.944994+00:00,8c7e18eba1488dd5a7d4bdb00d4da0a75e895717,27579a5b-d52e-4b3a-b266-e21f946cedaf
523,8,0.0,2026-08-19T05:53:09.944994+00:00,8c7e18eba1488dd5a7d4bdb00d4da0a75e895717,27579a5b-d52e-4b3a-b266-e21f946cedaf
524,1,1.0180165767669678,2026-08-19T05:53:09.944994+00:00,8c7e18eba1488dd5a7d4bdb00d4da0a75e895717,27579a5b-d52e-4b3a-b266-e21f946cedaf
524,2,1.0200209617614746,2026-08-19T05:53:09.944994+00:00,8c7e18eba1488dd5a7d4bdb00d4da0a75e895717,27579a5b-d52e-4b3a-b266-e21f946cedaf
524,3,1.016692876815796,2026-08-19T05:53:09.944994+00:00,8c7e18eba1488dd5a7d4bdb00d4da0a75e895717,27579a5b-d52e-4b3a-b266-e21f946cedaf
524,4,1.0197455883026123,2026-08-19T05:53:09.944994+00:00,8c7e18eba1488dd5a7d4bdb00d4da0a75e895717,27579a5b-d52e-4b3a-b266-e21f946cedaf
524,5,1.0191055536270142,2026-08-19T05:53:09.944994+00:00,8c7e18eba1488dd5a7d4bdb00d4da0a75e895717,27579a5b-d52e-4b3a-b266-e21f946cedaf
524,6,1.0167667865753174,2026-08-19T05:53:09.944994+00:00,8c7e18eba1488dd5a7d4bdb00d4da0a75e895717,27579a5b-d52e-4b3a-b266-e21f946cedaf
524,7,1.0249018669128418,2026-08-19T05:53:09.944994+00:00,8c7e18eba1488dd5a7d4bdb00d4da0a75e895717,27579a5b-d52e-4b3a-b266-e21f946cedaf
524,8,1.0168215036392212,2026-08-19T05:53:09.944994+00:00,8c7e18eba1488dd5a7d4bdb00d4da0a75e895717,27579a5b-d52e-4b3a-b266-e21f946cedaf
525,1,0.0,2026-08-19T05:53:09.944994+00:00,8c7e18eba1488dd5a7d4bdb00d4da0a75e895717,27579a5b-d52e-4b3a-b266-e21f946cedaf
525,2,0.0,2026-08-19T05:53:09.944994+00:00,8c7e18eba1488dd5a7d4bdb00d4da0a75e895717,27579a5b-d52e-4b3a-b266-e21f946cedaf
525,3,0.0,2026-08-19T05:53:09.944994+00:00,8c7e18eba1488dd5a7d4bdb00d4da0a75e895717,27579a5b-d52e-4b3a-b266-e21f946cedaf
525,4,0.0,2026-08-19T05:53:09.944994+00:00,8c7e18eba1488dd5a7d4bdb00d4da0a75e895717,27579a5b-d52e-4b3a-b266-e21f946cedaf
525,5,0.0,2026-08-19T05:53:09.944994+00:00,8c7e18eba1488dd5a7d4bdb00d4da0a75e895717,27579a5b-d52e-4b3a-b266-e21f946cedaf
525,6,0.0,2026-08-19T05:53:09.944994+00:00,8c7e18eba1488dd5a7d4bdb00d4da0a75e895717,27579a5b-d52e-4b3a-b266-e21f946cedaf
525,7,0.0,2026-08-19T05:53:09.944994+00:00,8c7e18eba1488dd5a7d4bdb00d4da0a75e895717,27579a5b-d52e-4b3a-b266-e21f946cedaf
525,8,0.0,2026-08-19T05:53:09.944994+00:00,8c7e18eba1488dd5a7d4bdb00d4da0a75e895717,27579a5b-d52e-4b3a-b266-e21f946cedaf
526,1,3.622560501098633,2026-08-19T05:53:09.944994+00:00,8c7e18eba1488dd5a7d4bdb00d4da0a75e895717,27579a5b-d52e-4b3a-b266-e21f946cedaf
526,2,3.7655391693115234,2026-08-19T05:53:09.944994+00:00,8c7e18eba1488dd5a7d4bdb00d4da0a75e895717,27579a5b-d52e-4b3a-b266-e21f946cedaf
526,3,3.5281307697296143,2026-08-19T05:53:09.944994+00:00,8c7e18eba1488dd5a7d4bdb00d4da0a75e895717,27579a5b-d52e-4b3a-b266-e21f946cedaf
526,4,3.7458977699279785,2026-08-19T05:53:09.944994+00:00,8c7e18eba1488dd5a7d4bdb00d4da0a75e895717,27579a5b-d52e-4b3a-b266-e21f946cedaf
526,5,3.700242757797241,2026-08-19T05:53:09.944994+00:00,8c7e18eba1488dd5a7d4bdb00d4da0a75e895717,27579a5b-d52e-4b3a-b266-e21f946cedaf
526,6,3.5334038734436035,2026-08-19T05:53:09.944994+00:00,8c7e18eba1488dd5a7d4bdb00d4da0a75e895717,27579a5b-d52e-4b3a-b266-e21f946cedaf
526,7,4.113729476928711,2026-08-19T05:53:09.944994+00:00,8c7e18eba1488dd5a7d4bdb00d4da0a75e895717,27579a5b-d52e-4b3a-b266-e21f946cedaf
526,8,3.5373082160949707,2026-08-19T05:53:09.944994+00:00,8c7e18eba1488dd5a7d4bdb00d4da0a75e895717,27579a5b-d52e-4b3a-b266-e21f946cedaf
527,1,4.073751926422119,2026-08-19T05:53:09.944994+00:00,8c7e18eba1488dd5a7d4bdb00d4da0a75e895717,27579a5b-d52e-4b3a-b266-e21f946cedaf
527,2,4.25184965133667,2026-08-19T05:53:09.944994+00:00,8c7e18eba1488dd5a7d4bdb00d4da0a75e895717,27579a5b-d52e-4b3a-b266-e21f946cedaf
527,3,3.956127882003784,2026-08-19T05:53:09.944994+00:00,8c7e18eba1488dd5a7d4bdb00d4da0a75e895717,27579a5b-d52e-4b3a-b266-e21f946cedaf
527,4,4.227384090423584,2026-08-19T05:53:09.944994+00:00,8c7e18eba1488dd5a7d4bdb00d4da0a75e895717,27579a5b-d52e-4b3a-b266-e21f946cedaf
527,5,4.170515060424805,2026-08-19T05:53:09.944994+00:00,8c7e18eba1488dd5a7d4bdb00d4da0a75e895717,27579a5b-d52e-4b3a-b266-e21f946cedaf
527,6,3.9626967906951904,2026-08-19T05:53:09.944994+00:00,8c7e18eba1488dd5a7d4bdb00d4da0a75e895717,27579a5b-d52e-4b3a-b266-e21f946cedaf
527,7,4.685564041137695,2026-08-19T05:53:09.944994+00:00,8c7e18eba1488dd5a7d4bdb00d4da0a75e895717,27579a5b-d52e-4b3a-b266-e21f946cedaf
527,8,3.967559576034546,2026-08-19T05:53:09.944994+00:00,8c7e18eba1488dd5a7d4bdb00d4da0a75e895717,27579a5b-d52e-4b3a-b266-e21f946cedaf
528,1,1.015652060508728,2026-08-19T05:53:09.944994+00:00,8c7e18eba1488dd5a7d4bdb00d4da0a75e895717,27579a5b-d52e-4b3a-b266-e21f946cedaf
528,2,1.0173933506011963,2026-08-19T05:53:09.944994+00:00,8c7e18eba1488dd5a7d4bdb00d4da0a75e895717,27579a5b-d52e-4b3a-b266-e21f946cedaf
528,3,1.0145020484924316,2026-08-19T05:53:09.944994+00:00,8c7e18eba1488dd5a7d4bdb00d4da0a75e895717,27579a5b-d52e-4b3a-b266-e21f946cedaf
528,4,1.0171540975570679,2026-08-19T05:53:09.944994+00:00,8c7e18eba1488dd5a7d4bdb00d4da0a75e895717,27579a5b-d52e-4b3a-b266-e21f946cedaf
528,5,1.016598105430603,2026-08-19T05:53:09.944994+00:00,8c7e18eba1488dd5a7d4bdb00d4da0a75e895717,27579a5b-d52e-4b3a-b266-e21f946cedaf
528,6,1.0145663022994995,2026-08-19T05:53:09.944994+00:00,8c7e18eba1488dd5a7d4bdb00d4da0a75e895717,27579a5b-d52e-4b3a-b266-e21f946cedaf
528,7,1.0216337442398071,2026-08-19T05:53:09.944994+00:00,8c7e18eba1488dd5a7d4bdb00d4da0a75e895717,27579a5b-d52e-4b3a-b266-e21f946cedaf
528,8,1.0146138668060303,2026-08-19T05:53:09.944994+00:00,8c7e18eba1488dd5a7d4bdb00d4da0a75e895717,27579a5b-d52e-4b3a-b266-e21f946cedaf
529,1,4.331148147583008,2026-08-19T05:53:09.944994+00:00,8c7e18eba1488dd5a7d4bdb00d4da0a75e895717,27579a5b-d52e-4b3a-b266-e21f946cedaf
529,2,3.9143900871276855,2026-08-19T05:53:09.944994+00:00,8c7e18eba1488dd5a7d4bdb00d4da0a75e895717,27579a5b-d52e-4b3a-b266-e21f946cedaf
529,3,3.3047351837158203,2026-08-19T05:53:09.944994+00:00,8c7e18eba1488dd5a7d4bdb00d4da0a75e895717,27579a5b-d52e-4b3a-b266-e21f946cedaf
529,4,3.199939727783203,2026-08-19T05:53:09.944994+00:00,8c7e18eba1488dd5a7d4bdb00d4da0a75e895717,27579a5b-d52e-4b3a-b266-e21f946cedaf
529,5,2.7712507247924805,2026-08-19T05:53:09.944994+00:00,8c7e18eba1488dd5a7d4bdb00d4da0a75e895717,27579a5b-d52e-4b3a-b266-e21f946cedaf
529,6,3.7293715476989746,2026-08-19T05:53:09.944994+00:00,8c7e18eba1488dd5a7d4bdb00d4da0a75e895717,27579a5b-d52e-4b3a-b266-e21f946cedaf
529,7,3.521836757659912,2026-08-19T05:53:09.944994+00:00,8c7e18eba1488dd5a7d4bdb00d4da0a75e895717,27579a5b-d52e-4b3a-b266-e21f946cedaf
529,8,4.045095920562744,2026-08-19T05:53:09.944994+00:00,8c7e18eba1488dd5a7d4bdb00d4da0a75e895717,27579a5b-d52e-4b3a-b266-e21f946cedaf
530,1,0.0,2026-08-19T05:53:09.944994+00:00,8c7e18eba1488dd5a7d4bdb00d4da0a75e895717,27579a5b-d52e-4b3a-b266-e21f946cedaf
530,2,0.0,2026-08-19T05:53:09.944994+00:00,8c7e18eba1488dd5a7d4bdb00d4da0a75e895717,27579a5b-d52e-4b3a-b266-e21f946cedaf
530,3,0.0,2026-08-19T05:53:09.944994+00:00,8c7e18eba1488dd5a7d4bdb00d4da0a75e895717,27579a5b-d52e-4b3a-b266-e21f946cedaf
530,4,0.0,2026-08-19T05:53:09.944994+00:00,8c7e18eba1488dd5a7d4bdb00d4da0a75e895717,27579a5b-d52e-4b3a-b266-e21f946cedaf
530,5,0.0,2026-08-19T05:53:09.944994+00:00,8c7e18eba1488dd5a7d4bdb00d4da0a75e895717,27579a5b-d52e-4b3a-b266-e21f946cedaf
530,6,0.0,2026-08-19T05:53:09.944994+00:00,8c7e18eba1488dd5a7d4bdb00d4da0a75e895717,27579a5b-d52e-4b3a-b266-e21f946cedaf
530,7,0.0,2026-08-19T05:53:09.944994+00:00,8c7e18eba1488dd5a7d4bdb00d4da0a75e895717,27579a5b-d52e-4b3a-b266-e21f946cedaf
530,8,0.0,2026-08-19T05:53:09.944994+00:00,8c7e18eba1488dd5a7d4bdb00d4da0a75e895717,27579a5b-d52e-4b3a-b266-e21f946cedaf
531,1,0.9291970729827881,2026-08-19T05:53:09.944994+00:00,8c7e18eba1488dd5a7d4bdb00d4da0a75e895717,27579a5b-d52e-4b3a-b266-e21f946cedaf
531,2,0.8978698253631592,2026-08-19T05:53:09.944994+00:00,8c7e18eba1488dd5a7d4bdb00d4da0a75e895717,27579a5b-d52e-4b3a-b266-e21f946cedaf
531,3,0.8354488611221313,2026-08-19T05:53:09.944994+00:00,8c7e18eba1488dd5a7d4bdb00d4da0a75e895717,27579a5b-d52e-4b3a-b266-e21f946cedaf
531,4,0.8221122622489929,2026-08-19T05:53:09.944994+00:00,8c7e18eba1488dd5a7d4bdb00d4da0a75e895717,27579a5b-d52e-4b3a-b266-e21f946cedaf
531,5,0.758536696434021,2026-08-19T05:53:09.944994+00:00,8c7e18eba1488dd5a7d4bdb00d4da0a75e895717,27579a5b-d52e-4b3a-b266-e21f946cedaf
531,6,0.8813793659210205,2026-08-19T05:53:09.944994+00:00,8c7e18eba1488dd5a7d4bdb00d4da0a75e895717,27579a5b-d52e-4b3a-b266-e21f946cedaf
531,7,0.8602249622344971,2026-08-19T05:53:09.944994+00:00,8c7e18eba1488dd5a7d4bdb00d4da0a75e895717,27579a5b-d52e-4b3a-b266-e21f946cedaf
531,8,0.9086004495620728,2026-08-19T05:53:09.944994+00:00,8c7e18eba1488dd5a7d4bdb00d4da0a75e895717,27579a5b-d52e-4b3a-b266-e21f946cedaf
532,1,5.164816856384277,2026-08-19T05:53:09.944994+00:00,8c7e18eba1488dd5a7d4bdb00d4da0a75e895717,27579a5b-d52e-4b3a-b266-e21f946cedaf
532,2,4.637669563293457,2026-08-19T05:53:09.944994+00:00,8c7e18eba1488dd5a7d4bdb00d4da0a75e895717,27579a5b-d52e-4b3a-b266-e21f946cedaf
532,3,3.991621732711792,2026-08-19T05:53:09.944994+00:00,8c7e18eba1488dd5a7d4bdb00d4da0a75e895717,27579a5b-d52e-4b3a-b266-e21f946cedaf
532,4,3.7796552181243896,2026-08-19T05:53:09.944994+00:00,8c7e18eba1488dd5a7d4bdb00d4da0a75e895717,27579a5b-d52e-4b3a-b266-e21f946cedaf
532,5,3.364755153656006,2026-08-19T05:53:09.944994+00:00,8c7e18eba1488dd5a7d4bdb00d4da0a75e895717,27579a5b-d52e-4b3a-b266-e21f946cedaf
532,6,4.4492902755737305,2026-08-19T05:53:09.944994+00:00,8c7e18eba1488dd5a7d4bdb00d4da0a75e895717,27579a5b-d52e-4b3a-b266-e21f946cedaf
532,7,4.194937705993652,2026-08-19T05:53:09.944994+00:00,8c7e18eba1488dd5a7d4bdb00d4da0a75e895717,27579a5b-d52e-4b3a-b266-e21f946cedaf
532,8,4.801751136779785,2026-08-19T05:53:09.944994+00:00,8c7e18eba1488dd5a7d4bdb00d4da0a75e895717,27579a5b-d52e-4b3a-b266-e21f946cedaf
533,1,5.190659523010254,2026-08-19T05:53:09.944994+00:00,8c7e18eba1488dd5a7d4bdb00d4da0a75e895717,27579a5b-d52e-4b3a-b266-e21f946cedaf
533,2,4.595764636993408,2026-08-19T05:53:09.944994+00:00,8c7e18eba1488dd5a7d4bdb00d4da0a75e895717,27579a5b-d52e-4b3a-b266-e21f946cedaf
533,3,3.9075331687927246,2026-08-19T05:53:09.944994+00:00,8c7e18eba1488dd5a7d4bdb00d4da0a75e895717,27579a5b-d52e-4b3a-b266-e21f946cedaf
533,4,3.636301040649414,2026-08-19T05:53:09.944994+00:00,8c7e18eba1488dd5a7d4bdb00d4da0a75e895717,27579a5b-d52e-4b3a-b266-e21f946cedaf
533,5,3.204148769378662,2026-08-19T05:53:09.944994+00:00,8c7e18eba1488dd5a7d4bdb00d4da0a75e895717,27579a5b-d52e-4b3a-b266-e21f946cedaf
533,6,4.399403095245361,2026-08-19T05:53:09.944994+00:00,8c7e18eba1488dd5a7d4bdb00d4da0a75e895717,27579a5b-d52e-4b3a-b266-e21f946cedaf
533,7,4.113319396972656,2026-08-19T05:53:09.944994+00:00,8c7e18eba1488dd5a7d4bdb00d4da0a75e895717,27579a5b-d52e-4b3a-b266-e21f946cedaf
533,8,4.7808098793029785,2026-08-19T05:53:09.944994+00:00,8c7e18eba1488dd5a7d4bdb00d4da0a75e895717,27579a5b-d52e-4b3a-b266-e21f946cedaf
534,1,4.108250617980957,2026-08-19T05:53:09.944994+00:00,8c7e18eba1488dd5a7d4bdb00d4da0a75e895717,27579a5b-d52e-4b3a-b266-e21f946cedaf
534,2,3.5861170291900635,2026-08-19T05:53:09.944994+00:00,8c7e18eba1488dd5a7d4bdb00d4da0a75e895717,27579a5b-d52e-4b3a-b266-e21f946cedaf
534,3,2.9296538829803467,2026-08-19T05:53:09.944994+00:00,8c7e18eba1488dd5a7d4bdb00d4da0a75e895717,27579a5b-d52e-4b3a-b266-e21f946cedaf
534,4,2.726511001586914,2026-08-19T05:53:09.944994+00:00,8c7e18eba1488dd5a7d4bdb00d4da0a75e895717,27579a5b-d52e-4b3a-b266-e21f946cedaf
534,5,2.295349359512329,2026-08-19T05:53:09.944994+00:00,8c7e18eba1488dd5a7d4bdb00d4da0a75e895717,27579a5b-d52e-4b3a-b266-e21f946cedaf
534,6,3.3942911624908447,2026-08-19T05:53:09.944994+00:00,8c7e18eba1488dd5a7d4bdb00d4da0a75e895717,27579a5b-d52e-4b3a-b266-e21f946cedaf
534,7,3.140241861343384,2026-08-19T05:53:09.944994+00:00,8c7e18eba1488dd5a7d4bdb00d4da0a75e895717,27579a5b-d52e-4b3a-b266-e21f946cedaf
534,8,3.7489748001098633,2026-08-19T05:53:09.944994+00:00,8c7e18eba1488dd5a7d4bdb00d4da0a75e895717,27579a5b-d52e-4b3a-b266-e21f946cedaf
535,1,4.532106399536133,2026-08-19T05:53:09.944994+00:00,8c7e18eba1488dd5a7d4bdb00d4da0a75e895717,27579a5b-d52e-4b3a-b266-e21f946cedaf
535,2,4.015792369842529,2026-08-19T05:53:09.944994+00:00,8c7e18eba1488dd5a7d4bdb00d4da0a75e895717,27579a5b-d52e-4b3a-b266-e21f946cedaf
535,3,3.3472838401794434,2026-08-19T05:53:09.944994+00:00,8c7e18eba1488dd5a7d4bdb00d4da0a75e895717,27579a5b-d52e-4b3a-b266-e21f946cedaf
535,4,3.1543684005737305,2026-08-19T05:53:09.944994+00:00,8c7e18eba1488dd5a7d4bdb00d4da0a75e895717,27579a5b-d52e-4b3a-b266-e21f946cedaf
535,5,2.704390048980713,2026-08-19T05:53:09.944994+00:00,8c7e18eba1488dd5a7d4bdb00d4da0a75e895717,27579a5b-d52e-4b3a-b266-e21f946cedaf
535,6,3.819978713989258,2026-08-19T05:53:09.944994+00:00,8c7e18eba1488dd5a7d4bdb00d4da0a75e895717,27579a5b-d52e-4b3a-b266-e21f946cedaf
535,7,3.566288471221924,2026-08-19T05:53:09.944994+00:00,8c7e18eba1488dd5a7d4bdb00d4da0a75e895717,27579a5b-d52e-4b3a-b266-e21f946cedaf
535,8,4.177227973937988,2026-08-19T05:53:09.944994+00:00,8c7e18eba1488dd5a7d4bdb00d4da0a75e895717,27579a5b-d52e-4b3a-b266-e21f946cedaf
536,1,4.12901496887207,2026-08-19T05:53:09.944994+00:00,8c7e18eba1488dd5a7d4bdb00d4da0a75e895717,27579a5b-d52e-4b3a-b266-e21f946cedaf
536,2,3.638223171234131,2026-08-19T05:53:09.944994+00:00,8c7e18eba1488dd5a7d4bdb00d4da0a75e895717,27579a5b-d52e-4b3a-b266-e21f946cedaf
536,3,2.9962425231933594,2026-08-19T05:53:09.944994+00:00,8c7e18eba1488dd5a7d4bdb00d4da0a75e895717,27579a5b-d52e-4b3a-b266-e21f946cedaf
536,4,2.82216739654541,2026-08-19T05:53:09.944994+00:00,8c7e18eba1488dd5a7d4bdb00d4da0a75e895717,27579a5b-d52e-4b3a-b266-e21f946cedaf
536,5,2.3924670219421387,2026-08-19T05:53:09.944994+00:00,8c7e18eba1488dd5a7d4bdb00d4da0a75e895717,27579a5b-d52e-4b3a-b266-e21f946cedaf
536,6,3.448589324951172,2026-08-19T05:53:09.944994+00:00,8c7e18eba1488dd5a7d4bdb00d4da0a75e895717,27579a5b-d52e-4b3a-b266-e21f946cedaf
536,7,3.2084593772888184,2026-08-19T05:53:09.944994+00:00,8c7e18eba1488dd5a7d4bdb00d4da0a75e895717,27579a5b-d52e-4b3a-b266-e21f946cedaf
536,8,3.7915048599243164,2026-08-19T05:53:09.944994+00:00,8c7e18eba1488dd5a7d4bdb00d4da0a75e895717,27579a5b-d52e-4b3a-b266-e21f946cedaf
537,1,1.011207103729248,2026-08-19T05:53:09.944994+00:00,8c7e18eba1488dd5a7d4bdb00d4da0a75e895717,27579a5b-d52e-4b3a-b266-e21f946cedaf
537,2,0.9332186579704285,2026-08-19T05:53:09.944994+00:00,8c7e18eba1488dd5a7d4bdb00d4da0a75e895717,27579a5b-d52e-4b3a-b266-e21f946cedaf
537,3,0.8390448093414307,2026-08-19T05:53:09.944994+00:00,8c7e18eba1488dd5a7d4bdb00d4da0a75e895717,27579a5b-d52e-4b3a-b266-e21f946cedaf
537,4,0.7857739329338074,2026-08-19T05:53:09.944994+00:00,8c7e18eba1488dd5a7d4bdb00d4da0a75e895717,27579a5b-d52e-4b3a-b266-e21f946cedaf
537,5,0.7068188786506653,2026-08-19T05:53:09.944994+00:00,8c7e18eba1488dd5a7d4bdb00d4da0a75e895717,27579a5b-d52e-4b3a-b266-e21f946cedaf
537,6,0.9104254841804504,2026-08-19T05:53:09.944994+00:00,8c7e18eba1488dd5a7d4bdb00d4da0a75e895717,27579a5b-d52e-4b3a-b266-e21f946cedaf
537,7,0.8670088648796082,2026-08-19T05:53:09.944994+00:00,8c7e18eba1488dd5a7d4bdb00d4da0a75e895717,27579a5b-d52e-4b3a-b266-e21f946cedaf
537,8,0.9584528803825378,2026-08-19T05:53:09.944994+00:00,8c7e18eba1488dd5a7d4bdb00d4da0a75e895717,27579a5b-d52e-4b3a-b266-e21f946cedaf
538,1,0.0,2026-08-19T05:53:09.944994+00:00,8c7e18eba1488dd5a7d4bdb00d4da0a75e895717,27579a5b-d52e-4b3a-b266-e21f946cedaf
538,2,0.0,2026-08-19T05:53:09.944994+00:00,8c7e18eba1488dd5a7d4bdb00d4da0a75e895717,27579a5b-d52e-4b3a-b266-e21f946cedaf
538,3,0.0,2026-08-19T05:53:09.944994+00:00,8c7e18eba1488dd5a7d4bdb00d4da0a75e895717,27579a5b-d52e-4b3a-b266-e21f946cedaf
538,4,0.0,2026-08-19T05:53:09.944994+00:00,8c7e18eba1488dd5a7d4bdb00d4da0a75e895717,27579a5b-d52e-4b3a-b266-e21f946cedaf
538,5,0.0,2026-08-19T05:53:09.944994+00:00,8c7e18eba1488dd5a7d4bdb00d4da0a75e895717,27579a5b-d52e-4b3a-b266-e21f946cedaf
538,6,0.0,2026-08-19T05:53:09.944994+00:00,8c7e18eba1488dd5a7d4bdb00d4da0a75e895717,27579a5b-d52e-4b3a-b266-e21f946cedaf
538,7,0.0,2026-08-19T05:53:09.944994+00:00,8c7e18eba1488dd5a7d4bdb00d4da0a75e895717,27579a5b-d52e-4b3a-b266-e21f946cedaf
538,8,0.0,2026-08-19T05:53:09.944994+00:00,8c7e18eba1488dd5a7d4bdb00d4da0a75e895717,27579a5b-d52e-4b3a-b266-e21f946cedaf
539,1,0.9174145460128784,2026-08-19T05:53:09.944994+00:00,8c7e18eba1488dd5a7d4bdb00d4da0a75e895717,27579a5b-d52e-4b3a-b266-e21f946cedaf
539,2,0.7901839017868042,2026-08-19T05:53:09.944994+00:00,8c7e18eba1488dd5a7d4bdb00d4da0a75e895717,27579a5b-d52e-4b3a-b266-e21f946cedaf
539,3,0.636447548866272,2026-08-19T05:53:09.944994+00:00,8c7e18eba1488dd5a7d4bdb00d4da0a75e895717,27579a5b-d52e-4b3a-b266-e21f946cedaf
539,4,0.5495738983154297,2026-08-19T05:53:09.944994+00:00,8c7e18eba1488dd5a7d4bdb00d4da0a75e895717,27579a5b-d52e-4b3a-b266-e21f946cedaf
539,5,0.420635849237442,2026-08-19T05:53:09.944994+00:00,8c7e18eba1488dd5a7d4bdb00d4da0a75e895717,27579a5b-d52e-4b3a-b266-e21f946cedaf
539,6,0.7529689073562622,2026-08-19T05:53:09.944994+00:00,8c7e18eba1488dd5a7d4bdb00d4da0a75e895717,27579a5b-d52e-4b3a-b266-e21f946cedaf
539,7,0.6821235418319702,2026-08-19T05:53:09.944994+00:00,8c7e18eba1488dd5a7d4bdb00d4da0a75e895717,27579a5b-d52e-4b3a-b266-e21f946cedaf
539,8,0.8313535451889038,2026-08-19T05:53:09.944994+00:00,8c7e18eba1488dd5a7d4bdb00d4da0a75e895717,27579a5b-d52e-4b3a-b266-e21f946cedaf
540,1,0.0,2026-08-19T05:53:09.944994+00:00,8c7e18eba1488dd5a7d4bdb00d4da0a75e895717,27579a5b-d52e-4b3a-b266-e21f946cedaf
540,2,0.0,2026-08-19T05:53:09.944994+00:00,8c7e18eba1488dd5a7d4bdb00d4da0a75e895717,27579a5b-d52e-4b3a-b266-e21f946cedaf
540,3,0.0,2026-08-19T05:53:09.944994+00:00,8c7e18eba1488dd5a7d4bdb00d4da0a75e895717,27579a5b-d52e-4b3a-b266-e21f946cedaf
540,4,0.0,2026-08-19T05:53:09.944994+00:00,8c7e18eba1488dd5a7d4bdb00d4da0a75e895717,27579a5b-d52e-4b3a-b266-e21f946cedaf
540,5,0.0,2026-08-19T05:53:09.944994+00:00,8c7e18eba1488dd5a7d4bdb00d4da0a75e895717,27579a5b-d52e-4b3a-b266-e21f946cedaf
540,6,0.0,2026-08-19T05:53:09.944994+00:00,8c7e18eba1488dd5a7d4bdb00d4da0a75e895717,27579a5b-d52e-4b3a-b266-e21f946cedaf
540,7,0.0,2026-08-19T05:53:09.944994+00:00,8c7e18eba1488dd5a7d4bdb00d4da0a75e895717,27579a5b-d52e-4b3a-b266-e21f946cedaf
540,8,0.0,2026-08-19T05:53:09.944994+00:00,8c7e18eba1488dd5a7d4bdb00d4da0a75e895717,27579a5b-d52e-4b3a-b266-e21f946cedaf
541,1,0.0,2026-08-19T05:53:09.944994+00:00,8c7e18eba1488dd5a7d4bdb00d4da0a75e895717,27579a5b-d52e-4b3a-b266-e21f946cedaf
541,2,0.0,2026-08-19T05:53:09.944994+00:00,8c7e18eba1488dd5a7d4bdb00d4da0a75e895717,27579a5b-d52e-4b3a-b266-e21f946cedaf
541,3,0.0,2026-08-19T05:53:09.944994+00:00,8c7e18eba1488dd5a7d4bdb00d4da0a75e895717,27579a5b-d52e-4b3a-b266-e21f946cedaf
541,4,0.0,2026-08-19T05:53:09.944994+00:00,8c7e18eba1488dd5a7d4bdb00d4da0a75e895717,27579a5b-d52e-4b3a-b266-e21f946cedaf
541,5,0.0,2026-08-19T05:53:09.944994+00:00,8c7e18eba1488dd5a7d4bdb00d4da0a75e895717,27579a5b-d52e-4b3a-b266-e21f946cedaf
541,6,0.0,2026-08-19T05:53:09.944994+00:00,8c7e18eba1488dd5a7d4bdb00d4da0a75e895717,27579a5b-d52e-4b3a-b266-e21f946cedaf
541,7,0.0,2026-08-19T05:53:09.944994+00:00,8c7e18eba1488dd5a7d4bdb00d4da0a75e895717,27579a5b-d52e-4b3a-b266-e21f946cedaf
541,8,0.0,2026-08-19T05:53:09.944994+00:00,8c7e18eba1488dd5a7d4bdb00d4da0a75e895717,27579a5b-d52e-4b3a-b266-e21f946cedaf
542,1,4.4958953857421875,2026-08-19T05:53:09.944994+00:00,8c7e18eba1488dd5a7d4bdb00d4da0a75e895717,27579a5b-d52e-4b3a-b266-e21f946cedaf
542,2,4.133418083190918,2026-08-19T05:53:09.944994+00:00,8c7e18eba1488dd5a7d4bdb00d4da0a75e895717,27579a5b-d52e-4b3a-b266-e21f946cedaf
542,3,3.9000401496887207,2026-08-19T05:53:09.944994+00:00,8c7e18eba1488dd5a7d4bdb00d4da0a75e895717,27579a5b-d52e-4b3a-b266-e21f946cedaf
542,4,3.6217103004455566,2026-08-19T05:53:09.944994+00:00,8c7e18eba1488dd5a7d4bdb00d4da0a75e895717,27579a5b-d52e-4b3a-b266-e21f946cedaf
542,5,3.5522265434265137,2026-08-19T05:53:09.944994+00:00,8c7e18eba1488dd5a7d4bdb00d4da0a75e895717,27579a5b-d52e-4b3a-b266-e21f946cedaf
542,6,4.080549716949463,2026-08-19T05:53:09.944994+00:00,8c7e18eba1488dd5a7d4bdb00d4da0a75e895717,27579a5b-d52e-4b3a-b266-e21f946cedaf
542,7,3.9197540283203125,2026-08-19T05:53:09.944994+00:00,8c7e18eba1488dd5a7d4bdb00d4da0a75e895717,27579a5b-d52e-4b3a-b266-e21f946cedaf
542,8,4.244086265563965,2026-08-19T05:53:09.944994+00:00,8c7e18eba1488dd5a7d4bdb00d4da0a75e895717,27579a5b-d52e-4b3a-b266-e21f946cedaf
543,1,1.9405384063720703,2026-08-19T05:53:09.944994+00:00,8c7e18eba1488dd5a7d4bdb00d4da0a75e895717,27579a5b-d52e-4b3a-b266-e21f946cedaf
543,2,1.7012419700622559,2026-08-19T05:53:09.944994+00:00,8c7e18eba1488dd5a7d4bdb00d4da0a75e895717,27579a5b-d52e-4b3a-b266-e21f946cedaf
543,3,1.5961724519729614,2026-08-19T05:53:09.944994+00:00,8c7e18eba1488dd5a7d4bdb00d4da0a75e895717,27579a5b-d52e-4b3a-b266-e21f946cedaf
543,4,1.3724337816238403,2026-08-19T05:53:09.944994+00:00,8c7e18eba1488dd5a7d4bdb00d4da0a75e895717,27579a5b-d52e-4b3a-b266-e21f946cedaf
543,5,1.3684087991714478,2026-08-19T05:53:09.944994+00:00,8c7e18eba1488dd5a7d4bdb00d4da0a75e895717,27579a5b-d52e-4b3a-b266-e21f946cedaf
543,6,1.6861492395401,2026-08-19T05:53:09.944994+00:00,8c7e18eba1488dd5a7d4bdb00d4da0a75e895717,27579a5b-d52e-4b3a-b266-e21f946cedaf
543,7,1.5807055234909058,2026-08-19T05:53:09.944994+00:00,8c7e18eba1488dd5a7d4bdb00d4da0a75e895717,27579a5b-d52e-4b3a-b266-e21f946cedaf
543,8,1.7742254734039307,2026-08-19T05:53:09.944994+00:00,8c7e18eba1488dd5a7d4bdb00d4da0a75e895717,27579a5b-d52e-4b3a-b266-e21f946cedaf
544,1,4.312864780426025,2026-08-19T05:53:09.944994+00:00,8c7e18eba1488dd5a7d4bdb00d4da0a75e895717,27579a5b-d52e-4b3a-b266-e21f946cedaf
544,2,3.9874210357666016,2026-08-19T05:53:09.944994+00:00,8c7e18eba1488dd5a7d4bdb00d4da0a75e895717,27579a5b-d52e-4b3a-b266-e21f946cedaf
544,3,3.770303249359131,2026-08-19T05:53:09.944994+00:00,8c7e18eba1488dd5a7d4bdb00d4da0a75e895717,27579a5b-d52e-4b3a-b266-e21f946cedaf
544,4,3.5265989303588867,2026-08-19T05:53:09.944994+00:00,8c7e18eba1488dd5a7d4bdb00d4da0a75e895717,27579a5b-d52e-4b3a-b266-e21f946cedaf
544,5,3.457737922668457,2026-08-19T05:53:09.944994+00:00,8c7e18eba1488dd5a7d4bdb00d4da0a75e895717,27579a5b-d52e-4b3a-b266-e21f946cedaf
544,6,3.9368882179260254,2026-08-19T05:53:09.944994+00:00,8c7e18eba1488dd5a7d4bdb00d4da0a75e895717,27579a5b-d52e-4b3a-b266-e21f946cedaf
544,7,3.7924108505249023,2026-08-19T05:53:09.944994+00:00,8c7e18eba1488dd5a7d4bdb00d4da0a75e895717,27579a5b-d52e-4b3a-b266-e21f946cedaf
544,8,4.086794376373291,2026-08-19T05:53:09.944994+00:00,8c7e18eba1488dd5a7d4bdb00d4da0a75e895717,27579a5b-d52e-4b3a-b266-e21f946cedaf
545,1,3.2852563858032227,2026-08-19T05:53:09.944994+00:00,8c7e18eba1488dd5a7d4bdb00d4da0a75e895717,27579a5b-d52e-4b3a-b266-e21f946cedaf
545,2,3.037461757659912,2026-08-19T05:53:09.944994+00:00,8c7e18eba1488dd5a7d4bdb00d4da0a75e895717,27579a5b-d52e-4b3a-b266-e21f946cedaf
545,3,2.854437828063965,2026-08-19T05:53:09.944994+00:00,8c7e18eba1488dd5a7d4bdb00d4da0a75e895717,27579a5b-d52e-4b3a-b266-e21f946cedaf
545,4,2.6833341121673584,2026-08-19T05:53:09.944994+00:00,8c7e18eba1488dd5a7d4bdb00d4da0a75e895717,27579a5b-d52e-4b3a-b266-e21f946cedaf
545,5,2.615778923034668,2026-08-19T05:53:09.944994+00:00,8c7e18eba1488dd5a7d4bdb00d4da0a75e895717,27579a5b-d52e-4b3a-b266-e21f946cedaf
545,6,2.991826057434082,2026-08-19T05:53:09.944994+00:00,8c7e18eba1488dd5a7d4bdb00d4da0a75e895717,27579a5b-d52e-4b3a-b266-e21f946cedaf
545,7,2.8815643787384033,2026-08-19T05:53:09.944994+00:00,8c7e18eba1488dd5a7d4bdb00d4da0a75e895717,27579a5b-d52e-4b3a-b266-e21f946cedaf
545,8,3.1131527423858643,2026-08-19T05:53:09.944994+00:00,8c7e18eba1488dd5a7d4bdb00d4da0a75e895717,27579a5b-d52e-4b3a-b266-e21f946cedaf
546,1,1.518552303314209,2026-08-19T05:53:09.944994+00:00,8c7e18eba1488dd5a7d4bdb00d4da0a75e895717,27579a5b-d52e-4b3a-b266-e21f946cedaf
546,2,1.3996176719665527,2026-08-19T05:53:09.944994+00:00,8c7e18eba1488dd5a7d4bdb00d4da0a75e895717,27579a5b-d52e-4b3a-b266-e21f946cedaf
546,3,1.3473961353302002,2026-08-19T05:53:09.944994+00:00,8c7e18eba1488dd5a7d4bdb00d4da0a75e895717,27579a5b-d52e-4b3a-b266-e21f946cedaf
546,4,1.2361938953399658,2026-08-19T05:53:09.944994+00:00,8c7e18eba1488dd5a7d4bdb00d4da0a75e895717,27579a5b-d52e-4b3a-b266-e21f946cedaf
546,5,1.2341934442520142,2026-08-19T05:53:09.944994+00:00,8c7e18eba1488dd5a7d4bdb00d4da0a75e895717,27579a5b-d52e-4b3a-b266-e21f946cedaf
546,6,1.3921163082122803,2026-08-19T05:53:09.944994+00:00,8c7e18eba1488dd5a7d4bdb00d4da0a75e895717,27579a5b-d52e-4b3a-b266-e21f946cedaf
546,7,1.3397088050842285,2026-08-19T05:53:09.944994+00:00,8c7e18eba1488dd5a7d4bdb00d4da0a75e895717,27579a5b-d52e-4b3a-b266-e21f946cedaf
546,8,1.43589186668396,2026-08-19T05:53:09.944994+00:00,8c7e18eba1488dd5a7d4bdb00d4da0a75e895717,27579a5b-d52e-4b3a-b266-e21f946cedaf
547,1,1.3789910078048706,2026-08-19T05:53:09.944994+00:00,8c7e18eba1488dd5a7d4bdb00d4da0a75e895717,27579a5b-d52e-4b3a-b266-e21f946cedaf
547,2,1.2854689359664917,2026-08-19T05:53:09.944994+00:00,8c7e18eba1488dd5a7d4bdb00d4da0a75e895717,27579a5b-d52e-4b3a-b266-e21f946cedaf
547,3,1.2444053888320923,2026-08-19T05:53:09.944994+00:00,8c7e18eba1488dd5a7d4bdb00d4da0a75e895717,27579a5b-d52e-4b3a-b266-e21f946cedaf
547,4,1.1569634675979614,2026-08-19T05:53:09.944994+00:00,8c7e18eba1488dd5a7d4bdb00d4da0a75e895717,27579a5b-d52e-4b3a-b266-e21f946cedaf
547,5,1.1553903818130493,2026-08-19T05:53:09.944994+00:00,8c7e18eba1488dd5a7d4bdb00d4da0a75e895717,27579a5b-d52e-4b3a-b266-e21f946cedaf
547,6,1.27957022190094,2026-08-19T05:53:09.944994+00:00,8c7e18eba1488dd5a7d4bdb00d4da0a75e895717,27579a5b-d52e-4b3a-b266-e21f946cedaf
547,7,1.2383605241775513,2026-08-19T05:53:09.944994+00:00,8c7e18eba1488dd5a7d4bdb00d4da0a75e895717,27579a5b-d52e-4b3a-b266-e21f946cedaf
547,8,1.3139923810958862,2026-08-19T05:53:09.944994+00:00,8c7e18eba1488dd5a7d4bdb00d4da0a75e895717,27579a5b-d52e-4b3a-b266-e21f946cedaf
548,1,1.5537904500961304,2026-08-19T05:53:09.944994+00:00,8c7e18eba1488dd5a7d4bdb00d4da0a75e895717,27579a5b-d52e-4b3a-b266-e21f946cedaf
548,2,1.42685067653656,2026-08-19T05:53:09.944994+00:00,8c7e18eba1488dd5a7d4bdb00d4da0a75e895717,27579a5b-d52e-4b3a-b266-e21f946cedaf
548,3,1.3711142539978027,2026-08-19T05:53:09.944994+00:00,8c7e18eba1488dd5a7d4bdb00d4da0a75e895717,27579a5b-d52e-4b3a-b266-e21f946cedaf
548,4,1.2524272203445435,2026-08-19T05:53:09.944994+00:00,8c7e18eba1488dd5a7d4bdb00d4da0a75e895717,27579a5b-d52e-4b3a-b266-e21f946cedaf
548,5,1.2502920627593994,2026-08-19T05:53:09.944994+00:00,8c7e18eba1488dd5a7d4bdb00d4da0a75e895717,27579a5b-d52e-4b3a-b266-e21f946cedaf
548,6,1.4188443422317505,2026-08-19T05:53:09.944994+00:00,8c7e18eba1488dd5a7d4bdb00d4da0a75e895717,27579a5b-d52e-4b3a-b266-e21f946cedaf
548,7,1.3629094362258911,2026-08-19T05:53:09.944994+00:00,8c7e18eba1488dd5a7d4bdb00d4da0a75e895717,27579a5b-d52e-4b3a-b266-e21f946cedaf
548,8,1.4655662775039673,2026-08-19T05:53:09.944994+00:00,8c7e18eba1488dd5a7d4bdb00d4da0a75e895717,27579a5b-d52e-4b3a-b266-e21f946cedaf
549,1,1.8598297834396362,2026-08-19T05:53:09.944994+00:00,8c7e18eba1488dd5a7d4bdb00d4da0a75e895717,27579a5b-d52e-4b3a-b266-e21f946cedaf
549,2,1.6793479919433594,2026-08-19T05:53:09.944994+00:00,8c7e18eba1488dd5a7d4bdb00d4da0a75e895717,27579a5b-d52e-4b3a-b266-e21f946cedaf
549,3,1.6001027822494507,2026-08-19T05:53:09.944994+00:00,8c7e18eba1488dd5a7d4bdb00d4da0a75e895717,27579a5b-d52e-4b3a-b266-e21f946cedaf
549,4,1.4313547611236572,2026-08-19T05:53:09.944994+00:00,8c7e18eba1488dd5a7d4bdb00d4da0a75e895717,27579a5b-d52e-4b3a-b266-e21f946cedaf
549,5,1.4283192157745361,2026-08-19T05:53:09.944994+00:00,8c7e18eba1488dd5a7d4bdb00d4da0a75e895717,27579a5b-d52e-4b3a-b266-e21f946cedaf
549,6,1.6679648160934448,2026-08-19T05:53:09.944994+00:00,8c7e18eba1488dd5a7d4bdb00d4da0a75e895717,27579a5b-d52e-4b3a-b266-e21f946cedaf
549,7,1.5884371995925903,2026-08-19T05:53:09.944994+00:00,8c7e18eba1488dd5a7d4bdb00d4da0a75e895717,27579a5b-d52e-4b3a-b266-e21f946cedaf
549,8,1.7343934774398804,2026-08-19T05:53:09.944994+00:00,8c7e18eba1488dd5a7d4bdb00d4da0a75e895717,27579a5b-d52e-4b3a-b266-e21f946cedaf
550,1,1.1210228204727173,2026-08-19T05:53:09.944994+00:00,8c7e18eba1488dd5a7d4bdb00d4da0a75e895717,27579a5b-d52e-4b3a-b266-e21f946cedaf
550,2,1.095773458480835,2026-08-19T05:53:09.944994+00:00,8c7e18eba1488dd5a7d4bdb00d4da0a75e895717,27579a5b-d52e-4b3a-b266-e21f946cedaf
550,3,1.0846871137619019,2026-08-19T05:53:09.944994+00:00,8c7e18eba1488dd5a7d4bdb00d4da0a75e895717,27579a5b-d52e-4b3a-b266-e21f946cedaf
550,4,1.0610792636871338,2026-08-19T05:53:09.944994+00:00,8c7e18eba1488dd5a7d4bdb00d4da0a75e895717,27579a5b-d52e-4b3a-b266-e21f946cedaf
550,5,1.060654640197754,2026-08-19T05:53:09.944994+00:00,8c7e18eba1488dd5a7d4bdb00d4da0a75e895717,27579a5b-d52e-4b3a-b266-e21f946cedaf
550,6,1.0941810607910156,2026-08-19T05:53:09.944994+00:00,8c7e18eba1488dd5a7d4bdb00d4da0a75e895717,27579a5b-d52e-4b3a-b266-e21f946cedaf
550,7,1.0830551385879517,2026-08-19T05:53:09.944994+00:00,8c7e18eba1488dd5a7d4bdb00d4da0a75e895717,27579a5b-d52e-4b3a-b266-e21f946cedaf
550,8,1.1034743785858154,2026-08-19T05:53:09.944994+00:00,8c7e18eba1488dd5a7d4bdb00d4da0a75e895717,27579a5b-d52e-4b3a-b266-e21f946cedaf
551,1,1.4219276905059814,2026-08-19T05:53:09.944994+00:00,8c7e18eba1488dd5a7d4bdb00d4da0a75e895717,27579a5b-d52e-4b3a-b266-e21f946cedaf
551,2,1.3054215908050537,2026-08-19T05:53:09.944994+00:00,8c7e18eba1488dd5a7d4bdb00d4da0a75e895717,27579a5b-d52e-4b3a-b266-e21f946cedaf
551,3,1.254266381263733,2026-08-19T05:53:09.944994+00:00,8c7e18eba1488dd5a7d4bdb00d4da0a75e895717,27579a5b-d52e-4b3a-b266-e21f946cedaf
551,4,1.1453347206115723,2026-08-19T05:53:09.944994+00:00,8c7e18eba1488dd5a7d4bdb00d4da0a75e895717,27579a5b-d52e-4b3a-b266-e21f946cedaf
551,5,1.143375039100647,2026-08-19T05:53:09.944994+00:00,8c7e18eba1488dd5a7d4bdb00d4da0a75e895717,27579a5b-d52e-4b3a-b266-e21f946cedaf
551,6,1.298073410987854,2026-08-19T05:53:09.944994+00:00,8c7e18eba1488dd5a7d4bdb00d4da0a75e895717,27579a5b-d52e-4b3a-b266-e21f946cedaf
551,7,1.2467360496520996,2026-08-19T05:53:09.944994+00:00,8c7e18eba1488dd5a7d4bdb00d4da0a75e895717,27579a5b-d52e-4b3a-b266-e21f946cedaf
551,8,1.3409550189971924,2026-08-19T05:53:09.944994+00:00,8c7e18eba1488dd5a7d4bdb00d4da0a75e895717,27579a5b-d52e-4b3a-b266-e21f946cedaf
552,1,4.55592679977417,2026-08-19T05:53:09.944994+00:00,8c7e18eba1488dd5a7d4bdb00d4da0a75e895717,27579a5b-d52e-4b3a-b266-e21f946cedaf
552,2,4.099224090576172,2026-08-19T05:53:09.944994+00:00,8c7e18eba1488dd5a7d4bdb00d4da0a75e895717,27579a5b-d52e-4b3a-b266-e21f946cedaf
552,3,3.898695707321167,2026-08-19T05:53:09.944994+00:00,8c7e18eba1488dd5a7d4bdb00d4da0a75e895717,27579a5b-d52e-4b3a-b266-e21f946cedaf
552,4,3.471684694290161,2026-08-19T05:53:09.944994+00:00,8c7e18eba1488dd5a7d4bdb00d4da0a75e895717,27579a5b-d52e-4b3a-b266-e21f946cedaf
552,5,3.464002847671509,2026-08-19T05:53:09.944994+00:00,8c7e18eba1488dd5a7d4bdb00d4da0a75e895717,27579a5b-d52e-4b3a-b266-e21f946cedaf
552,6,4.0704193115234375,2026-08-19T05:53:09.944994+00:00,8c7e18eba1488dd5a7d4bdb00d4da0a75e895717,27579a5b-d52e-4b3a-b266-e21f946cedaf
552,7,3.8691771030426025,2026-08-19T05:53:09.944994+00:00,8c7e18eba1488dd5a7d4bdb00d4da0a75e895717,27579a5b-d52e-4b3a-b266-e21f946cedaf
552,8,4.238515377044678,2026-08-19T05:53:09.944994+00:00,8c7e18eba1488dd5a7d4bdb00d4da0a75e895717,27579a5b-d52e-4b3a-b266-e21f946cedaf
553,1,1.3686654567718506,2026-08-19T05:53:09.944994+00:00,8c7e18eba1488dd5a7d4bdb00d4da0a75e895717,27579a5b-d52e-4b3a-b266-e21f946cedaf
553,2,1.2917497158050537,2026-08-19T05:53:09.944994+00:00,8c7e18eba1488dd5a7d4bdb00d4da0a75e895717,27579a5b-d52e-4b3a-b266-e21f946cedaf
553,3,1.2579777240753174,2026-08-19T05:53:09.944994+00:00,8c7e18eba1488dd5a7d4bdb00d4da0a75e895717,27579a5b-d52e-4b3a-b266-e21f946cedaf
553,4,1.1860625743865967,2026-08-19T05:53:09.944994+00:00,8c7e18eba1488dd5a7d4bdb00d4da0a75e895717,27579a5b-d52e-4b3a-b266-e21f946cedaf
553,5,1.1847689151763916,2026-08-19T05:53:09.944994+00:00,8c7e18eba1488dd5a7d4bdb00d4da0a75e895717,27579a5b-d52e-4b3a-b266-e21f946cedaf
553,6,1.2868984937667847,2026-08-19T05:53:09.944994+00:00,8c7e18eba1488dd5a7d4bdb00d4da0a75e895717,27579a5b-d52e-4b3a-b266-e21f946cedaf
553,7,1.2530062198638916,2026-08-19T05:53:09.944994+00:00,8c7e18eba1488dd5a7d4bdb00d4da0a75e895717,27579a5b-d52e-4b3a-b266-e21f946cedaf
553,8,1.3152084350585938,2026-08-19T05:53:09.944994+00:00,8c7e18eba1488dd5a7d4bdb00d4da0a75e895717,27579a5b-d52e-4b3a-b266-e21f946cedaf
554,1,0.0,2026-08-19T05:53:09.944994+00:00,8c7e18eba1488dd5a7d4bdb00d4da0a75e895717,27579a5b-d52e-4b3a-b266-e21f946cedaf
554,2,0.0,2026-08-19T05:53:09.944994+00:00,8c7e18eba1488dd5a7d4bdb00d4da0a75e895717,27579a5b-d52e-4b3a-b266-e21f946cedaf
554,3,0.0,2026-08-19T05:53:09.944994+00:00,8c7e18eba1488dd5a7d4bdb00d4da0a75e895717,27579a5b-d52e-4b3a-b266-e21f946cedaf
554,4,0.0,2026-08-19T05:53:09.944994+00:00,8c7e18eba1488dd5a7d4bdb00d4da0a75e895717,27579a5b-d52e-4b3a-b266-e21f946cedaf
554,5,0.0,2026-08-19T05:53:09.944994+00:00,8c7e18eba1488dd5a7d4bdb00d4da0a75e895717,27579a5b-d52e-4b3a-b266-e21f946cedaf
554,6,0.0,2026-08-19T05:53:09.944994+00:00,8c7e18eba1488dd5a7d4bdb00d4da0a75e895717,27579a5b-d52e-4b3a-b266-e21f946cedaf
554,7,0.0,2026-08-19T05:53:09.944994+00:00,8c7e18eba1488dd5a7d4bdb00d4da0a75e895717,27579a5b-d52e-4b3a-b266-e21f946cedaf
554,8,0.0,2026-08-19T05:53:09.944994+00:00,8c7e18eba1488dd5a7d4bdb00d4da0a75e895717,27579a5b-d52e-4b3a-b266-e21f946cedaf
555,1,0.0,2026-08-19T05:53:09.944994+00:00,8c7e18eba1488dd5a7d4bdb00d4da0a75e895717,27579a5b-d52e-4b3a-b266-e21f946cedaf
555,2,0.0,2026-08-19T05:53:09.944994+00:00,8c7e18eba1488dd5a7d4bdb00d4da0a75e895717,27579a5b-d52e-4b3a-b266-e21f946cedaf
555,3,0.0,2026-08-19T05:53:09.944994+00:00,8c7e18eba1488dd5a7d4bdb00d4da0a75e895717,27579a5b-d52e-4b3a-b266-e21f946cedaf
555,4,0.0,2026-08-19T05:53:09.944994+00:00,8c7e18eba1488dd5a7d4bdb00d4da0a75e895717,27579a5b-d52e-4b3a-b266-e21f946cedaf
555,5,0.0,2026-08-19T05:53:09.944994+00:00,8c7e18eba1488dd5a7d4bdb00d4da0a75e895717,27579a5b-d52e-4b3a-b266-e21f946cedaf
555,6,0.0,2026-08-19T05:53:09.944994+00:00,8c7e18eba1488dd5a7d4bdb00d4da0a75e895717,27579a5b-d52e-4b3a-b266-e21f946cedaf
555,7,0.0,2026-08-19T05:53:09.944994+00:00,8c7e18eba1488dd5a7d4bdb00d4da0a75e895717,27579a5b-d52e-4b3a-b266-e21f946cedaf
555,8,0.0,2026-08-19T05:53:09.944994+00:00,8c7e18eba1488dd5a7d4bdb00d4da0a75e895717,27579a5b-d52e-4b3a-b266-e21f946cedaf
556,1,0.0,2026-08-19T05:53:09.944994+00:00,8c7e18eba1488dd5a7d4bdb00d4da0a75e895717,27579a5b-d52e-4b3a-b266-e21f946cedaf
556,2,0.0,2026-08-19T05:53:09.944994+00:00,8c7e18eba1488dd5a7d4bdb00d4da0a75e895717,27579a5b-d52e-4b3a-b266-e21f946cedaf
556,3,0.0,2026-08-19T05:53:09.944994+00:00,8c7e18eba1488dd5a7d4bdb00d4da0a75e895717,27579a5b-d52e-4b3a-b266-e21f946cedaf
556,4,0.0,2026-08-19T05:53:09.944994+00:00,8c7e18eba1488dd5a7d4bdb00d4da0a75e895717,27579a5b-d52e-4b3a-b266-e21f946cedaf
556,5,0.0,2026-08-19T05:53:09.944994+00:00,8c7e18eba1488dd5a7d4bdb00d4da0a75e895717,27579a5b-d52e-4b3a-b266-e21f946cedaf
556,6,0.0,2026-08-19T05:53:09.944994+00:00,8c7e18eba1488dd5a7d4bdb00d4da0a75e895717,27579a5b-d52e-4b3a-b266-e21f946cedaf
556,7,0.0,2026-08-19T05:53:09.944994+00:00,8c7e18eba1488dd5a7d4bdb00d4da0a75e895717,27579a5b-d52e-4b3a-b266-e21f946cedaf
556,8,0.0,2026-08-19T05:53:09.944994+00:00,8c7e18eba1488dd5a7d4bdb00d4da0a75e895717,27579a5b-d52e-4b3a-b266-e21f946cedaf
557,1,0.0,2026-08-19T05:53:09.944994+00:00,8c7e18eba1488dd5a7d4bdb00d4da0a75e895717,27579a5b-d52e-4b3a-b266-e21f946cedaf
557,2,0.0,2026-08-19T05:53:09.944994+00:00,8c7e18eba1488dd5a7d4bdb00d4da0a75e895717,27579a5b-d52e-4b3a-b266-e21f946cedaf
557,3,0.0,2026-08-19T05:53:09.944994+00:00,8c7e18eba1488dd5a7d4bdb00d4da0a75e895717,27579a5b-d52e-4b3a-b266-e21f946cedaf
557,4,0.0,2026-08-19T05:53:09.944994+00:00,8c7e18eba1488dd5a7d4bdb00d4da0a75e895717,27579a5b-d52e-4b3a-b266-e21f946cedaf
557,5,0.0,2026-08-19T05:53:09.944994+00:00,8c7e18eba1488dd5a7d4bdb00d4da0a75e895717,27579a5b-d52e-4b3a-b266-e21f946cedaf
557,6,0.0,2026-08-19T05:53:09.944994+00:00,8c7e18eba1488dd5a7d4bdb00d4da0a75e895717,27579a5b-d52e-4b3a-b266-e21f946cedaf
557,7,0.0,2026-08-19T05:53:09.944994+00:00,8c7e18eba1488dd5a7d4bdb00d4da0a75e895717,27579a5b-d52e-4b3a-b266-e21f946cedaf
557,8,0.0,2026-08-19T05:53:09.944994+00:00,8c7e18eba1488dd5a7d4bdb00d4da0a75e895717,27579a5b-d52e-4b3a-b266-e21f946cedaf
558,1,0.0,2026-08-19T05:53:09.944994+00:00,8c7e18eba1488dd5a7d4bdb00d4da0a75e895717,27579a5b-d52e-4b3a-b266-e21f946cedaf
558,2,0.0,2026-08-19T05:53:09.944994+00:00,8c7e18eba1488dd5a7d4bdb00d4da0a75e895717,27579a5b-d52e-4b3a-b266-e21f946cedaf
558,3,0.0,2026-08-19T05:53:09.944994+00:00,8c7e18eba1488dd5a7d4bdb00d4da0a75e895717,27579a5b-d52e-4b3a-b266-e21f946cedaf
558,4,0.0,2026-08-19T05:53:09.944994+00:00,8c7e18eba1488dd5a7d4bdb00d4da0a75e895717,27579a5b-d52e-4b3a-b266-e21f946cedaf
558,5,0.0,2026-08-19T05:53:09.944994+00:00,8c7e18eba1488dd5a7d4bdb00d4da0a75e895717,27579a5b-d52e-4b3a-b266-e21f946cedaf
558,6,0.0,2026-08-19T05:53:09.944994+00:00,8c7e18eba1488dd5a7d4bdb00d4da0a75e895717,27579a5b-d52e-4b3a-b266-e21f946cedaf
558,7,0.0,2026-08-19T05:53:09.944994+00:00,8c7e18eba1488dd5a7d4bdb00d4da0a75e895717,27579a5b-d52e-4b3a-b266-e21f946cedaf
558,8,0.0,2026-08-19T05:53:09.944994+00:00,8c7e18eba1488dd5a7d4bdb00d4da0a75e895717,27579a5b-d52e-4b3a-b266-e21f946cedaf
559,1,0.0,2026-08-19T05:53:09.944994+00:00,8c7e18eba1488dd5a7d4bdb00d4da0a75e895717,27579a5b-d52e-4b3a-b266-e21f946cedaf
559,2,0.0,2026-08-19T05:53:09.944994+00:00,8c7e18eba1488dd5a7d4bdb00d4da0a75e895717,27579a5b-d52e-4b3a-b266-e21f946cedaf
559,3,0.0,2026-08-19T05:53:09.944994+00:00,8c7e18eba1488dd5a7d4bdb00d4da0a75e895717,27579a5b-d52e-4b3a-b266-e21f946cedaf
559,4,0.0,2026-08-19T05:53:09.944994+00:00,8c7e18eba1488dd5a7d4bdb00d4da0a75e895717,27579a5b-d52e-4b3a-b266-e21f946cedaf
559,5,0.0,2026-08-19T05:53:09.944994+00:00,8c7e18eba1488dd5a7d4bdb00d4da0a75e895717,27579a5b-d52e-4b3a-b266-e21f946cedaf
559,6,0.0,2026-08-19T05:53:09.944994+00:00,8c7e18eba1488dd5a7d4bdb00d4da0a75e895717,27579a5b-d52e-4b3a-b266-e21f946cedaf
559,7,0.0,2026-08-19T05:53:09.944994+00:00,8c7e18eba1488dd5a7d4bdb00d4da0a75e895717,27579a5b-d52e-4b3a-b266-e21f946cedaf
559,8,0.0,2026-08-19T05:53:09.944994+00:00,8c7e18eba1488dd5a7d4bdb00d4da0a75e895717,27579a5b-d52e-4b3a-b266-e21f946cedaf
560,1,0.0,2026-08-19T05:53:09.944994+00:00,8c7e18eba1488dd5a7d4bdb00d4da0a75e895717,27579a5b-d52e-4b3a-b266-e21f946cedaf
560,2,0.0,2026-08-19T05:53:09.944994+00:00,8c7e18eba1488dd5a7d4bdb00d4da0a75e895717,27579a5b-d52e-4b3a-b266-e21f946cedaf
560,3,0.0,2026-08-19T05:53:09.944994+00:00,8c7e18eba1488dd5a7d4bdb00d4da0a75e895717,27579a5b-d52e-4b3a-b266-e21f946cedaf
560,4,0.0,2026-08-19T05:53:09.944994+00:00,8c7e18eba1488dd5a7d4bdb00d4da0a75e895717,27579a5b-d52e-4b3a-b266-e21f946cedaf
560,5,0.0,2026-08-19T05:53:09.944994+00:00,8c7e18eba1488dd5a7d4bdb00d4da0a75e895717,27579a5b-d52e-4b3a-b266-e21f946cedaf
560,6,0.0,2026-08-19T05:53:09.944994+00:00,8c7e18eba1488dd5a7d4bdb00d4da0a75e895717,27579a5b-d52e-4b3a-b266-e21f946cedaf
560,7,0.0,2026-08-19T05:53:09.944994+00:00,8c7e18eba1488dd5a7d4bdb00d4da0a75e895717,27579a5b-d52e-4b3a-b266-e21f946cedaf
560,8,0.0,2026-08-19T05:53:09.944994+00:00,8c7e18eba1488dd5a7d4bdb00d4da0a75e895717,27579a5b-d52e-4b3a-b266-e21f946cedaf
561,1,0.0,2026-08-19T05:53:09.944994+00:00,8c7e18eba1488dd5a7d4bdb00d4da0a75e895717,27579a5b-d52e-4b3a-b266-e21f946cedaf
561,2,0.0,2026-08-19T05:53:09.944994+00:00,8c7e18eba1488dd5a7d4bdb00d4da0a75e895717,27579a5b-d52e-4b3a-b266-e21f946cedaf
561,3,0.0,2026-08-19T05:53:09.944994+00:00,8c7e18eba1488dd5a7d4bdb00d4da0a75e895717,27579a5b-d52e-4b3a-b266-e21f946cedaf
561,4,0.0,2026-08-19T05:53:09.944994+00:00,8c7e18eba1488dd5a7d4bdb00d4da0a75e895717,27579a5b-d52e-4b3a-b266-e21f946cedaf
561,5,0.0,2026-08-19T05:53:09.944994+00:00,8c7e18eba1488dd5a7d4bdb00d4da0a75e895717,27579a5b-d52e-4b3a-b266-e21f946cedaf
561,6,0.0,2026-08-19T05:53:09.944994+00:00,8c7e18eba1488dd5a7d4bdb00d4da0a75e895717,27579a5b-d52e-4b3a-b266-e21f946cedaf
561,7,0.0,2026-08-19T05:53:09.944994+00:00,8c7e18eba1488dd5a7d4bdb00d4da0a75e895717,27579a5b-d52e-4b3a-b266-e21f946cedaf
561,8,0.0,2026-08-19T05:53:09.944994+00:00,8c7e18eba1488dd5a7d4bdb00d4da0a75e895717,27579a5b-d52e-4b3a-b266-e21f946cedaf
562,1,0.0,2026-08-19T05:53:09.944994+00:00,8c7e18eba1488dd5a7d4bdb00d4da0a75e895717,27579a5b-d52e-4b3a-b266-e21f946cedaf
562,2,0.0,2026-08-19T05:53:09.944994+00:00,8c7e18eba1488dd5a7d4bdb00d4da0a75e895717,27579a5b-d52e-4b3a-b266-e21f946cedaf
562,3,0.0,2026-08-19T05:53:09.944994+00:00,8c7e18eba1488dd5a7d4bdb00d4da0a75e895717,27579a5b-d52e-4b3a-b266-e21f946cedaf
562,4,0.0,2026-08-19T05:53:09.944994+00:00,8c7e18eba1488dd5a7d4bdb00d4da0a75e895717,27579a5b-d52e-4b3a-b266-e21f946cedaf
562,5,0.0,2026-08-19T05:53:09.944994+00:00,8c7e18eba1488dd5a7d4bdb00d4da0a75e895717,27579a5b-d52e-4b3a-b266-e21f946cedaf
562,6,0.0,2026-08-19T05:53:09.944994+00:00,8c7e18eba1488dd5a7d4bdb00d4da0a75e895717,27579a5b-d52e-4b3a-b266-e21f946cedaf
562,7,0.0,2026-08-19T05:53:09.944994+00:00,8c7e18eba1488dd5a7d4bdb00d4da0a75e895717,27579a5b-d52e-4b3a-b266-e21f946cedaf
562,8,0.0,2026-08-19T05:53:09.944994+00:00,8c7e18eba1488dd5a7d4bdb00d4da0a75e895717,27579a5b-d52e-4b3a-b266-e21f946cedaf
563,1,0.0,2026-08-19T05:53:09.944994+00:00,8c7e18eba1488dd5a7d4bdb00d4da0a75e895717,27579a5b-d52e-4b3a-b266-e21f946cedaf
563,2,0.0,2026-08-19T05:53:09.944994+00:00,8c7e18eba1488dd5a7d4bdb00d4da0a75e895717,27579a5b-d52e-4b3a-b266-e21f946cedaf
563,3,0.0,2026-08-19T05:53:09.944994+00:00,8c7e18eba1488dd5a7d4bdb00d4da0a75e895717,27579a5b-d52e-4b3a-b266-e21f946cedaf
563,4,0.0,2026-08-19T05:53:09.944994+00:00,8c7e18eba1488dd5a7d4bdb00d4da0a75e895717,27579a5b-d52e-4b3a-b266-e21f946cedaf
563,5,0.0,2026-08-19T05:53:09.944994+00:00,8c7e18eba1488dd5a7d4bdb00d4da0a75e895717,27579a5b-d52e-4b3a-b266-e21f946cedaf
563,6,0.0,2026-08-19T05:53:09.944994+00:00,8c7e18eba1488dd5a7d4bdb00d4da0a75e895717,27579a5b-d52e-4b3a-b266-e21f946cedaf
563,7,0.0,2026-08-19T05:53:09.944994+00:00,8c7e18eba1488dd5a7d4bdb00d4da0a75e895717,27579a5b-d52e-4b3a-b266-e21f946cedaf
563,8,0.0,2026-08-19T05:53:09.944994+00:00,8c7e18eba1488dd5a7d4bdb00d4da0a75e895717,27579a5b-d52e-4b3a-b266-e21f946cedaf
564,1,0.0,2026-08-19T05:53:09.944994+00:00,8c7e18eba1488dd5a7d4bdb00d4da0a75e895717,27579a5b-d52e-4b3a-b266-e21f946cedaf
564,2,0.0,2026-08-19T05:53:09.944994+00:00,8c7e18eba1488dd5a7d4bdb00d4da0a75e895717,27579a5b-d52e-4b3a-b266-e21f946cedaf
564,3,0.0,2026-08-19T05:53:09.944994+00:00,8c7e18eba1488dd5a7d4bdb00d4da0a75e895717,27579a5b-d52e-4b3a-b266-e21f946cedaf
564,4,0.0,2026-08-19T05:53:09.944994+00:00,8c7e18eba1488dd5a7d4bdb00d4da0a75e895717,27579a5b-d52e-4b3a-b266-e21f946cedaf
564,5,0.0,2026-08-19T05:53:09.944994+00:00,8c7e18eba1488dd5a7d4bdb00d4da0a75e895717,27579a5b-d52e-4b3a-b266-e21f946cedaf
564,6,0.0,2026-08-19T05:53:09.944994+00:00,8c7e18eba1488dd5a7d4bdb00d4da0a75e895717,27579a5b-d52e-4b3a-b266-e21f946cedaf
564,7,0.0,2026-08-19T05:53:09.944994+00:00,8c7e18eba1488dd5a7d4bdb00d4da0a75e895717,27579a5b-d52e-4b3a-b266-e21f946cedaf
564,8,0.0,2026-08-19T05:53:09.944994+00:00,8c7e18eba1488dd5a7d4bdb00d4da0a75e895717,27579a5b-d52e-4b3a-b266-e21f946cedaf
565,1,0.0,2026-08-19T05:53:09.944994+00:00,8c7e18eba1488dd5a7d4bdb00d4da0a75e895717,27579a5b-d52e-4b3a-b266-e21f946cedaf
565,2,0.0,2026-08-19T05:53:09.944994+00:00,8c7e18eba1488dd5a7d4bdb00d4da0a75e895717,27579a5b-d52e-4b3a-b266-e21f946cedaf
565,3,0.0,2026-08-19T05:53:09.944994+00:00,8c7e18eba1488dd5a7d4bdb00d4da0a75e895717,27579a5b-d52e-4b3a-b266-e21f946cedaf
565,4,0.0,2026-08-19T05:53:09.944994+00:00,8c7e18eba1488dd5a7d4bdb00d4da0a75e895717,27579a5b-d52e-4b3a-b266-e21f946cedaf
565,5,0.0,2026-08-19T05:53:09.944994+00:00,8c7e18eba1488dd5a7d4bdb00d4da0a75e895717,27579a5b-d52e-4b3a-b266-e21f946cedaf
565,6,0.0,2026-08-19T05:53:09.944994+00:00,8c7e18eba1488dd5a7d4bdb00d4da0a75e895717,27579a5b-d52e-4b3a-b266-e21f946cedaf
565,7,0.0,2026-08-19T05:53:09.944994+00:00,8c7e18eba1488dd5a7d4bdb00d4da0a75e895717,27579a5b-d52e-4b3a-b266-e21f946cedaf
565,8,0.0,2026-08-19T05:53:09.944994+00:00,8c7e18eba1488dd5a7d4bdb00d4da0a75e895717,27579a5b-d52e-4b3a-b266-e21f946cedaf
566,1,0.0,2026-08-19T05:53:09.944994+00:00,8c7e18eba1488dd5a7d4bdb00d4da0a75e895717,27579a5b-d52e-4b3a-b266-e21f946cedaf
566,2,0.0,2026-08-19T05:53:09.944994+00:00,8c7e18eba1488dd5a7d4bdb00d4da0a75e895717,27579a5b-d52e-4b3a-b266-e21f946cedaf
566,3,0.0,2026-08-19T05:53:09.944994+00:00,8c7e18eba1488dd5a7d4bdb00d4da0a75e895717,27579a5b-d52e-4b3a-b266-e21f946cedaf
566,4,0.0,2026-08-19T05:53:09.944994+00:00,8c7e18eba1488dd5a7d4bdb00d4da0a75e895717,27579a5b-d52e-4b3a-b266-e21f946cedaf
566,5,0.0,2026-08-19T05:53:09.944994+00:00,8c7e18eba1488dd5a7d4bdb00d4da0a75e895717,27579a5b-d52e-4b3a-b266-e21f946cedaf
566,6,0.0,2026-08-19T05:53:09.944994+00:00,8c7e18eba1488dd5a7d4bdb00d4da0a75e895717,27579a5b-d52e-4b3a-b266-e21f946cedaf
566,7,0.0,2026-08-19T05:53:09.944994+00:00,8c7e18eba1488dd5a7d4bdb00d4da0a75e895717,27579a5b-d52e-4b3a-b266-e21f946cedaf
566,8,0.0,2026-08-19T05:53:09.944994+00:00,8c7e18eba1488dd5a7d4bdb00d4da0a75e895717,27579a5b-d52e-4b3a-b266-e21f946cedaf
567,1,0.0,2026-08-19T05:53:09.944994+00:00,8c7e18eba1488dd5a7d4bdb00d4da0a75e895717,27579a5b-d52e-4b3a-b266-e21f946cedaf
567,2,0.0,2026-08-19T05:53:09.944994+00:00,8c7e18eba1488dd5a7d4bdb00d4da0a75e895717,27579a5b-d52e-4b3a-b266-e21f946cedaf
567,3,0.0,2026-08-19T05:53:09.944994+00:00,8c7e18eba1488dd5a7d4bdb00d4da0a75e895717,27579a5b-d52e-4b3a-b266-e21f946cedaf
567,4,0.0,2026-08-19T05:53:09.944994+00:00,8c7e18eba1488dd5a7d4bdb00d4da0a75e895717,27579a5b-d52e-4b3a-b266-e21f946cedaf
567,5,0.0,2026-08-19T05:53:09.944994+00:00,8c7e18eba1488dd5a7d4bdb00d4da0a75e895717,27579a5b-d52e-4b3a-b266-e21f946cedaf
567,6,0.0,2026-08-19T05:53:09.944994+00:00,8c7e18eba1488dd5a7d4bdb00d4da0a75e895717,27579a5b-d52e-4b3a-b266-e21f946cedaf
567,7,0.0,2026-08-19T05:53:09.944994+00:00,8c7e18eba1488dd5a7d4bdb00d4da0a75e895717,27579a5b-d52e-4b3a-b266-e21f946cedaf
567,8,0.0,2026-08-19T05:53:09.944994+00:00,8c7e18eba1488dd5a7d4bdb00d4da0a75e895717,27579a5b-d52e-4b3a-b266-e21f946cedaf
568,1,0.0,2026-08-19T05:53:09.944994+00:00,8c7e18eba1488dd5a7d4bdb00d4da0a75e895717,27579a5b-d52e-4b3a-b266-e21f946cedaf
568,2,0.0,2026-08-19T05:53:09.944994+00:00,8c7e18eba1488dd5a7d4bdb00d4da0a75e895717,27579a5b-d52e-4b3a-b266-e21f946cedaf
568,3,0.0,2026-08-19T05:53:09.944994+00:00,8c7e18eba1488dd5a7d4bdb00d4da0a75e895717,27579a5b-d52e-4b3a-b266-e21f946cedaf
568,4,0.0,2026-08-19T05:53:09.944994+00:00,8c7e18eba1488dd5a7d4bdb00d4da0a75e895717,27579a5b-d52e-4b3a-b266-e21f946cedaf
568,5,0.0,2026-08-19T05:53:09.944994+00:00,8c7e18eba1488dd5a7d4bdb00d4da0a75e895717,27579a5b-d52e-4b3a-b266-e21f946cedaf
568,6,0.0,2026-08-19T05:53:09.944994+00:00,8c7e18eba1488dd5a7d4bdb00d4da0a75e895717,27579a5b-d52e-4b3a-b266-e21f946cedaf
568,7,0.0,2026-08-19T05:53:09.944994+00:00,8c7e18eba1488dd5a7d4bdb00d4da0a75e895717,27579a5b-d52e-4b3a-b266-e21f946cedaf
568,8,0.0,2026-08-19T05:53:09.944994+00:00,8c7e18eba1488dd5a7d4bdb00d4da0a75e895717,27579a5b-d52e-4b3a-b266-e21f946cedaf
569,1,0.0,2026-08-19T05:53:09.944994+00:00,8c7e18eba1488dd5a7d4bdb00d4da0a75e895717,27579a5b-d52e-4b3a-b266-e21f946cedaf
569,2,0.0,2026-08-19T05:53:09.944994+00:00,8c7e18eba1488dd5a7d4bdb00d4da0a75e895717,27579a5b-d52e-4b3a-b266-e21f946cedaf
569,3,0.0,2026-08-19T05:53:09.944994+00:00,8c7e18eba1488dd5a7d4bdb00d4da0a75e895717,27579a5b-d52e-4b3a-b266-e21f946cedaf
569,4,0.0,2026-08-19T05:53:09.944994+00:00,8c7e18eba1488dd5a7d4bdb00d4da0a75e895717,27579a5b-d52e-4b3a-b266-e21f946cedaf
569,5,0.0,2026-08-19T05:53:09.944994+00:00,8c7e18eba1488dd5a7d4bdb00d4da0a75e895717,27579a5b-d52e-4b3a-b266-e21f946cedaf
569,6,0.0,2026-08-19T05:53:09.944994+00:00,8c7e18eba1488dd5a7d4bdb00d4da0a75e895717,27579a5b-d52e-4b3a-b266-e21f946cedaf
569,7,0.0,2026-08-19T05:53:09.944994+00:00,8c7e18eba1488dd5a7d4bdb00d4da0a75e895717,27579a5b-d52e-4b3a-b266-e21f946cedaf
569,8,0.0,2026-08-19T05:53:09.944994+00:00,8c7e18eba1488dd5a7d4bdb00d4da0a75e895717,27579a5b-d52e-4b3a-b266-e21f946cedaf
570,1,0.0,2026-08-19T05:53:09.944994+00:00,8c7e18eba1488dd5a7d4bdb00d4da0a75e895717,27579a5b-d52e-4b3a-b266-e21f946cedaf
570,2,0.0,2026-08-19T05:53:09.944994+00:00,8c7e18eba1488dd5a7d4bdb00d4da0a75e895717,27579a5b-d52e-4b3a-b266-e21f946cedaf
570,3,0.0,2026-08-19T05:53:09.944994+00:00,8c7e18eba1488dd5a7d4bdb00d4da0a75e895717,27579a5b-d52e-4b3a-b266-e21f946cedaf
570,4,0.0,2026-08-19T05:53:09.944994+00:00,8c7e18eba1488dd5a7d4bdb00d4da0a75e895717,27579a5b-d52e-4b3a-b266-e21f946cedaf
570,5,0.0,2026-08-19T05:53:09.944994+00:00,8c7e18eba1488dd5a7d4bdb00d4da0a75e895717,27579a5b-d52e-4b3a-b266-e21f946cedaf
570,6,0.0,2026-08-19T05:53:09.944994+00:00,8c7e18eba1488dd5a7d4bdb00d4da0a75e895717,27579a5b-d52e-4b3a-b266-e21f946cedaf
570,7,0.0,2026-08-19T05:53:09.944994+00:00,8c7e18eba1488dd5a7d4bdb00d4da0a75e895717,27579a5b-d52e-4b3a-b266-e21f946cedaf
570,8,0.0,2026-08-19T05:53:09.944994+00:00,8c7e18eba1488dd5a7d4bdb00d4da0a75e895717,27579a5b-d52e-4b3a-b266-e21f946cedaf
571,1,0.0,2026-08-19T05:53:09.944994+00:00,8c7e18eba1488dd5a7d4bdb00d4da0a75e895717,27579a5b-d52e-4b3a-b266-e21f946cedaf
571,2,0.0,2026-08-19T05:53:09.944994+00:00,8c7e18eba1488dd5a7d4bdb00d4da0a75e895717,27579a5b-d52e-4b3a-b266-e21f946cedaf
571,3,0.0,2026-08-19T05:53:09.944994+00:00,8c7e18eba1488dd5a7d4bdb00d4da0a75e895717,27579a5b-d52e-4b3a-b266-e21f946cedaf
571,4,0.0,2026-08-19T05:53:09.944994+00:00,8c7e18eba1488dd5a7d4bdb00d4da0a75e895717,27579a5b-d52e-4b3a-b266-e21f946cedaf
571,5,0.0,2026-08-19T05:53:09.944994+00:00,8c7e18eba1488dd5a7d4bdb00d4da0a75e895717,27579a5b-d52e-4b3a-b266-e21f946cedaf
571,6,0.0,2026-08-19T05:53:09.944994+00:00,8c7e18eba1488dd5a7d4bdb00d4da0a75e895717,27579a5b-d52e-4b3a-b266-e21f946cedaf
571,7,0.0,2026-08-19T05:53:09.944994+00:00,8c7e18eba1488dd5a7d4bdb00d4da0a75e895717,27579a5b-d52e-4b3a-b266-e21f946cedaf
571,8,0.0,2026-08-19T05:53:09.944994+00:00,8c7e18eba1488dd5a7d4bdb00d4da0a75e895717,27579a5b-d52e-4b3a-b266-e21f946cedaf
572,1,0.0,2026-08-19T05:53:09.944994+00:00,8c7e18eba1488dd5a7d4bdb00d4da0a75e895717,27579a5b-d52e-4b3a-b266-e21f946cedaf
572,2,0.0,2026-08-19T05:53:09.944994+00:00,8c7e18eba1488dd5a7d4bdb00d4da0a75e895717,27579a5b-d52e-4b3a-b266-e21f946cedaf
572,3,0.0,2026-08-19T05:53:09.944994+00:00,8c7e18eba1488dd5a7d4bdb00d4da0a75e895717,27579a5b-d52e-4b3a-b266-e21f946cedaf
572,4,0.0,2026-08-19T05:53:09.944994+00:00,8c7e18eba1488dd5a7d4bdb00d4da0a75e895717,27579a5b-d52e-4b3a-b266-e21f946cedaf
572,5,0.0,2026-08-19T05:53:09.944994+00:00,8c7e18eba1488dd5a7d4bdb00d4da0a75e895717,27579a5b-d52e-4b3a-b266-e21f946cedaf
572,6,0.0,2026-08-19T05:53:09.944994+00:00,8c7e18eba1488dd5a7d4bdb00d4da0a75e895717,27579a5b-d52e-4b3a-b266-e21f946cedaf
572,7,0.0,2026-08-19T05:53:09.944994+00:00,8c7e18eba1488dd5a7d4bdb00d4da0a75e895717,27579a5b-d52e-4b3a-b266-e21f946cedaf
572,8,0.0,2026-08-19T05:53:09.944994+00:00,8c7e18eba1488dd5a7d4bdb00d4da0a75e895717,27579a5b-d52e-4b3a-b266-e21f946cedaf
573,1,0.0,2026-08-19T05:53:09.944994+00:00,8c7e18eba1488dd5a7d4bdb00d4da0a75e895717,27579a5b-d52e-4b3a-b266-e21f946cedaf
573,2,0.0,2026-08-19T05:53:09.944994+00:00,8c7e18eba1488dd5a7d4bdb00d4da0a75e895717,27579a5b-d52e-4b3a-b266-e21f946cedaf
573,3,0.0,2026-08-19T05:53:09.944994+00:00,8c7e18eba1488dd5a7d4bdb00d4da0a75e895717,27579a5b-d52e-4b3a-b266-e21f946cedaf
573,4,0.0,2026-08-19T05:53:09.944994+00:00,8c7e18eba1488dd5a7d4bdb00d4da0a75e895717,27579a5b-d52e-4b3a-b266-e21f946cedaf
573,5,0.0,2026-08-19T05:53:09.944994+00:00,8c7e18eba1488dd5a7d4bdb00d4da0a75e895717,27579a5b-d52e-4b3a-b266-e21f946cedaf
573,6,0.0,2026-08-19T05:53:09.944994+00:00,8c7e18eba1488dd5a7d4bdb00d4da0a75e895717,27579a5b-d52e-4b3a-b266-e21f946cedaf
573,7,0.0,2026-08-19T05:53:09.944994+00:00,8c7e18eba1488dd5a7d4bdb00d4da0a75e895717,27579a5b-d52e-4b3a-b266-e21f946cedaf
573,8,0.0,2026-08-19T05:53:09.944994+00:00,8c7e18eba1488dd5a7d4bdb00d4da0a75e895717,27579a5b-d52e-4b3a-b266-e21f946cedaf
574,1,0.0,2026-08-19T05:53:09.944994+00:00,8c7e18eba1488dd5a7d4bdb00d4da0a75e895717,27579a5b-d52e-4b3a-b266-e21f946cedaf
574,2,0.0,2026-08-19T05:53:09.944994+00:00,8c7e18eba1488dd5a7d4bdb00d4da0a75e895717,27579a5b-d52e-4b3a-b266-e21f946cedaf
574,3,0.0,2026-08-19T05:53:09.944994+00:00,8c7e18eba1488dd5a7d4bdb00d4da0a75e895717,27579a5b-d52e-4b3a-b266-e21f946cedaf
574,4,0.0,2026-08-19T05:53:09.944994+00:00,8c7e18eba1488dd5a7d4bdb00d4da0a75e895717,27579a5b-d52e-4b3a-b266-e21f946cedaf
574,5,0.0,2026-08-19T05:53:09.944994+00:00,8c7e18eba1488dd5a7d4bdb00d4da0a75e895717,27579a5b-d52e-4b3a-b266-e21f946cedaf
574,6,0.0,2026-08-19T05:53:09.944994+00:00,8c7e18eba1488dd5a7d4bdb00d4da0a75e895717,27579a5b-d52e-4b3a-b266-e21f946cedaf
574,7,0.0,2026-08-19T05:53:09.944994+00:00,8c7e18eba1488dd5a7d4bdb00d4da0a75e895717,27579a5b-d52e-4b3a-b266-e21f946cedaf
574,8,0.0,2026-08-19T05:53:09.944994+00:00,8c7e18eba1488dd5a7d4bdb00d4da0a75e895717,27579a5b-d52e-4b3a-b266-e21f946cedaf
575,1,0.0,2026-08-19T05:53:09.944994+00:00,8c7e18eba1488dd5a7d4bdb00d4da0a75e895717,27579a5b-d52e-4b3a-b266-e21f946cedaf
575,2,0.0,2026-08-19T05:53:09.944994+00:00,8c7e18eba1488dd5a7d4bdb00d4da0a75e895717,27579a5b-d52e-4b3a-b266-e21f946cedaf
575,3,0.0,2026-08-19T05:53:09.944994+00:00,8c7e18eba1488dd5a7d4bdb00d4da0a75e895717,27579a5b-d52e-4b3a-b266-e21f946cedaf
575,4,0.0,2026-08-19T05:53:09.944994+00:00,8c7e18eba1488dd5a7d4bdb00d4da0a75e895717,27579a5b-d52e-4b3a-b266-e21f946cedaf
575,5,0.0,2026-08-19T05:53:09.944994+00:00,8c7e18eba1488dd5a7d4bdb00d4da0a75e895717,27579a5b-d52e-4b3a-b266-e21f946cedaf
575,6,0.0,2026-08-19T05:53:09.944994+00:00,8c7e18eba1488dd5a7d4bdb00d4da0a75e895717,27579a5b-d52e-4b3a-b266-e21f946cedaf
575,7,0.0,2026-08-19T05:53:09.944994+00:00,8c7e18eba1488dd5a7d4bdb00d4da0a75e895717,27579a5b-d52e-4b3a-b266-e21f946cedaf
575,8,0.0,2026-08-19T05:53:09.944994+00:00,8c7e18eba1488dd5a7d4bdb00d4da0a75e895717,27579a5b-d52e-4b3a-b266-e21f946cedaf
576,1,0.0,2026-08-19T05:53:09.944994+00:00,8c7e18eba1488dd5a7d4bdb00d4da0a75e895717,27579a5b-d52e-4b3a-b266-e21f946cedaf
576,2,0.0,2026-08-19T05:53:09.944994+00:00,8c7e18eba1488dd5a7d4bdb00d4da0a75e895717,27579a5b-d52e-4b3a-b266-e21f946cedaf
576,3,0.0,2026-08-19T05:53:09.944994+00:00,8c7e18eba1488dd5a7d4bdb00d4da0a75e895717,27579a5b-d52e-4b3a-b266-e21f946cedaf
576,4,0.0,2026-08-19T05:53:09.944994+00:00,8c7e18eba1488dd5a7d4bdb00d4da0a75e895717,27579a5b-d52e-4b3a-b266-e21f946cedaf
576,5,0.0,2026-08-19T05:53:09.944994+00:00,8c7e18eba1488dd5a7d4bdb00d4da0a75e895717,27579a5b-d52e-4b3a-b266-e21f946cedaf
576,6,0.0,2026-08-19T05:53:09.944994+00:00,8c7e18eba1488dd5a7d4bdb00d4da0a75e895717,27579a5b-d52e-4b3a-b266-e21f946cedaf
576,7,0.0,2026-08-19T05:53:09.944994+00:00,8c7e18eba1488dd5a7d4bdb00d4da0a75e895717,27579a5b-d52e-4b3a-b266-e21f946cedaf
576,8,0.0,2026-08-19T05:53:09.944994+00:00,8c7e18eba1488dd5a7d4bdb00d4da0a75e895717,27579a5b-d52e-4b3a-b266-e21f946cedaf
577,1,0.0,2026-08-19T05:53:09.944994+00:00,8c7e18eba1488dd5a7d4bdb00d4da0a75e895717,27579a5b-d52e-4b3a-b266-e21f946cedaf
577,2,0.0,2026-08-19T05:53:09.944994+00:00,8c7e18eba1488dd5a7d4bdb00d4da0a75e895717,27579a5b-d52e-4b3a-b266-e21f946cedaf
577,3,0.0,2026-08-19T05:53:09.944994+00:00,8c7e18eba1488dd5a7d4bdb00d4da0a75e895717,27579a5b-d52e-4b3a-b266-e21f946cedaf
577,4,0.0,2026-08-19T05:53:09.944994+00:00,8c7e18eba1488dd5a7d4bdb00d4da0a75e895717,27579a5b-d52e-4b3a-b266-e21f946cedaf
577,5,0.0,2026-08-19T05:53:09.944994+00:00,8c7e18eba1488dd5a7d4bdb00d4da0a75e895717,27579a5b-d52e-4b3a-b266-e21f946cedaf
577,6,0.0,2026-08-19T05:53:09.944994+00:00,8c7e18eba1488dd5a7d4bdb00d4da0a75e895717,27579a5b-d52e-4b3a-b266-e21f946cedaf
577,7,0.0,2026-08-19T05:53:09.944994+00:00,8c7e18eba1488dd5a7d4bdb00d4da0a75e895717,27579a5b-d52e-4b3a-b266-e21f946cedaf
577,8,0.0,2026-08-19T05:53:09.944994+00:00,8c7e18eba1488dd5a7d4bdb00d4da0a75e895717,27579a5b-d52e-4b3a-b266-e21f946cedaf
578,1,0.0,2026-08-19T05:53:09.944994+00:00,8c7e18eba1488dd5a7d4bdb00d4da0a75e895717,27579a5b-d52e-4b3a-b266-e21f946cedaf
578,2,0.0,2026-08-19T05:53:09.944994+00:00,8c7e18eba1488dd5a7d4bdb00d4da0a75e895717,27579a5b-d52e-4b3a-b266-e21f946cedaf
578,3,0.0,2026-08-19T05:53:09.944994+00:00,8c7e18eba1488dd5a7d4bdb00d4da0a75e895717,27579a5b-d52e-4b3a-b266-e21f946cedaf
578,4,0.0,2026-08-19T05:53:09.944994+00:00,8c7e18eba1488dd5a7d4bdb00d4da0a75e895717,27579a5b-d52e-4b3a-b266-e21f946cedaf
578,5,0.0,2026-08-19T05:53:09.944994+00:00,8c7e18eba1488dd5a7d4bdb00d4da0a75e895717,27579a5b-d52e-4b3a-b266-e21f946cedaf
578,6,0.0,2026-08-19T05:53:09.944994+00:00,8c7e18eba1488dd5a7d4bdb00d4da0a75e895717,27579a5b-d52e-4b3a-b266-e21f946cedaf
578,7,0.0,2026-08-19T05:53:09.944994+00:00,8c7e18eba1488dd5a7d4bdb00d4da0a75e895717,27579a5b-d52e-4b3a-b266-e21f946cedaf
578,8,0.0,2026-08-19T05:53:09.944994+00:00,8c7e18eba1488dd5a7d4bdb00d4da0a75e895717,27579a5b-d52e-4b3a-b266-e21f946cedaf
579,1,0.0,2026-08-19T05:53:09.944994+00:00,8c7e18eba1488dd5a7d4bdb00d4da0a75e895717,27579a5b-d52e-4b3a-b266-e21f946cedaf
579,2,0.0,2026-08-19T05:53:09.944994+00:00,8c7e18eba1488dd5a7d4bdb00d4da0a75e895717,27579a5b-d52e-4b3a-b266-e21f946cedaf
579,3,0.0,2026-08-19T05:53:09.944994+00:00,8c7e18eba1488dd5a7d4bdb00d4da0a75e895717,27579a5b-d52e-4b3a-b266-e21f946cedaf
579,4,0.0,2026-08-19T05:53:09.944994+00:00,8c7e18eba1488dd5a7d4bdb00d4da0a75e895717,27579a5b-d52e-4b3a-b266-e21f946cedaf
579,5,0.0,2026-08-19T05:53:09.944994+00:00,8c7e18eba1488dd5a7d4bdb00d4da0a75e895717,27579a5b-d52e-4b3a-b266-e21f946cedaf
579,6,0.0,2026-08-19T05:53:09.944994+00:00,8c7e18eba1488dd5a7d4bdb00d4da0a75e895717,27579a5b-d52e-4b3a-b266-e21f946cedaf
579,7,0.0,2026-08-19T05:53:09.944994+00:00,8c7e18eba1488dd5a7d4bdb00d4da0a75e895717,27579a5b-d52e-4b3a-b266-e21f946cedaf
579,8,0.0,2026-08-19T05:53:09.944994+00:00,8c7e18eba1488dd5a7d4bdb00d4da0a75e895717,27579a5b-d52e-4b3a-b266-e21f946cedaf
580,1,0.0,2026-08-19T05:53:09.944994+00:00,8c7e18eba1488dd5a7d4bdb00d4da0a75e895717,27579a5b-d52e-4b3a-b266-e21f946cedaf
580,2,0.0,2026-08-19T05:53:09.944994+00:00,8c7e18eba1488dd5a7d4bdb00d4da0a75e895717,27579a5b-d52e-4b3a-b266-e21f946cedaf
580,3,0.0,2026-08-19T05:53:09.944994+00:00,8c7e18eba1488dd5a7d4bdb00d4da0a75e895717,27579a5b-d52e-4b3a-b266-e21f946cedaf
580,4,0.0,2026-08-19T05:53:09.944994+00:00,8c7e18eba1488dd5a7d4bdb00d4da0a75e895717,27579a5b-d52e-4b3a-b266-e21f946cedaf
580,5,0.0,2026-08-19T05:53:09.944994+00:00,8c7e18eba1488dd5a7d4bdb00d4da0a75e895717,27579a5b-d52e-4b3a-b266-e21f946cedaf
580,6,0.0,2026-08-19T05:53:09.944994+00:00,8c7e18eba1488dd5a7d4bdb00d4da0a75e895717,27579a5b-d52e-4b3a-b266-e21f946cedaf
580,7,0.0,2026-08-19T05:53:09.944994+00:00,8c7e18eba1488dd5a7d4bdb00d4da0a75e895717,27579a5b-d52e-4b3a-b266-e21f946cedaf
580,8,0.0,2026-08-19T05:53:09.944994+00:00,8c7e18eba1488dd5a7d4bdb00d4da0a75e895717,27579a5b-d52e-4b3a-b266-e21f946cedaf
581,1,0.0,2026-08-19T05:53:09.944994+00:00,8c7e18eba1488dd5a7d4bdb00d4da0a75e895717,27579a5b-d52e-4b3a-b266-e21f946cedaf
581,2,0.0,2026-08-19T05:53:09.944994+00:00,8c7e18eba1488dd5a7d4bdb00d4da0a75e895717,27579a5b-d52e-4b3a-b266-e21f946cedaf
581,3,0.0,2026-08-19T05:53:09.944994+00:00,8c7e18eba1488dd5a7d4bdb00d4da0a75e895717,27579a5b-d52e-4b3a-b266-e21f946cedaf
581,4,0.0,2026-08-19T05:53:09.944994+00:00,8c7e18eba1488dd5a7d4bdb00d4da0a75e895717,27579a5b-d52e-4b3a-b266-e21f946cedaf
581,5,0.0,2026-08-19T05:53:09.944994+00:00,8c7e18eba1488dd5a7d4bdb00d4da0a75e895717,27579a5b-d52e-4b3a-b266-e21f946cedaf
581,6,0.0,2026-08-19T05:53:09.944994+00:00,8c7e18eba1488dd5a7d4bdb00d4da0a75e895717,27579a5b-d52e-4b3a-b266-e21f946cedaf
581,7,0.0,2026-08-19T05:53:09.944994+00:00,8c7e18eba1488dd5a7d4bdb00d4da0a75e895717,27579a5b-d52e-4b3a-b266-e21f946cedaf
581,8,0.0,2026-08-19T05:53:09.944994+00:00,8c7e18eba1488dd5a7d4bdb00d4da0a75e895717,27579a5b-d52e-4b3a-b266-e21f946cedaf
582,1,0.0,2026-08-19T05:53:09.944994+00:00,8c7e18eba1488dd5a7d4bdb00d4da0a75e895717,27579a5b-d52e-4b3a-b266-e21f946cedaf
582,2,0.0,2026-08-19T05:53:09.944994+00:00,8c7e18eba1488dd5a7d4bdb00d4da0a75e895717,27579a5b-d52e-4b3a-b266-e21f946cedaf
582,3,0.0,2026-08-19T05:53:09.944994+00:00,8c7e18eba1488dd5a7d4bdb00d4da0a75e895717,27579a5b-d52e-4b3a-b266-e21f946cedaf
582,4,0.0,2026-08-19T05:53:09.944994+00:00,8c7e18eba1488dd5a7d4bdb00d4da0a75e895717,27579a5b-d52e-4b3a-b266-e21f946cedaf
582,5,0.0,2026-08-19T05:53:09.944994+00:00,8c7e18eba1488dd5a7d4bdb00d4da0a75e895717,27579a5b-d52e-4b3a-b266-e21f946cedaf
582,6,0.0,2026-08-19T05:53:09.944994+00:00,8c7e18eba1488dd5a7d4bdb00d4da0a75e895717,27579a5b-d52e-4b3a-b266-e21f946cedaf
582,7,0.0,2026-08-19T05:53:09.944994+00:00,8c7e18eba1488dd5a7d4bdb00d4da0a75e895717,27579a5b-d52e-4b3a-b266-e21f946cedaf
582,8,0.0,2026-08-19T05:53:09.944994+00:00,8c7e18eba1488dd5a7d4bdb00d4da0a75e895717,27579a5b-d52e-4b3a-b266-e21f946cedaf
583,1,0.0,2026-08-19T05:53:09.944994+00:00,8c7e18eba1488dd5a7d4bdb00d4da0a75e895717,27579a5b-d52e-4b3a-b266-e21f946cedaf
583,2,0.0,2026-08-19T05:53:09.944994+00:00,8c7e18eba1488dd5a7d4bdb00d4da0a75e895717,27579a5b-d52e-4b3a-b266-e21f946cedaf
583,3,0.0,2026-08-19T05:53:09.944994+00:00,8c7e18eba1488dd5a7d4bdb00d4da0a75e895717,27579a5b-d52e-4b3a-b266-e21f946cedaf
583,4,0.0,2026-08-19T05:53:09.944994+00:00,8c7e18eba1488dd5a7d4bdb00d4da0a75e895717,27579a5b-d52e-4b3a-b266-e21f946cedaf
583,5,0.0,2026-08-19T05:53:09.944994+00:00,8c7e18eba1488dd5a7d4bdb00d4da0a75e895717,27579a5b-d52e-4b3a-b266-e21f946cedaf
583,6,0.0,2026-08-19T05:53:09.944994+00:00,8c7e18eba1488dd5a7d4bdb00d4da0a75e895717,27579a5b-d52e-4b3a-b266-e21f946cedaf
583,7,0.0,2026-08-19T05:53:09.944994+00:00,8c7e18eba1488dd5a7d4bdb00d4da0a75e895717,27579a5b-d52e-4b3a-b266-e21f946cedaf
583,8,0.0,2026-08-19T05:53:09.944994+00:00,8c7e18eba1488dd5a7d4bdb00d4da0a75e895717,27579a5b-d52e-4b3a-b266-e21f946cedaf
584,1,0.0,2026-08-19T05:53:09.944994+00:00,8c7e18eba1488dd5a7d4bdb00d4da0a75e895717,27579a5b-d52e-4b3a-b266-e21f946cedaf
584,2,0.0,2026-08-19T05:53:09.944994+00:00,8c7e18eba1488dd5a7d4bdb00d4da0a75e895717,27579a5b-d52e-4b3a-b266-e21f946cedaf
584,3,0.0,2026-08-19T05:53:09.944994+00:00,8c7e18eba1488dd5a7d4bdb00d4da0a75e895717,27579a5b-d52e-4b3a-b266-e21f946cedaf
584,4,0.0,2026-08-19T05:53:09.944994+00:00,8c7e18eba1488dd5a7d4bdb00d4da0a75e895717,27579a5b-d52e-4b3a-b266-e21f946cedaf
584,5,0.0,2026-08-19T05:53:09.944994+00:00,8c7e18eba1488dd5a7d4bdb00d4da0a75e895717,27579a5b-d52e-4b3a-b266-e21f946cedaf
584,6,0.0,2026-08-19T05:53:09.944994+00:00,8c7e18eba1488dd5a7d4bdb00d4da0a75e895717,27579a5b-d52e-4b3a-b266-e21f946cedaf
584,7,0.0,2026-08-19T05:53:09.944994+00:00,8c7e18eba1488dd5a7d4bdb00d4da0a75e895717,27579a5b-d52e-4b3a-b266-e21f946cedaf
584,8,0.0,2026-08-19T05:53:09.944994+00:00,8c7e18eba1488dd5a7d4bdb00d4da0a75e895717,27579a5b-d52e-4b3a-b266-e21f946cedaf
585,1,0.0,2026-08-19T05:53:09.944994+00:00,8c7e18eba1488dd5a7d4bdb00d4da0a75e895717,27579a5b-d52e-4b3a-b266-e21f946cedaf
585,2,0.0,2026-08-19T05:53:09.944994+00:00,8c7e18eba1488dd5a7d4bdb00d4da0a75e895717,27579a5b-d52e-4b3a-b266-e21f946cedaf
585,3,0.0,2026-08-19T05:53:09.944994+00:00,8c7e18eba1488dd5a7d4bdb00d4da0a75e895717,27579a5b-d52e-4b3a-b266-e21f946cedaf
585,4,0.0,2026-08-19T05:53:09.944994+00:00,8c7e18eba1488dd5a7d4bdb00d4da0a75e895717,27579a5b-d52e-4b3a-b266-e21f946cedaf
585,5,0.0,2026-08-19T05:53:09.944994+00:00,8c7e18eba1488dd5a7d4bdb00d4da0a75e895717,27579a5b-d52e-4b3a-b266-e21f946cedaf
585,6,0.0,2026-08-19T05:53:09.944994+00:00,8c7e18eba1488dd5a7d4bdb00d4da0a75e895717,27579a5b-d52e-4b3a-b266-e21f946cedaf
585,7,0.0,2026-08-19T05:53:09.944994+00:00,8c7e18eba1488dd5a7d4bdb00d4da0a75e895717,27579a5b-d52e-4b3a-b266-e21f946cedaf
585,8,0.0,2026-08-19T05:53:09.944994+00:00,8c7e18eba1488dd5a7d4bdb00d4da0a75e895717,27579a5b-d52e-4b3a-b266-e21f946cedaf
586,1,0.0,2026-08-19T05:53:09.944994+00:00,8c7e18eba1488dd5a7d4bdb00d4da0a75e895717,27579a5b-d52e-4b3a-b266-e21f946cedaf
586,2,0.0,2026-08-19T05:53:09.944994+00:00,8c7e18eba1488dd5a7d4bdb00d4da0a75e895717,27579a5b-d52e-4b3a-b266-e21f946cedaf
586,3,0.0,2026-08-19T05:53:09.944994+00:00,8c7e18eba1488dd5a7d4bdb00d4da0a75e895717,27579a5b-d52e-4b3a-b266-e21f946cedaf
586,4,0.0,2026-08-19T05:53:09.944994+00:00,8c7e18eba1488dd5a7d4bdb00d4da0a75e895717,27579a5b-d52e-4b3a-b266-e21f946cedaf
586,5,0.0,2026-08-19T05:53:09.944994+00:00,8c7e18eba1488dd5a7d4bdb00d4da0a75e895717,27579a5b-d52e-4b3a-b266-e21f946cedaf
586,6,0.0,2026-08-19T05:53:09.944994+00:00,8c7e18eba1488dd5a7d4bdb00d4da0a75e895717,27579a5b-d52e-4b3a-b266-e21f946cedaf
586,7,0.0,2026-08-19T05:53:09.944994+00:00,8c7e18eba1488dd5a7d4bdb00d4da0a75e895717,27579a5b-d52e-4b3a-b266-e21f946cedaf
586,8,0.0,2026-08-19T05:53:09.944994+00:00,8c7e18eba1488dd5a7d4bdb00d4da0a75e895717,27579a5b-d52e-4b3a-b266-e21f946cedaf
587,1,0.0,2026-08-19T05:53:09.944994+00:00,8c7e18eba1488dd5a7d4bdb00d4da0a75e895717,27579a5b-d52e-4b3a-b266-e21f946cedaf
587,2,0.0,2026-08-19T05:53:09.944994+00:00,8c7e18eba1488dd5a7d4bdb00d4da0a75e895717,27579a5b-d52e-4b3a-b266-e21f946cedaf
587,3,0.0,2026-08-19T05:53:09.944994+00:00,8c7e18eba1488dd5a7d4bdb00d4da0a75e895717,27579a5b-d52e-4b3a-b266-e21f946cedaf
587,4,0.0,2026-08-19T05:53:09.944994+00:00,8c7e18eba1488dd5a7d4bdb00d4da0a75e895717,27579a5b-d52e-4b3a-b266-e21f946cedaf
587,5,0.0,2026-08-19T05:53:09.944994+00:00,8c7e18eba1488dd5a7d4bdb00d4da0a75e895717,27579a5b-d52e-4b3a-b266-e21f946cedaf
587,6,0.0,2026-08-19T05:53:09.944994+00:00,8c7e18eba1488dd5a7d4bdb00d4da0a75e895717,27579a5b-d52e-4b3a-b266-e21f946cedaf
587,7,0.0,2026-08-19T05:53:09.944994+00:00,8c7e18eba1488dd5a7d4bdb00d4da0a75e895717,27579a5b-d52e-4b3a-b266-e21f946cedaf
587,8,0.0,2026-08-19T05:53:09.944994+00:00,8c7e18eba1488dd5a7d4bdb00d4da0a75e895717,27579a5b-d52e-4b3a-b266-e21f946cedaf
588,1,0.0,2026-08-19T05:53:09.944994+00:00,8c7e18eba1488dd5a7d4bdb00d4da0a75e895717,27579a5b-d52e-4b3a-b266-e21f946cedaf
588,2,0.0,2026-08-19T05:53:09.944994+00:00,8c7e18eba1488dd5a7d4bdb00d4da0a75e895717,27579a5b-d52e-4b3a-b266-e21f946cedaf
588,3,0.0,2026-08-19T05:53:09.944994+00:00,8c7e18eba1488dd5a7d4bdb00d4da0a75e895717,27579a5b-d52e-4b3a-b266-e21f946cedaf
588,4,0.0,2026-08-19T05:53:09.944994+00:00,8c7e18eba1488dd5a7d4bdb00d4da0a75e895717,27579a5b-d52e-4b3a-b266-e21f946cedaf
588,5,0.0,2026-08-19T05:53:09.944994+00:00,8c7e18eba1488dd5a7d4bdb00d4da0a75e895717,27579a5b-d52e-4b3a-b266-e21f946cedaf
588,6,0.0,2026-08-19T05:53:09.944994+00:00,8c7e18eba1488dd5a7d4bdb00d4da0a75e895717,27579a5b-d52e-4b3a-b266-e21f946cedaf
588,7,0.0,2026-08-19T05:53:09.944994+00:00,8c7e18eba1488dd5a7d4bdb00d4da0a75e895717,27579a5b-d52e-4b3a-b266-e21f946cedaf
588,8,0.0,2026-08-19T05:53:09.944994+00:00,8c7e18eba1488dd5a7d4bdb00d4da0a75e895717,27579a5b-d52e-4b3a-b266-e21f946cedaf
589,1,0.0,2026-08-19T05:53:09.944994+00:00,8c7e18eba1488dd5a7d4bdb00d4da0a75e895717,27579a5b-d52e-4b3a-b266-e21f946cedaf
589,2,0.0,2026-08-19T05:53:09.944994+00:00,8c7e18eba1488dd5a7d4bdb00d4da0a75e895717,27579a5b-d52e-4b3a-b266-e21f946cedaf
589,3,0.0,2026-08-19T05:53:09.944994+00:00,8c7e18eba1488dd5a7d4bdb00d4da0a75e895717,27579a5b-d52e-4b3a-b266-e21f946cedaf
589,4,0.0,2026-08-19T05:53:09.944994+00:00,8c7e18eba1488dd5a7d4bdb00d4da0a75e895717,27579a5b-d52e-4b3a-b266-e21f946cedaf
589,5,0.0,2026-08-19T05:53:09.944994+00:00,8c7e18eba1488dd5a7d4bdb00d4da0a75e895717,27579a5b-d52e-4b3a-b266-e21f946cedaf
589,6,0.0,2026-08-19T05:53:09.944994+00:00,8c7e18eba1488dd5a7d4bdb00d4da0a75e895717,27579a5b-d52e-4b3a-b266-e21f946cedaf
589,7,0.0,2026-08-19T05:53:09.944994+00:00,8c7e18eba1488dd5a7d4bdb00d4da0a75e895717,27579a5b-d52e-4b3a-b266-e21f946cedaf
589,8,0.0,2026-08-19T05:53:09.944994+00:00,8c7e18eba1488dd5a7d4bdb00d4da0a75e895717,27579a5b-d52e-4b3a-b266-e21f946cedaf
590,1,0.0,2026-08-19T05:53:09.944994+00:00,8c7e18eba1488dd5a7d4bdb00d4da0a75e895717,27579a5b-d52e-4b3a-b266-e21f946cedaf
590,2,0.0,2026-08-19T05:53:09.944994+00:00,8c7e18eba1488dd5a7d4bdb00d4da0a75e895717,27579a5b-d52e-4b3a-b266-e21f946cedaf
590,3,0.0,2026-08-19T05:53:09.944994+00:00,8c7e18eba1488dd5a7d4bdb00d4da0a75e895717,27579a5b-d52e-4b3a-b266-e21f946cedaf
590,4,0.0,2026-08-19T05:53:09.944994+00:00,8c7e18eba1488dd5a7d4bdb00d4da0a75e895717,27579a5b-d52e-4b3a-b266-e21f946cedaf
590,5,0.0,2026-08-19T05:53:09.944994+00:00,8c7e18eba1488dd5a7d4bdb00d4da0a75e895717,27579a5b-d52e-4b3a-b266-e21f946cedaf
590,6,0.0,2026-08-19T05:53:09.944994+00:00,8c7e18eba1488dd5a7d4bdb00d4da0a75e895717,27579a5b-d52e-4b3a-b266-e21f946cedaf
590,7,0.0,2026-08-19T05:53:09.944994+00:00,8c7e18eba1488dd5a7d4bdb00d4da0a75e895717,27579a5b-d52e-4b3a-b266-e21f946cedaf
590,8,0.0,2026-08-19T05:53:09.944994+00:00,8c7e18eba1488dd5a7d4bdb00d4da0a75e895717,27579a5b-d52e-4b3a-b266-e21f946cedaf
591,1,0.0,2026-08-19T05:53:09.944994+00:00,8c7e18eba1488dd5a7d4bdb00d4da0a75e895717,27579a5b-d52e-4b3a-b266-e21f946cedaf
591,2,0.0,2026-08-19T05:53:09.944994+00:00,8c7e18eba1488dd5a7d4bdb00d4da0a75e895717,27579a5b-d52e-4b3a-b266-e21f946cedaf
591,3,0.0,2026-08-19T05:53:09.944994+00:00,8c7e18eba1488dd5a7d4bdb00d4da0a75e895717,27579a5b-d52e-4b3a-b266-e21f946cedaf
591,4,0.0,2026-08-19T05:53:09.944994+00:00,8c7e18eba1488dd5a7d4bdb00d4da0a75e895717,27579a5b-d52e-4b3a-b266-e21f946cedaf
591,5,0.0,2026-08-19T05:53:09.944994+00:00,8c7e18eba1488dd5a7d4bdb00d4da0a75e895717,27579a5b-d52e-4b3a-b266-e21f946cedaf
591,6,0.0,2026-08-19T05:53:09.944994+00:00,8c7e18eba1488dd5a7d4bdb00d4da0a75e895717,27579a5b-d52e-4b3a-b266-e21f946cedaf
591,7,0.0,2026-08-19T05:53:09.944994+00:00,8c7e18eba1488dd5a7d4bdb00d4da0a75e895717,27579a5b-d52e-4b3a-b266-e21f946cedaf
591,8,0.0,2026-08-19T05:53:09.944994+00:00,8c7e18eba1488dd5a7d4bdb00d4da0a75e895717,27579a5b-d52e-4b3a-b266-e21f946cedaf
592,1,0.0,2026-08-19T05:53:09.944994+00:00,8c7e18eba1488dd5a7d4bdb00d4da0a75e895717,27579a5b-d52e-4b3a-b266-e21f946cedaf
592,2,0.0,2026-08-19T05:53:09.944994+00:00,8c7e18eba1488dd5a7d4bdb00d4da0a75e895717,27579a5b-d52e-4b3a-b266-e21f946cedaf
592,3,0.0,2026-08-19T05:53:09.944994+00:00,8c7e18eba1488dd5a7d4bdb00d4da0a75e895717,27579a5b-d52e-4b3a-b266-e21f946cedaf
592,4,0.0,2026-08-19T05:53:09.944994+00:00,8c7e18eba1488dd5a7d4bdb00d4da0a75e895717,27579a5b-d52e-4b3a-b266-e21f946cedaf
592,5,0.0,2026-08-19T05:53:09.944994+00:00,8c7e18eba1488dd5a7d4bdb00d4da0a75e895717,27579a5b-d52e-4b3a-b266-e21f946cedaf
592,6,0.0,2026-08-19T05:53:09.944994+00:00,8c7e18eba1488dd5a7d4bdb00d4da0a75e895717,27579a5b-d52e-4b3a-b266-e21f946cedaf
592,7,0.0,2026-08-19T05:53:09.944994+00:00,8c7e18eba1488dd5a7d4bdb00d4da0a75e895717,27579a5b-d52e-4b3a-b266-e21f946cedaf
592,8,0.0,2026-08-19T05:53:09.944994+00:00,8c7e18eba1488dd5a7d4bdb00d4da0a75e895717,27579a5b-d52e-4b3a-b266-e21f946cedaf
